0 0 0 0 0 0 0 0 0 0 0 0 0 0 0 0 0 0 0 0 0 0 0 0 0 0 0 0 0 0 0 0 0 0 0 0 0 0 0 1 0 0 10 25 92 223 509 927 1398 1815 1661 1469 957 539 250 93 23 7 1 0 0 0 0 0 0 0 0 0 0 0 0 0 0 0 0 0 0 0 0 0 0 0 0 0 0 0 0 0 0 0 0 0 0 0 0 0 0 0 0 0
-1.000000 -0.980000 -0.960000 -0.940000 -0.920000 -0.900000 -0.880000 -0.860000 -0.840000 -0.820000 -0.800000 -0.780000 -0.760000 -0.740000 -0.720000 -0.700000 -0.680000 -0.660000 -0.640000 -0.620000 -0.600000 -0.580000 -0.560000 -0.540000 -0.520000 -0.500000 -0.480000 -0.460000 -0.440000 -0.420000 -0.400000 -0.380000 -0.360000 -0.340000 -0.320000 -0.300000 -0.280000 -0.260000 -0.240000 -0.220000 -0.200000 -0.180000 -0.160000 -0.140000 -0.120000 -0.100000 -0.080000 -0.060000 -0.040000 -0.020000 0.000000 0.020000 0.040000 0.060000 0.080000 0.100000 0.120000 0.140000 0.160000 0.180000 0.200000 0.220000 0.240000 0.260000 0.280000 0.300000 0.320000 0.340000 0.360000 0.380000 0.400000 0.420000 0.440000 0.460000 0.480000 0.500000 0.520000 0.540000 0.560000 0.580000 0.600000 0.620000 0.640000 0.660000 0.680000 0.700000 0.720000 0.740000 0.760000 0.780000 0.800000 0.820000 0.840000 0.860000 0.880000 0.900000 0.920000 0.940000 0.960000 0.980000 1.000000
0 0 0 0 0 0 0 0 0 0 0 0 0 0 0 0 0 0 0 0 0 0 0 0 0 0 0 0 0 0 0 0 0 0 0 0 2 2 0 3 11 35 75 148 291 435 659 932 1120 1230 1242 1174 921 701 448 287 151 83 34 8 6 2 0 0 0 0 0 0 0 0 0 0 0 0 0 0 0 0 0 0 0 0 0 0 0 0 0 0 0 0 0 0 0 0 0 0 0 0 0 0
-1.000000 -0.980000 -0.960000 -0.940000 -0.920000 -0.900000 -0.880000 -0.860000 -0.840000 -0.820000 -0.800000 -0.780000 -0.760000 -0.740000 -0.720000 -0.700000 -0.680000 -0.660000 -0.640000 -0.620000 -0.600000 -0.580000 -0.560000 -0.540000 -0.520000 -0.500000 -0.480000 -0.460000 -0.440000 -0.420000 -0.400000 -0.380000 -0.360000 -0.340000 -0.320000 -0.300000 -0.280000 -0.260000 -0.240000 -0.220000 -0.200000 -0.180000 -0.160000 -0.140000 -0.120000 -0.100000 -0.080000 -0.060000 -0.040000 -0.020000 0.000000 0.020000 0.040000 0.060000 0.080000 0.100000 0.120000 0.140000 0.160000 0.180000 0.200000 0.220000 0.240000 0.260000 0.280000 0.300000 0.320000 0.340000 0.360000 0.380000 0.400000 0.420000 0.440000 0.460000 0.480000 0.500000 0.520000 0.540000 0.560000 0.580000 0.600000 0.620000 0.640000 0.660000 0.680000 0.700000 0.720000 0.740000 0.760000 0.780000 0.800000 0.820000 0.840000 0.860000 0.880000 0.900000 0.920000 0.940000 0.960000 0.980000 1.000000
0 0 0 0 0 0 0 0 0 0 0 0 0 0 0 0 0 0 0 0 0 0 0 0 0 0 0 0 0 0 0 0 0 0 2 2 6 7 11 30 54 95 159 260 381 538 659 804 935 1044 1050 944 829 699 537 359 258 164 75 41 31 17 7 1 0 1 0 0 0 0 0 0 0 0 0 0 0 0 0 0 0 0 0 0 0 0 0 0 0 0 0 0 0 0 0 0 0 0 0 0
-1.000000 -0.980000 -0.960000 -0.940000 -0.920000 -0.900000 -0.880000 -0.860000 -0.840000 -0.820000 -0.800000 -0.780000 -0.760000 -0.740000 -0.720000 -0.700000 -0.680000 -0.660000 -0.640000 -0.620000 -0.600000 -0.580000 -0.560000 -0.540000 -0.520000 -0.500000 -0.480000 -0.460000 -0.440000 -0.420000 -0.400000 -0.380000 -0.360000 -0.340000 -0.320000 -0.300000 -0.280000 -0.260000 -0.240000 -0.220000 -0.200000 -0.180000 -0.160000 -0.140000 -0.120000 -0.100000 -0.080000 -0.060000 -0.040000 -0.020000 0.000000 0.020000 0.040000 0.060000 0.080000 0.100000 0.120000 0.140000 0.160000 0.180000 0.200000 0.220000 0.240000 0.260000 0.280000 0.300000 0.320000 0.340000 0.360000 0.380000 0.400000 0.420000 0.440000 0.460000 0.480000 0.500000 0.520000 0.540000 0.560000 0.580000 0.600000 0.620000 0.640000 0.660000 0.680000 0.700000 0.720000 0.740000 0.760000 0.780000 0.800000 0.820000 0.840000 0.860000 0.880000 0.900000 0.920000 0.940000 0.960000 0.980000 1.000000
0 0 0 0 0 0 0 0 0 0 0 0 0 0 0 0 0 0 0 0 0 0 0 0 0 0 0 0 0 0 0 0 0 2 3 8 16 21 38 54 108 171 221 302 414 511 671 755 834 846 920 856 754 689 510 421 288 222 146 100 57 27 14 11 4 2 1 3 0 0 0 0 0 0 0 0 0 0 0 0 0 0 0 0 0 0 0 0 0 0 0 0 0 0 0 0 0 0 0 0
-1.000000 -0.980000 -0.960000 -0.940000 -0.920000 -0.900000 -0.880000 -0.860000 -0.840000 -0.820000 -0.800000 -0.780000 -0.760000 -0.740000 -0.720000 -0.700000 -0.680000 -0.660000 -0.640000 -0.620000 -0.600000 -0.580000 -0.560000 -0.540000 -0.520000 -0.500000 -0.480000 -0.460000 -0.440000 -0.420000 -0.400000 -0.380000 -0.360000 -0.340000 -0.320000 -0.300000 -0.280000 -0.260000 -0.240000 -0.220000 -0.200000 -0.180000 -0.160000 -0.140000 -0.120000 -0.100000 -0.080000 -0.060000 -0.040000 -0.020000 0.000000 0.020000 0.040000 0.060000 0.080000 0.100000 0.120000 0.140000 0.160000 0.180000 0.200000 0.220000 0.240000 0.260000 0.280000 0.300000 0.320000 0.340000 0.360000 0.380000 0.400000 0.420000 0.440000 0.460000 0.480000 0.500000 0.520000 0.540000 0.560000 0.580000 0.600000 0.620000 0.640000 0.660000 0.680000 0.700000 0.720000 0.740000 0.760000 0.780000 0.800000 0.820000 0.840000 0.860000 0.880000 0.900000 0.920000 0.940000 0.960000 0.980000 1.000000
0 0 0 0 0 0 0 0 0 0 0 0 0 0 0 0 0 0 0 0 0 0 0 0 0 0 0 0 0 0 2 1 1 7 7 6 31 38 64 77 153 202 267 344 435 524 602 730 768 743 800 763 687 623 541 424 362 275 167 142 87 52 36 16 8 8 2 2 2 1 0 0 0 0 0 0 0 0 0 0 0 0 0 0 0 0 0 0 0 0 0 0 0 0 0 0 0 0 0 0
-1.000000 -0.980000 -0.960000 -0.940000 -0.920000 -0.900000 -0.880000 -0.860000 -0.840000 -0.820000 -0.800000 -0.780000 -0.760000 -0.740000 -0.720000 -0.700000 -0.680000 -0.660000 -0.640000 -0.620000 -0.600000 -0.580000 -0.560000 -0.540000 -0.520000 -0.500000 -0.480000 -0.460000 -0.440000 -0.420000 -0.400000 -0.380000 -0.360000 -0.340000 -0.320000 -0.300000 -0.280000 -0.260000 -0.240000 -0.220000 -0.200000 -0.180000 -0.160000 -0.140000 -0.120000 -0.100000 -0.080000 -0.060000 -0.040000 -0.020000 0.000000 0.020000 0.040000 0.060000 0.080000 0.100000 0.120000 0.140000 0.160000 0.180000 0.200000 0.220000 0.240000 0.260000 0.280000 0.300000 0.320000 0.340000 0.360000 0.380000 0.400000 0.420000 0.440000 0.460000 0.480000 0.500000 0.520000 0.540000 0.560000 0.580000 0.600000 0.620000 0.640000 0.660000 0.680000 0.700000 0.720000 0.740000 0.760000 0.780000 0.800000 0.820000 0.840000 0.860000 0.880000 0.900000 0.920000 0.940000 0.960000 0.980000 1.000000
0 0 0 0 0 0 0 0 0 0 0 0 0 0 0 0 0 0 0 0 0 0 0 0 0 0 0 2 0 0 1 5 4 9 15 27 39 56 84 115 144 225 275 396 425 520 625 633 697 764 700 696 609 622 498 461 352 283 233 168 118 67 44 36 20 14 10 1 6 1 0 0 0 0 0 0 0 0 0 0 0 0 0 0 0 0 0 0 0 0 0 0 0 0 0 0 0 0 0 0
-1.000000 -0.980000 -0.960000 -0.940000 -0.920000 -0.900000 -0.880000 -0.860000 -0.840000 -0.820000 -0.800000 -0.780000 -0.760000 -0.740000 -0.720000 -0.700000 -0.680000 -0.660000 -0.640000 -0.620000 -0.600000 -0.580000 -0.560000 -0.540000 -0.520000 -0.500000 -0.480000 -0.460000 -0.440000 -0.420000 -0.400000 -0.380000 -0.360000 -0.340000 -0.320000 -0.300000 -0.280000 -0.260000 -0.240000 -0.220000 -0.200000 -0.180000 -0.160000 -0.140000 -0.120000 -0.100000 -0.080000 -0.060000 -0.040000 -0.020000 0.000000 0.020000 0.040000 0.060000 0.080000 0.100000 0.120000 0.140000 0.160000 0.180000 0.200000 0.220000 0.240000 0.260000 0.280000 0.300000 0.320000 0.340000 0.360000 0.380000 0.400000 0.420000 0.440000 0.460000 0.480000 0.500000 0.520000 0.540000 0.560000 0.580000 0.600000 0.620000 0.640000 0.660000 0.680000 0.700000 0.720000 0.740000 0.760000 0.780000 0.800000 0.820000 0.840000 0.860000 0.880000 0.900000 0.920000 0.940000 0.960000 0.980000 1.000000
0 0 0 0 0 0 0 0 0 0 0 0 0 0 0 0 0 0 0 0 0 0 0 0 0 0 0 1 2 5 4 2 14 12 25 36 50 83 102 135 185 208 304 383 443 549 543 604 664 653 653 671 632 554 504 433 361 320 248 184 134 104 64 36 33 18 19 13 4 4 2 2 0 0 0 0 0 0 0 0 0 0 0 0 0 0 0 0 0 0 0 0 0 0 0 0 0 0 0 0
-1.000000 -0.980000 -0.960000 -0.940000 -0.920000 -0.900000 -0.880000 -0.860000 -0.840000 -0.820000 -0.800000 -0.780000 -0.760000 -0.740000 -0.720000 -0.700000 -0.680000 -0.660000 -0.640000 -0.620000 -0.600000 -0.580000 -0.560000 -0.540000 -0.520000 -0.500000 -0.480000 -0.460000 -0.440000 -0.420000 -0.400000 -0.380000 -0.360000 -0.340000 -0.320000 -0.300000 -0.280000 -0.260000 -0.240000 -0.220000 -0.200000 -0.180000 -0.160000 -0.140000 -0.120000 -0.100000 -0.080000 -0.060000 -0.040000 -0.020000 0.000000 0.020000 0.040000 0.060000 0.080000 0.100000 0.120000 0.140000 0.160000 0.180000 0.200000 0.220000 0.240000 0.260000 0.280000 0.300000 0.320000 0.340000 0.360000 0.380000 0.400000 0.420000 0.440000 0.460000 0.480000 0.500000 0.520000 0.540000 0.560000 0.580000 0.600000 0.620000 0.640000 0.660000 0.680000 0.700000 0.720000 0.740000 0.760000 0.780000 0.800000 0.820000 0.840000 0.860000 0.880000 0.900000 0.920000 0.940000 0.960000 0.980000 1.000000
0 0 0 0 0 0 0 0 0 0 0 0 0 0 0 0 0 0 0 0 0 0 0 0 0 0 0 2 4 3 9 10 14 20 35 46 65 79 121 172 181 260 330 378 441 488 540 570 631 623 599 608 602 561 480 429 374 301 262 197 169 119 83 62 37 29 18 20 12 6 5 1 3 1 0 0 0 0 0 0 0 0 0 0 0 0 0 0 0 0 0 0 0 0 0 0 0 0 0 0
-1.000000 -0.980000 -0.960000 -0.940000 -0.920000 -0.900000 -0.880000 -0.860000 -0.840000 -0.820000 -0.800000 -0.780000 -0.760000 -0.740000 -0.720000 -0.700000 -0.680000 -0.660000 -0.640000 -0.620000 -0.600000 -0.580000 -0.560000 -0.540000 -0.520000 -0.500000 -0.480000 -0.460000 -0.440000 -0.420000 -0.400000 -0.380000 -0.360000 -0.340000 -0.320000 -0.300000 -0.280000 -0.260000 -0.240000 -0.220000 -0.200000 -0.180000 -0.160000 -0.140000 -0.120000 -0.100000 -0.080000 -0.060000 -0.040000 -0.020000 0.000000 0.020000 0.040000 0.060000 0.080000 0.100000 0.120000 0.140000 0.160000 0.180000 0.200000 0.220000 0.240000 0.260000 0.280000 0.300000 0.320000 0.340000 0.360000 0.380000 0.400000 0.420000 0.440000 0.460000 0.480000 0.500000 0.520000 0.540000 0.560000 0.580000 0.600000 0.620000 0.640000 0.660000 0.680000 0.700000 0.720000 0.740000 0.760000 0.780000 0.800000 0.820000 0.840000 0.860000 0.880000 0.900000 0.920000 0.940000 0.960000 0.980000 1.000000
0 0 0 0 0 0 0 0 0 0 0 0 0 0 0 0 0 0 0 0 0 0 0 0 0 1 1 6 3 10 8 15 16 41 35 61 66 104 151 167 217 291 318 362 434 497 516 533 584 574 597 556 580 521 479 437 353 316 296 205 144 145 99 86 58 34 29 17 11 10 10 2 0 1 3 0 0 0 0 0 0 0 0 0 0 0 0 0 0 0 0 0 0 0 0 0 0 0 0 0
-1.000000 -0.980000 -0.960000 -0.940000 -0.920000 -0.900000 -0.880000 -0.860000 -0.840000 -0.820000 -0.800000 -0.780000 -0.760000 -0.740000 -0.720000 -0.700000 -0.680000 -0.660000 -0.640000 -0.620000 -0.600000 -0.580000 -0.560000 -0.540000 -0.520000 -0.500000 -0.480000 -0.460000 -0.440000 -0.420000 -0.400000 -0.380000 -0.360000 -0.340000 -0.320000 -0.300000 -0.280000 -0.260000 -0.240000 -0.220000 -0.200000 -0.180000 -0.160000 -0.140000 -0.120000 -0.100000 -0.080000 -0.060000 -0.040000 -0.020000 0.000000 0.020000 0.040000 0.060000 0.080000 0.100000 0.120000 0.140000 0.160000 0.180000 0.200000 0.220000 0.240000 0.260000 0.280000 0.300000 0.320000 0.340000 0.360000 0.380000 0.400000 0.420000 0.440000 0.460000 0.480000 0.500000 0.520000 0.540000 0.560000 0.580000 0.600000 0.620000 0.640000 0.660000 0.680000 0.700000 0.720000 0.740000 0.760000 0.780000 0.800000 0.820000 0.840000 0.860000 0.880000 0.900000 0.920000 0.940000 0.960000 0.980000 1.000000
0 0 0 0 0 0 0 0 0 0 0 0 0 0 0 0 0 0 0 0 0 0 0 2 0 0 5 6 4 9 13 19 23 39 51 79 81 131 144 187 222 297 318 378 409 458 486 593 573 549 535 567 549 461 458 414 355 320 274 208 190 167 103 93 60 61 39 19 18 10 11 7 0 1 2 1 1 0 0 0 0 0 0 0 0 0 0 0 0 0 0 0 0 0 0 0 0 0 0 0
-1.000000 -0.980000 -0.960000 -0.940000 -0.920000 -0.900000 -0.880000 -0.860000 -0.840000 -0.820000 -0.800000 -0.780000 -0.760000 -0.740000 -0.720000 -0.700000 -0.680000 -0.660000 -0.640000 -0.620000 -0.600000 -0.580000 -0.560000 -0.540000 -0.520000 -0.500000 -0.480000 -0.460000 -0.440000 -0.420000 -0.400000 -0.380000 -0.360000 -0.340000 -0.320000 -0.300000 -0.280000 -0.260000 -0.240000 -0.220000 -0.200000 -0.180000 -0.160000 -0.140000 -0.120000 -0.100000 -0.080000 -0.060000 -0.040000 -0.020000 0.000000 0.020000 0.040000 0.060000 0.080000 0.100000 0.120000 0.140000 0.160000 0.180000 0.200000 0.220000 0.240000 0.260000 0.280000 0.300000 0.320000 0.340000 0.360000 0.380000 0.400000 0.420000 0.440000 0.460000 0.480000 0.500000 0.520000 0.540000 0.560000 0.580000 0.600000 0.620000 0.640000 0.660000 0.680000 0.700000 0.720000 0.740000 0.760000 0.780000 0.800000 0.820000 0.840000 0.860000 0.880000 0.900000 0.920000 0.940000 0.960000 0.980000 1.000000
0 0 0 0 0 0 0 0 0 0 0 0 0 0 0 0 0 0 0 0 0 1 1 1 1 0 3 7 12 17 18 29 35 41 67 79 95 142 156 196 231 301 306 373 402 459 469 516 533 570 511 533 501 480 449 415 322 340 286 218 190 169 135 95 82 69 46 36 15 19 11 4 2 4 3 3 0 0 1 0 0 0 0 0 0 0 0 0 0 0 0 0 0 0 0 0 0 0 0 0
-1.000000 -0.980000 -0.960000 -0.940000 -0.920000 -0.900000 -0.880000 -0.860000 -0.840000 -0.820000 -0.800000 -0.780000 -0.760000 -0.740000 -0.720000 -0.700000 -0.680000 -0.660000 -0.640000 -0.620000 -0.600000 -0.580000 -0.560000 -0.540000 -0.520000 -0.500000 -0.480000 -0.460000 -0.440000 -0.420000 -0.400000 -0.380000 -0.360000 -0.340000 -0.320000 -0.300000 -0.280000 -0.260000 -0.240000 -0.220000 -0.200000 -0.180000 -0.160000 -0.140000 -0.120000 -0.100000 -0.080000 -0.060000 -0.040000 -0.020000 0.000000 0.020000 0.040000 0.060000 0.080000 0.100000 0.120000 0.140000 0.160000 0.180000 0.200000 0.220000 0.240000 0.260000 0.280000 0.300000 0.320000 0.340000 0.360000 0.380000 0.400000 0.420000 0.440000 0.460000 0.480000 0.500000 0.520000 0.540000 0.560000 0.580000 0.600000 0.620000 0.640000 0.660000 0.680000 0.700000 0.720000 0.740000 0.760000 0.780000 0.800000 0.820000 0.840000 0.860000 0.880000 0.900000 0.920000 0.940000 0.960000 0.980000 1.000000
0 0 0 0 0 0 0 0 0 0 0 0 0 0 0 0 0 0 0 0 2 0 3 0 1 2 11 4 16 19 28 36 30 46 87 73 113 129 178 223 236 286 320 361 386 431 464 490 528 533 499 536 496 436 459 392 352 315 267 266 204 153 139 123 82 68 53 39 27 20 12 7 6 3 2 3 4 1 0 0 0 0 0 0 0 0 0 0 0 0 0 0 0 0 0 0 0 0 0 0
-1.000000 -0.980000 -0.960000 -0.940000 -0.920000 -0.900000 -0.880000 -0.860000 -0.840000 -0.820000 -0.800000 -0.780000 -0.760000 -0.740000 -0.720000 -0.700000 -0.680000 -0.660000 -0.640000 -0.620000 -0.600000 -0.580000 -0.560000 -0.540000 -0.520000 -0.500000 -0.480000 -0.460000 -0.440000 -0.420000 -0.400000 -0.380000 -0.360000 -0.340000 -0.320000 -0.300000 -0.280000 -0.260000 -0.240000 -0.220000 -0.200000 -0.180000 -0.160000 -0.140000 -0.120000 -0.100000 -0.080000 -0.060000 -0.040000 -0.020000 0.000000 0.020000 0.040000 0.060000 0.080000 0.100000 0.120000 0.140000 0.160000 0.180000 0.200000 0.220000 0.240000 0.260000 0.280000 0.300000 0.320000 0.340000 0.360000 0.380000 0.400000 0.420000 0.440000 0.460000 0.480000 0.500000 0.520000 0.540000 0.560000 0.580000 0.600000 0.620000 0.640000 0.660000 0.680000 0.700000 0.720000 0.740000 0.760000 0.780000 0.800000 0.820000 0.840000 0.860000 0.880000 0.900000 0.920000 0.940000 0.960000 0.980000 1.000000
0 0 0 0 0 0 0 0 0 0 0 0 0 0 0 0 1 0 1 1 0 1 1 2 3 3 4 17 17 29 26 35 47 56 66 116 139 166 163 220 257 262 320 362 382 430 431 466 478 510 479 487 504 476 414 420 321 318 294 244 202 175 137 126 96 75 61 50 27 20 19 15 5 8 8 4 2 0 0 1 0 0 0 0 0 0 0 0 0 0 0 0 0 0 0 0 0 0 0 0
-1.000000 -0.980000 -0.960000 -0.940000 -0.920000 -0.900000 -0.880000 -0.860000 -0.840000 -0.820000 -0.800000 -0.780000 -0.760000 -0.740000 -0.720000 -0.700000 -0.680000 -0.660000 -0.640000 -0.620000 -0.600000 -0.580000 -0.560000 -0.540000 -0.520000 -0.500000 -0.480000 -0.460000 -0.440000 -0.420000 -0.400000 -0.380000 -0.360000 -0.340000 -0.320000 -0.300000 -0.280000 -0.260000 -0.240000 -0.220000 -0.200000 -0.180000 -0.160000 -0.140000 -0.120000 -0.100000 -0.080000 -0.060000 -0.040000 -0.020000 0.000000 0.020000 0.040000 0.060000 0.080000 0.100000 0.120000 0.140000 0.160000 0.180000 0.200000 0.220000 0.240000 0.260000 0.280000 0.300000 0.320000 0.340000 0.360000 0.380000 0.400000 0.420000 0.440000 0.460000 0.480000 0.500000 0.520000 0.540000 0.560000 0.580000 0.600000 0.620000 0.640000 0.660000 0.680000 0.700000 0.720000 0.740000 0.760000 0.780000 0.800000 0.820000 0.840000 0.860000 0.880000 0.900000 0.920000 0.940000 0.960000 0.980000 1.000000
0 0 0 0 0 0 0 0 0 0 0 0 0 0 0 1 0 0 1 1 3 0 3 2 3 8 9 12 20 17 27 51 55 77 101 111 130 171 190 234 254 288 296 374 366 417 418 478 433 503 416 499 453 447 446 387 358 302 273 215 213 183 157 125 110 87 68 52 48 31 22 14 14 11 2 5 2 4 1 1 0 0 0 0 0 0 0 0 0 0 0 0 0 0 0 0 0 0 0 0
-1.000000 -0.980000 -0.960000 -0.940000 -0.920000 -0.900000 -0.880000 -0.860000 -0.840000 -0.820000 -0.800000 -0.780000 -0.760000 -0.740000 -0.720000 -0.700000 -0.680000 -0.660000 -0.640000 -0.620000 -0.600000 -0.580000 -0.560000 -0.540000 -0.520000 -0.500000 -0.480000 -0.460000 -0.440000 -0.420000 -0.400000 -0.380000 -0.360000 -0.340000 -0.320000 -0.300000 -0.280000 -0.260000 -0.240000 -0.220000 -0.200000 -0.180000 -0.160000 -0.140000 -0.120000 -0.100000 -0.080000 -0.060000 -0.040000 -0.020000 0.000000 0.020000 0.040000 0.060000 0.080000 0.100000 0.120000 0.140000 0.160000 0.180000 0.200000 0.220000 0.240000 0.260000 0.280000 0.300000 0.320000 0.340000 0.360000 0.380000 0.400000 0.420000 0.440000 0.460000 0.480000 0.500000 0.520000 0.540000 0.560000 0.580000 0.600000 0.620000 0.640000 0.660000 0.680000 0.700000 0.720000 0.740000 0.760000 0.780000 0.800000 0.820000 0.840000 0.860000 0.880000 0.900000 0.920000 0.940000 0.960000 0.980000 1.000000
0 0 0 0 0 0 0 0 0 0 0 0 0 0 0 2 0 1 1 0 0 5 3 3 5 9 15 14 12 38 38 50 55 87 100 123 161 167 181 222 257 281 332 392 337 390 424 446 453 451 462 439 463 409 401 410 323 312 268 243 229 195 153 121 112 103 65 47 50 34 27 30 14 14 9 4 2 0 3 2 0 1 0 0 0 0 0 0 0 0 0 0 0 0 0 0 0 0 0 0
-1.000000 -0.980000 -0.960000 -0.940000 -0.920000 -0.900000 -0.880000 -0.860000 -0.840000 -0.820000 -0.800000 -0.780000 -0.760000 -0.740000 -0.720000 -0.700000 -0.680000 -0.660000 -0.640000 -0.620000 -0.600000 -0.580000 -0.560000 -0.540000 -0.520000 -0.500000 -0.480000 -0.460000 -0.440000 -0.420000 -0.400000 -0.380000 -0.360000 -0.340000 -0.320000 -0.300000 -0.280000 -0.260000 -0.240000 -0.220000 -0.200000 -0.180000 -0.160000 -0.140000 -0.120000 -0.100000 -0.080000 -0.060000 -0.040000 -0.020000 0.000000 0.020000 0.040000 0.060000 0.080000 0.100000 0.120000 0.140000 0.160000 0.180000 0.200000 0.220000 0.240000 0.260000 0.280000 0.300000 0.320000 0.340000 0.360000 0.380000 0.400000 0.420000 0.440000 0.460000 0.480000 0.500000 0.520000 0.540000 0.560000 0.580000 0.600000 0.620000 0.640000 0.660000 0.680000 0.700000 0.720000 0.740000 0.760000 0.780000 0.800000 0.820000 0.840000 0.860000 0.880000 0.900000 0.920000 0.940000 0.960000 0.980000 1.000000
0 0 0 0 0 0 0 0 0 0 0 0 0 1 0 0 2 0 2 2 1 3 6 2 11 9 26 18 21 33 42 50 57 77 129 140 161 177 188 230 268 266 337 347 367 379 406 440 428 440 457 412 431 452 397 354 319 327 285 242 233 181 150 133 103 108 69 58 59 41 34 24 21 5 18 8 4 3 1 1 2 1 1 0 0 0 0 0 0 0 0 0 0 0 0 0 0 0 0 0
-1.000000 -0.980000 -0.960000 -0.940000 -0.920000 -0.900000 -0.880000 -0.860000 -0.840000 -0.820000 -0.800000 -0.780000 -0.760000 -0.740000 -0.720000 -0.700000 -0.680000 -0.660000 -0.640000 -0.620000 -0.600000 -0.580000 -0.560000 -0.540000 -0.520000 -0.500000 -0.480000 -0.460000 -0.440000 -0.420000 -0.400000 -0.380000 -0.360000 -0.340000 -0.320000 -0.300000 -0.280000 -0.260000 -0.240000 -0.220000 -0.200000 -0.180000 -0.160000 -0.140000 -0.120000 -0.100000 -0.080000 -0.060000 -0.040000 -0.020000 0.000000 0.020000 0.040000 0.060000 0.080000 0.100000 0.120000 0.140000 0.160000 0.180000 0.200000 0.220000 0.240000 0.260000 0.280000 0.300000 0.320000 0.340000 0.360000 0.380000 0.400000 0.420000 0.440000 0.460000 0.480000 0.500000 0.520000 0.540000 0.560000 0.580000 0.600000 0.620000 0.640000 0.660000 0.680000 0.700000 0.720000 0.740000 0.760000 0.780000 0.800000 0.820000 0.840000 0.860000 0.880000 0.900000 0.920000 0.940000 0.960000 0.980000 1.000000
0 0 0 0 0 0 0 0 0 0 0 0 1 0 0 1 1 1 3 2 3 2 5 5 10 17 22 23 30 37 41 40 85 98 124 135 157 198 189 204 277 295 297 345 348 396 378 438 430 428 437 423 409 387 388 351 340 324 274 282 220 181 176 136 117 95 85 58 53 58 39 25 18 16 15 8 6 4 3 1 2 0 1 1 1 0 0 0 0 0 0 0 0 0 0 0 0 0 0 0
-1.000000 -0.980000 -0.960000 -0.940000 -0.920000 -0.900000 -0.880000 -0.860000 -0.840000 -0.820000 -0.800000 -0.780000 -0.760000 -0.740000 -0.720000 -0.700000 -0.680000 -0.660000 -0.640000 -0.620000 -0.600000 -0.580000 -0.560000 -0.540000 -0.520000 -0.500000 -0.480000 -0.460000 -0.440000 -0.420000 -0.400000 -0.380000 -0.360000 -0.340000 -0.320000 -0.300000 -0.280000 -0.260000 -0.240000 -0.220000 -0.200000 -0.180000 -0.160000 -0.140000 -0.120000 -0.100000 -0.080000 -0.060000 -0.040000 -0.020000 0.000000 0.020000 0.040000 0.060000 0.080000 0.100000 0.120000 0.140000 0.160000 0.180000 0.200000 0.220000 0.240000 0.260000 0.280000 0.300000 0.320000 0.340000 0.360000 0.380000 0.400000 0.420000 0.440000 0.460000 0.480000 0.500000 0.520000 0.540000 0.560000 0.580000 0.600000 0.620000 0.640000 0.660000 0.680000 0.700000 0.720000 0.740000 0.760000 0.780000 0.800000 0.820000 0.840000 0.860000 0.880000 0.900000 0.920000 0.940000 0.960000 0.980000 1.000000
0 0 0 0 0 0 0 0 0 0 0 0 2 0 0 1 2 0 0 2 5 5 7 11 14 12 18 25 33 47 44 67 82 89 115 139 174 184 193 223 276 282 323 310 355 385 389 403 424 406 426 419 445 366 379 349 332 301 280 269 221 200 156 146 115 105 101 73 66 52 37 29 19 16 11 12 7 10 4 2 3 1 0 0 0 1 0 0 0 0 0 0 0 0 0 0 0 0 0 0
-1.000000 -0.980000 -0.960000 -0.940000 -0.920000 -0.900000 -0.880000 -0.860000 -0.840000 -0.820000 -0.800000 -0.780000 -0.760000 -0.740000 -0.720000 -0.700000 -0.680000 -0.660000 -0.640000 -0.620000 -0.600000 -0.580000 -0.560000 -0.540000 -0.520000 -0.500000 -0.480000 -0.460000 -0.440000 -0.420000 -0.400000 -0.380000 -0.360000 -0.340000 -0.320000 -0.300000 -0.280000 -0.260000 -0.240000 -0.220000 -0.200000 -0.180000 -0.160000 -0.140000 -0.120000 -0.100000 -0.080000 -0.060000 -0.040000 -0.020000 0.000000 0.020000 0.040000 0.060000 0.080000 0.100000 0.120000 0.140000 0.160000 0.180000 0.200000 0.220000 0.240000 0.260000 0.280000 0.300000 0.320000 0.340000 0.360000 0.380000 0.400000 0.420000 0.440000 0.460000 0.480000 0.500000 0.520000 0.540000 0.560000 0.580000 0.600000 0.620000 0.640000 0.660000 0.680000 0.700000 0.720000 0.740000 0.760000 0.780000 0.800000 0.820000 0.840000 0.860000 0.880000 0.900000 0.920000 0.940000 0.960000 0.980000 1.000000
0 0 0 0 0 0 0 0 0 0 0 2 0 0 1 1 0 0 3 4 6 9 6 9 17 18 26 26 26 54 53 71 74 103 121 149 160 192 225 231 277 271 318 312 343 336 362 402 416 443 412 407 414 377 358 396 318 293 253 242 228 217 158 134 106 122 112 96 67 47 27 24 32 29 16 14 6 6 5 8 4 1 2 0 0 1 1 0 0 0 0 0 0 0 0 0 0 0 0 0
-1.000000 -0.980000 -0.960000 -0.940000 -0.920000 -0.900000 -0.880000 -0.860000 -0.840000 -0.820000 -0.800000 -0.780000 -0.760000 -0.740000 -0.720000 -0.700000 -0.680000 -0.660000 -0.640000 -0.620000 -0.600000 -0.580000 -0.560000 -0.540000 -0.520000 -0.500000 -0.480000 -0.460000 -0.440000 -0.420000 -0.400000 -0.380000 -0.360000 -0.340000 -0.320000 -0.300000 -0.280000 -0.260000 -0.240000 -0.220000 -0.200000 -0.180000 -0.160000 -0.140000 -0.120000 -0.100000 -0.080000 -0.060000 -0.040000 -0.020000 0.000000 0.020000 0.040000 0.060000 0.080000 0.100000 0.120000 0.140000 0.160000 0.180000 0.200000 0.220000 0.240000 0.260000 0.280000 0.300000 0.320000 0.340000 0.360000 0.380000 0.400000 0.420000 0.440000 0.460000 0.480000 0.500000 0.520000 0.540000 0.560000 0.580000 0.600000 0.620000 0.640000 0.660000 0.680000 0.700000 0.720000 0.740000 0.760000 0.780000 0.800000 0.820000 0.840000 0.860000 0.880000 0.900000 0.920000 0.940000 0.960000 0.980000 1.000000
0 0 0 0 0 0 0 1 0 0 0 1 0 0 1 2 0 3 6 4 2 8 9 14 19 15 29 30 35 43 73 78 87 96 129 151 169 195 202 256 266 261 324 342 294 334 383 378 412 409 397 406 401 388 367 353 337 299 268 232 220 208 154 161 137 112 89 77 80 46 41 23 29 26 24 18 12 7 5 9 2 5 2 2 0 1 0 1 0 0 0 0 0 0 0 0 0 0 0 0
-1.000000 -0.980000 -0.960000 -0.940000 -0.920000 -0.900000 -0.880000 -0.860000 -0.840000 -0.820000 -0.800000 -0.780000 -0.760000 -0.740000 -0.720000 -0.700000 -0.680000 -0.660000 -0.640000 -0.620000 -0.600000 -0.580000 -0.560000 -0.540000 -0.520000 -0.500000 -0.480000 -0.460000 -0.440000 -0.420000 -0.400000 -0.380000 -0.360000 -0.340000 -0.320000 -0.300000 -0.280000 -0.260000 -0.240000 -0.220000 -0.200000 -0.180000 -0.160000 -0.140000 -0.120000 -0.100000 -0.080000 -0.060000 -0.040000 -0.020000 0.000000 0.020000 0.040000 0.060000 0.080000 0.100000 0.120000 0.140000 0.160000 0.180000 0.200000 0.220000 0.240000 0.260000 0.280000 0.300000 0.320000 0.340000 0.360000 0.380000 0.400000 0.420000 0.440000 0.460000 0.480000 0.500000 0.520000 0.540000 0.560000 0.580000 0.600000 0.620000 0.640000 0.660000 0.680000 0.700000 0.720000 0.740000 0.760000 0.780000 0.800000 0.820000 0.840000 0.860000 0.880000 0.900000 0.920000 0.940000 0.960000 0.980000 1.000000
0 0 0 0 0 0 1 0 0 0 0 0 0 0 4 1 3 2 3 2 9 14 9 16 9 18 29 38 44 64 71 78 101 91 130 138 183 190 221 255 266 273 278 314 351 340 342 368 377 410 377 411 391 426 342 358 335 295 272 238 198 197 166 160 143 103 103 85 69 53 51 43 25 26 21 17 8 9 7 3 7 7 4 1 3 2 0 1 0 0 0 0 0 0 0 0 0 0 0 0
-1.000000 -0.980000 -0.960000 -0.940000 -0.920000 -0.900000 -0.880000 -0.860000 -0.840000 -0.820000 -0.800000 -0.780000 -0.760000 -0.740000 -0.720000 -0.700000 -0.680000 -0.660000 -0.640000 -0.620000 -0.600000 -0.580000 -0.560000 -0.540000 -0.520000 -0.500000 -0.480000 -0.460000 -0.440000 -0.420000 -0.400000 -0.380000 -0.360000 -0.340000 -0.320000 -0.300000 -0.280000 -0.260000 -0.240000 -0.220000 -0.200000 -0.180000 -0.160000 -0.140000 -0.120000 -0.100000 -0.080000 -0.060000 -0.040000 -0.020000 0.000000 0.020000 0.040000 0.060000 0.080000 0.100000 0.120000 0.140000 0.160000 0.180000 0.200000 0.220000 0.240000 0.260000 0.280000 0.300000 0.320000 0.340000 0.360000 0.380000 0.400000 0.420000 0.440000 0.460000 0.480000 0.500000 0.520000 0.540000 0.560000 0.580000 0.600000 0.620000 0.640000 0.660000 0.680000 0.700000 0.720000 0.740000 0.760000 0.780000 0.800000 0.820000 0.840000 0.860000 0.880000 0.900000 0.920000 0.940000 0.960000 0.980000 1.000000
0 0 0 0 0 1 0 0 0 0 1 0 1 1 3 0 2 3 4 3 7 8 14 16 20 22 44 41 40 58 72 75 105 130 126 155 173 171 208 260 256 265 276 300 336 348 347 364 378 410 392 393 406 354 383 343 287 305 296 230 214 180 186 153 166 115 92 91 63 64 40 52 27 30 16 19 8 9 9 11 9 1 1 3 2 3 1 1 1 0 0 0 0 0 0 0 0 0 0 0
-1.000000 -0.980000 -0.960000 -0.940000 -0.920000 -0.900000 -0.880000 -0.860000 -0.840000 -0.820000 -0.800000 -0.780000 -0.760000 -0.740000 -0.720000 -0.700000 -0.680000 -0.660000 -0.640000 -0.620000 -0.600000 -0.580000 -0.560000 -0.540000 -0.520000 -0.500000 -0.480000 -0.460000 -0.440000 -0.420000 -0.400000 -0.380000 -0.360000 -0.340000 -0.320000 -0.300000 -0.280000 -0.260000 -0.240000 -0.220000 -0.200000 -0.180000 -0.160000 -0.140000 -0.120000 -0.100000 -0.080000 -0.060000 -0.040000 -0.020000 0.000000 0.020000 0.040000 0.060000 0.080000 0.100000 0.120000 0.140000 0.160000 0.180000 0.200000 0.220000 0.240000 0.260000 0.280000 0.300000 0.320000 0.340000 0.360000 0.380000 0.400000 0.420000 0.440000 0.460000 0.480000 0.500000 0.520000 0.540000 0.560000 0.580000 0.600000 0.620000 0.640000 0.660000 0.680000 0.700000 0.720000 0.740000 0.760000 0.780000 0.800000 0.820000 0.840000 0.860000 0.880000 0.900000 0.920000 0.940000 0.960000 0.980000 1.000000
0 0 0 0 0 0 0 1 1 0 0 0 0 0 2 2 2 0 8 5 10 9 18 14 19 21 41 37 45 69 80 101 104 117 138 167 165 211 222 227 244 253 297 315 302 339 355 351 365 371 395 385 373 381 348 327 317 301 276 259 201 201 177 165 126 122 99 95 91 49 62 48 40 22 24 15 12 13 11 8 7 5 3 5 4 1 1 1 0 1 0 1 0 0 0 0 0 0 0 0
-1.000000 -0.980000 -0.960000 -0.940000 -0.920000 -0.900000 -0.880000 -0.860000 -0.840000 -0.820000 -0.800000 -0.780000 -0.760000 -0.740000 -0.720000 -0.700000 -0.680000 -0.660000 -0.640000 -0.620000 -0.600000 -0.580000 -0.560000 -0.540000 -0.520000 -0.500000 -0.480000 -0.460000 -0.440000 -0.420000 -0.400000 -0.380000 -0.360000 -0.340000 -0.320000 -0.300000 -0.280000 -0.260000 -0.240000 -0.220000 -0.200000 -0.180000 -0.160000 -0.140000 -0.120000 -0.100000 -0.080000 -0.060000 -0.040000 -0.020000 0.000000 0.020000 0.040000 0.060000 0.080000 0.100000 0.120000 0.140000 0.160000 0.180000 0.200000 0.220000 0.240000 0.260000 0.280000 0.300000 0.320000 0.340000 0.360000 0.380000 0.400000 0.420000 0.440000 0.460000 0.480000 0.500000 0.520000 0.540000 0.560000 0.580000 0.600000 0.620000 0.640000 0.660000 0.680000 0.700000 0.720000 0.740000 0.760000 0.780000 0.800000 0.820000 0.840000 0.860000 0.880000 0.900000 0.920000 0.940000 0.960000 0.980000 1.000000
0 0 0 0 0 1 0 1 0 1 0 0 0 0 2 3 4 1 8 6 10 13 16 23 23 35 34 37 46 62 76 121 111 111 126 162 219 179 211 223 257 289 280 292 306 343 360 349 368 357 361 369 400 324 328 349 300 317 241 231 231 201 193 167 149 119 110 97 77 78 59 58 23 33 25 10 17 18 12 5 6 3 4 4 4 4 3 2 0 0 0 1 0 1 0 0 0 0 0 0
-1.000000 -0.980000 -0.960000 -0.940000 -0.920000 -0.900000 -0.880000 -0.860000 -0.840000 -0.820000 -0.800000 -0.780000 -0.760000 -0.740000 -0.720000 -0.700000 -0.680000 -0.660000 -0.640000 -0.620000 -0.600000 -0.580000 -0.560000 -0.540000 -0.520000 -0.500000 -0.480000 -0.460000 -0.440000 -0.420000 -0.400000 -0.380000 -0.360000 -0.340000 -0.320000 -0.300000 -0.280000 -0.260000 -0.240000 -0.220000 -0.200000 -0.180000 -0.160000 -0.140000 -0.120000 -0.100000 -0.080000 -0.060000 -0.040000 -0.020000 0.000000 0.020000 0.040000 0.060000 0.080000 0.100000 0.120000 0.140000 0.160000 0.180000 0.200000 0.220000 0.240000 0.260000 0.280000 0.300000 0.320000 0.340000 0.360000 0.380000 0.400000 0.420000 0.440000 0.460000 0.480000 0.500000 0.520000 0.540000 0.560000 0.580000 0.600000 0.620000 0.640000 0.660000 0.680000 0.700000 0.720000 0.740000 0.760000 0.780000 0.800000 0.820000 0.840000 0.860000 0.880000 0.900000 0.920000 0.940000 0.960000 0.980000 1.000000
0 0 1 0 1 0 0 0 0 0 2 1 0 2 2 2 5 5 4 4 14 11 24 19 34 28 42 54 49 76 71 96 115 131 133 149 195 209 209 235 254 238 283 312 323 319 345 360 353 365 354 368 357 330 349 331 305 275 273 232 248 196 184 158 139 148 104 96 97 73 50 58 35 32 26 18 18 21 8 8 3 4 5 7 2 2 3 4 3 0 0 0 0 0 1 0 0 0 0 0
-1.000000 -0.980000 -0.960000 -0.940000 -0.920000 -0.900000 -0.880000 -0.860000 -0.840000 -0.820000 -0.800000 -0.780000 -0.760000 -0.740000 -0.720000 -0.700000 -0.680000 -0.660000 -0.640000 -0.620000 -0.600000 -0.580000 -0.560000 -0.540000 -0.520000 -0.500000 -0.480000 -0.460000 -0.440000 -0.420000 -0.400000 -0.380000 -0.360000 -0.340000 -0.320000 -0.300000 -0.280000 -0.260000 -0.240000 -0.220000 -0.200000 -0.180000 -0.160000 -0.140000 -0.120000 -0.100000 -0.080000 -0.060000 -0.040000 -0.020000 0.000000 0.020000 0.040000 0.060000 0.080000 0.100000 0.120000 0.140000 0.160000 0.180000 0.200000 0.220000 0.240000 0.260000 0.280000 0.300000 0.320000 0.340000 0.360000 0.380000 0.400000 0.420000 0.440000 0.460000 0.480000 0.500000 0.520000 0.540000 0.560000 0.580000 0.600000 0.620000 0.640000 0.660000 0.680000 0.700000 0.720000 0.740000 0.760000 0.780000 0.800000 0.820000 0.840000 0.860000 0.880000 0.900000 0.920000 0.940000 0.960000 0.980000 1.000000
1 0 0 1 0 0 0 0 1 0 2 0 1 1 2 5 2 3 6 11 6 21 25 20 31 39 39 54 63 66 80 95 110 142 129 163 187 219 220 240 229 244 276 285 337 313 337 353 356 357 361 367 332 350 320 306 281 274 282 246 227 206 197 165 148 116 131 104 84 90 64 62 46 35 24 19 16 17 10 8 8 6 7 3 2 1 4 3 3 0 1 1 0 0 0 0 1 0 0 0
-1.000000 -0.980000 -0.960000 -0.940000 -0.920000 -0.900000 -0.880000 -0.860000 -0.840000 -0.820000 -0.800000 -0.780000 -0.760000 -0.740000 -0.720000 -0.700000 -0.680000 -0.660000 -0.640000 -0.620000 -0.600000 -0.580000 -0.560000 -0.540000 -0.520000 -0.500000 -0.480000 -0.460000 -0.440000 -0.420000 -0.400000 -0.380000 -0.360000 -0.340000 -0.320000 -0.300000 -0.280000 -0.260000 -0.240000 -0.220000 -0.200000 -0.180000 -0.160000 -0.140000 -0.120000 -0.100000 -0.080000 -0.060000 -0.040000 -0.020000 0.000000 0.020000 0.040000 0.060000 0.080000 0.100000 0.120000 0.140000 0.160000 0.180000 0.200000 0.220000 0.240000 0.260000 0.280000 0.300000 0.320000 0.340000 0.360000 0.380000 0.400000 0.420000 0.440000 0.460000 0.480000 0.500000 0.520000 0.540000 0.560000 0.580000 0.600000 0.620000 0.640000 0.660000 0.680000 0.700000 0.720000 0.740000 0.760000 0.780000 0.800000 0.820000 0.840000 0.860000 0.880000 0.900000 0.920000 0.940000 0.960000 0.980000 1.000000
0 1 1 0 0 0 0 1 0 1 1 0 4 1 0 4 6 6 9 6 17 23 20 20 37 32 39 57 49 69 91 119 120 125 158 156 194 187 219 230 234 280 281 272 312 307 330 332 334 357 364 328 365 347 299 324 309 239 265 264 222 217 180 174 162 141 106 115 84 76 64 62 50 33 31 30 14 22 13 10 9 7 5 6 4 6 4 0 1 1 1 2 0 2 0 0 0 0 0 0
-1.000000 -0.980000 -0.960000 -0.940000 -0.920000 -0.900000 -0.880000 -0.860000 -0.840000 -0.820000 -0.800000 -0.780000 -0.760000 -0.740000 -0.720000 -0.700000 -0.680000 -0.660000 -0.640000 -0.620000 -0.600000 -0.580000 -0.560000 -0.540000 -0.520000 -0.500000 -0.480000 -0.460000 -0.440000 -0.420000 -0.400000 -0.380000 -0.360000 -0.340000 -0.320000 -0.300000 -0.280000 -0.260000 -0.240000 -0.220000 -0.200000 -0.180000 -0.160000 -0.140000 -0.120000 -0.100000 -0.080000 -0.060000 -0.040000 -0.020000 0.000000 0.020000 0.040000 0.060000 0.080000 0.100000 0.120000 0.140000 0.160000 0.180000 0.200000 0.220000 0.240000 0.260000 0.280000 0.300000 0.320000 0.340000 0.360000 0.380000 0.400000 0.420000 0.440000 0.460000 0.480000 0.500000 0.520000 0.540000 0.560000 0.580000 0.600000 0.620000 0.640000 0.660000 0.680000 0.700000 0.720000 0.740000 0.760000 0.780000 0.800000 0.820000 0.840000 0.860000 0.880000 0.900000 0.920000 0.940000 0.960000 0.980000 1.000000
0 0 2 0 0 0 2 0 0 0 0 3 2 1 3 7 9 7 7 9 16 25 24 30 33 26 35 49 69 86 99 99 143 141 150 163 158 208 234 236 227 238 285 265 290 322 335 316 321 385 364 343 340 333 313 279 283 286 268 267 203 193 190 173 176 139 116 92 87 96 62 76 45 34 26 34 19 20 15 11 10 7 7 9 5 4 4 3 2 1 1 1 1 1 0 0 1 0 0 0
-1.000000 -0.980000 -0.960000 -0.940000 -0.920000 -0.900000 -0.880000 -0.860000 -0.840000 -0.820000 -0.800000 -0.780000 -0.760000 -0.740000 -0.720000 -0.700000 -0.680000 -0.660000 -0.640000 -0.620000 -0.600000 -0.580000 -0.560000 -0.540000 -0.520000 -0.500000 -0.480000 -0.460000 -0.440000 -0.420000 -0.400000 -0.380000 -0.360000 -0.340000 -0.320000 -0.300000 -0.280000 -0.260000 -0.240000 -0.220000 -0.200000 -0.180000 -0.160000 -0.140000 -0.120000 -0.100000 -0.080000 -0.060000 -0.040000 -0.020000 0.000000 0.020000 0.040000 0.060000 0.080000 0.100000 0.120000 0.140000 0.160000 0.180000 0.200000 0.220000 0.240000 0.260000 0.280000 0.300000 0.320000 0.340000 0.360000 0.380000 0.400000 0.420000 0.440000 0.460000 0.480000 0.500000 0.520000 0.540000 0.560000 0.580000 0.600000 0.620000 0.640000 0.660000 0.680000 0.700000 0.720000 0.740000 0.760000 0.780000 0.800000 0.820000 0.840000 0.860000 0.880000 0.900000 0.920000 0.940000 0.960000 0.980000 1.000000
1 0 0 0 1 0 0 2 1 1 0 1 1 6 3 5 6 6 13 9 17 26 33 17 33 39 52 50 72 80 100 115 128 120 154 194 175 208 192 227 274 238 268 285 310 300 282 328 356 310 374 346 348 305 295 305 296 321 255 230 207 183 191 176 178 135 129 105 82 78 77 58 37 37 50 30 20 19 13 12 9 14 11 8 3 5 5 3 1 4 2 1 3 0 0 0 0 0 0 0
-1.000000 -0.980000 -0.960000 -0.940000 -0.920000 -0.900000 -0.880000 -0.860000 -0.840000 -0.820000 -0.800000 -0.780000 -0.760000 -0.740000 -0.720000 -0.700000 -0.680000 -0.660000 -0.640000 -0.620000 -0.600000 -0.580000 -0.560000 -0.540000 -0.520000 -0.500000 -0.480000 -0.460000 -0.440000 -0.420000 -0.400000 -0.380000 -0.360000 -0.340000 -0.320000 -0.300000 -0.280000 -0.260000 -0.240000 -0.220000 -0.200000 -0.180000 -0.160000 -0.140000 -0.120000 -0.100000 -0.080000 -0.060000 -0.040000 -0.020000 0.000000 0.020000 0.040000 0.060000 0.080000 0.100000 0.120000 0.140000 0.160000 0.180000 0.200000 0.220000 0.240000 0.260000 0.280000 0.300000 0.320000 0.340000 0.360000 0.380000 0.400000 0.420000 0.440000 0.460000 0.480000 0.500000 0.520000 0.540000 0.560000 0.580000 0.600000 0.620000 0.640000 0.660000 0.680000 0.700000 0.720000 0.740000 0.760000 0.780000 0.800000 0.820000 0.840000 0.860000 0.880000 0.900000 0.920000 0.940000 0.960000 0.980000 1.000000
0 0 0 0 1 0 1 1 2 1 0 1 1 2 6 3 10 13 8 7 29 23 24 29 39 34 42 66 80 91 106 116 137 132 151 182 178 175 206 230 257 246 278 272 288 317 303 291 322 334 355 357 294 342 327 306 299 243 258 235 218 197 192 183 151 148 137 103 81 80 70 57 58 42 50 32 26 22 15 15 9 14 10 5 9 6 2 2 4 1 1 5 2 2 0 0 0 0 0 0
-1.000000 -0.980000 -0.960000 -0.940000 -0.920000 -0.900000 -0.880000 -0.860000 -0.840000 -0.820000 -0.800000 -0.780000 -0.760000 -0.740000 -0.720000 -0.700000 -0.680000 -0.660000 -0.640000 -0.620000 -0.600000 -0.580000 -0.560000 -0.540000 -0.520000 -0.500000 -0.480000 -0.460000 -0.440000 -0.420000 -0.400000 -0.380000 -0.360000 -0.340000 -0.320000 -0.300000 -0.280000 -0.260000 -0.240000 -0.220000 -0.200000 -0.180000 -0.160000 -0.140000 -0.120000 -0.100000 -0.080000 -0.060000 -0.040000 -0.020000 0.000000 0.020000 0.040000 0.060000 0.080000 0.100000 0.120000 0.140000 0.160000 0.180000 0.200000 0.220000 0.240000 0.260000 0.280000 0.300000 0.320000 0.340000 0.360000 0.380000 0.400000 0.420000 0.440000 0.460000 0.480000 0.500000 0.520000 0.540000 0.560000 0.580000 0.600000 0.620000 0.640000 0.660000 0.680000 0.700000 0.720000 0.740000 0.760000 0.780000 0.800000 0.820000 0.840000 0.860000 0.880000 0.900000 0.920000 0.940000 0.960000 0.980000 1.000000
0 0 0 1 0 1 0 2 2 0 2 1 2 1 2 9 11 7 15 12 17 26 34 25 32 38 64 69 96 87 100 123 120 152 157 162 171 212 207 231 232 257 248 254 291 311 294 318 280 338 383 355 330 324 324 266 286 244 245 251 227 182 181 175 152 144 119 131 89 101 79 57 57 41 43 29 31 27 11 24 8 10 13 7 6 7 8 5 3 3 2 1 0 2 1 2 0 0 0 0
-1.000000 -0.980000 -0.960000 -0.940000 -0.920000 -0.900000 -0.880000 -0.860000 -0.840000 -0.820000 -0.800000 -0.780000 -0.760000 -0.740000 -0.720000 -0.700000 -0.680000 -0.660000 -0.640000 -0.620000 -0.600000 -0.580000 -0.560000 -0.540000 -0.520000 -0.500000 -0.480000 -0.460000 -0.440000 -0.420000 -0.400000 -0.380000 -0.360000 -0.340000 -0.320000 -0.300000 -0.280000 -0.260000 -0.240000 -0.220000 -0.200000 -0.180000 -0.160000 -0.140000 -0.120000 -0.100000 -0.080000 -0.060000 -0.040000 -0.020000 0.000000 0.020000 0.040000 0.060000 0.080000 0.100000 0.120000 0.140000 0.160000 0.180000 0.200000 0.220000 0.240000 0.260000 0.280000 0.300000 0.320000 0.340000 0.360000 0.380000 0.400000 0.420000 0.440000 0.460000 0.480000 0.500000 0.520000 0.540000 0.560000 0.580000 0.600000 0.620000 0.640000 0.660000 0.680000 0.700000 0.720000 0.740000 0.760000 0.780000 0.800000 0.820000 0.840000 0.860000 0.880000 0.900000 0.920000 0.940000 0.960000 0.980000 1.000000
0 1 1 0 0 2 0 1 0 2 0 3 2 2 9 7 10 13 10 14 18 25 27 31 41 49 56 84 75 84 110 132 126 147 149 160 188 191 175 253 240 251 289 253 268 312 300 300 294 331 356 336 331 306 330 274 279 247 264 221 218 213 179 153 146 152 133 125 94 105 81 78 56 43 28 32 36 21 21 14 13 12 13 10 7 9 6 4 2 6 3 2 1 0 3 0 0 0 1 0
-1.000000 -0.980000 -0.960000 -0.940000 -0.920000 -0.900000 -0.880000 -0.860000 -0.840000 -0.820000 -0.800000 -0.780000 -0.760000 -0.740000 -0.720000 -0.700000 -0.680000 -0.660000 -0.640000 -0.620000 -0.600000 -0.580000 -0.560000 -0.540000 -0.520000 -0.500000 -0.480000 -0.460000 -0.440000 -0.420000 -0.400000 -0.380000 -0.360000 -0.340000 -0.320000 -0.300000 -0.280000 -0.260000 -0.240000 -0.220000 -0.200000 -0.180000 -0.160000 -0.140000 -0.120000 -0.100000 -0.080000 -0.060000 -0.040000 -0.020000 0.000000 0.020000 0.040000 0.060000 0.080000 0.100000 0.120000 0.140000 0.160000 0.180000 0.200000 0.220000 0.240000 0.260000 0.280000 0.300000 0.320000 0.340000 0.360000 0.380000 0.400000 0.420000 0.440000 0.460000 0.480000 0.500000 0.520000 0.540000 0.560000 0.580000 0.600000 0.620000 0.640000 0.660000 0.680000 0.700000 0.720000 0.740000 0.760000 0.780000 0.800000 0.820000 0.840000 0.860000 0.880000 0.900000 0.920000 0.940000 0.960000 0.980000 1.000000
1 0 0 1 0 2 0 1 1 2 0 1 2 7 3 14 6 14 10 13 21 26 29 33 42 55 74 85 76 87 118 96 113 141 143 174 179 209 226 217 235 281 276 269 268 271 265 305 313 348 334 337 300 322 316 269 274 258 226 247 210 193 206 175 143 134 130 130 109 87 80 81 54 54 58 28 29 30 14 16 14 11 21 9 10 8 7 5 3 3 3 2 2 2 2 0 0 0 0 1
-1.000000 -0.980000 -0.960000 -0.940000 -0.920000 -0.900000 -0.880000 -0.860000 -0.840000 -0.820000 -0.800000 -0.780000 -0.760000 -0.740000 -0.720000 -0.700000 -0.680000 -0.660000 -0.640000 -0.620000 -0.600000 -0.580000 -0.560000 -0.540000 -0.520000 -0.500000 -0.480000 -0.460000 -0.440000 -0.420000 -0.400000 -0.380000 -0.360000 -0.340000 -0.320000 -0.300000 -0.280000 -0.260000 -0.240000 -0.220000 -0.200000 -0.180000 -0.160000 -0.140000 -0.120000 -0.100000 -0.080000 -0.060000 -0.040000 -0.020000 0.000000 0.020000 0.040000 0.060000 0.080000 0.100000 0.120000 0.140000 0.160000 0.180000 0.200000 0.220000 0.240000 0.260000 0.280000 0.300000 0.320000 0.340000 0.360000 0.380000 0.400000 0.420000 0.440000 0.460000 0.480000 0.500000 0.520000 0.540000 0.560000 0.580000 0.600000 0.620000 0.640000 0.660000 0.680000 0.700000 0.720000 0.740000 0.760000 0.780000 0.800000 0.820000 0.840000 0.860000 0.880000 0.900000 0.920000 0.940000 0.960000 0.980000 1.000000
0 0 1 1 2 0 0 0 3 1 2 2 4 9 8 5 12 13 13 23 18 25 39 38 43 64 60 80 73 110 98 101 133 127 164 174 173 192 224 226 248 265 243 257 261 290 293 328 264 339 328 325 336 291 281 263 273 255 234 233 253 193 204 158 157 146 146 110 97 109 79 77 61 49 49 35 43 29 20 10 16 11 17 12 9 8 5 9 3 4 3 2 3 3 0 0 1 0 1 0
-1.000000 -0.980000 -0.960000 -0.940000 -0.920000 -0.900000 -0.880000 -0.860000 -0.840000 -0.820000 -0.800000 -0.780000 -0.760000 -0.740000 -0.720000 -0.700000 -0.680000 -0.660000 -0.640000 -0.620000 -0.600000 -0.580000 -0.560000 -0.540000 -0.520000 -0.500000 -0.480000 -0.460000 -0.440000 -0.420000 -0.400000 -0.380000 -0.360000 -0.340000 -0.320000 -0.300000 -0.280000 -0.260000 -0.240000 -0.220000 -0.200000 -0.180000 -0.160000 -0.140000 -0.120000 -0.100000 -0.080000 -0.060000 -0.040000 -0.020000 0.000000 0.020000 0.040000 0.060000 0.080000 0.100000 0.120000 0.140000 0.160000 0.180000 0.200000 0.220000 0.240000 0.260000 0.280000 0.300000 0.320000 0.340000 0.360000 0.380000 0.400000 0.420000 0.440000 0.460000 0.480000 0.500000 0.520000 0.540000 0.560000 0.580000 0.600000 0.620000 0.640000 0.660000 0.680000 0.700000 0.720000 0.740000 0.760000 0.780000 0.800000 0.820000 0.840000 0.860000 0.880000 0.900000 0.920000 0.940000 0.960000 0.980000 1.000000
0 1 0 2 0 2 1 1 0 1 5 2 4 9 6 12 8 10 22 17 24 34 38 39 50 62 67 71 82 95 109 113 118 141 155 183 165 217 212 230 225 234 248 259 283 294 292 305 279 344 327 295 313 292 280 275 281 252 210 257 221 206 174 192 157 152 131 120 110 100 84 73 67 61 50 40 36 24 32 17 15 10 9 10 11 12 5 5 3 5 4 4 3 1 0 1 0 2 0 0
-1.000000 -0.980000 -0.960000 -0.940000 -0.920000 -0.900000 -0.880000 -0.860000 -0.840000 -0.820000 -0.800000 -0.780000 -0.760000 -0.740000 -0.720000 -0.700000 -0.680000 -0.660000 -0.640000 -0.620000 -0.600000 -0.580000 -0.560000 -0.540000 -0.520000 -0.500000 -0.480000 -0.460000 -0.440000 -0.420000 -0.400000 -0.380000 -0.360000 -0.340000 -0.320000 -0.300000 -0.280000 -0.260000 -0.240000 -0.220000 -0.200000 -0.180000 -0.160000 -0.140000 -0.120000 -0.100000 -0.080000 -0.060000 -0.040000 -0.020000 0.000000 0.020000 0.040000 0.060000 0.080000 0.100000 0.120000 0.140000 0.160000 0.180000 0.200000 0.220000 0.240000 0.260000 0.280000 0.300000 0.320000 0.340000 0.360000 0.380000 0.400000 0.420000 0.440000 0.460000 0.480000 0.500000 0.520000 0.540000 0.560000 0.580000 0.600000 0.620000 0.640000 0.660000 0.680000 0.700000 0.720000 0.740000 0.760000 0.780000 0.800000 0.820000 0.840000 0.860000 0.880000 0.900000 0.920000 0.940000 0.960000 0.980000 1.000000
1 1 0 1 0 2 1 2 2 5 2 4 5 12 7 5 10 15 14 19 34 40 32 45 50 48 71 76 98 94 100 117 119 146 150 175 173 224 193 213 234 220 271 227 283 299 298 311 321 272 314 305 291 312 288 282 242 284 229 215 232 193 199 177 163 137 148 115 113 98 94 86 73 54 48 46 39 26 24 25 12 15 9 13 11 5 9 6 6 5 4 2 5 2 0 0 1 0 1 0
-1.000000 -0.980000 -0.960000 -0.940000 -0.920000 -0.900000 -0.880000 -0.860000 -0.840000 -0.820000 -0.800000 -0.780000 -0.760000 -0.740000 -0.720000 -0.700000 -0.680000 -0.660000 -0.640000 -0.620000 -0.600000 -0.580000 -0.560000 -0.540000 -0.520000 -0.500000 -0.480000 -0.460000 -0.440000 -0.420000 -0.400000 -0.380000 -0.360000 -0.340000 -0.320000 -0.300000 -0.280000 -0.260000 -0.240000 -0.220000 -0.200000 -0.180000 -0.160000 -0.140000 -0.120000 -0.100000 -0.080000 -0.060000 -0.040000 -0.020000 0.000000 0.020000 0.040000 0.060000 0.080000 0.100000 0.120000 0.140000 0.160000 0.180000 0.200000 0.220000 0.240000 0.260000 0.280000 0.300000 0.320000 0.340000 0.360000 0.380000 0.400000 0.420000 0.440000 0.460000 0.480000 0.500000 0.520000 0.540000 0.560000 0.580000 0.600000 0.620000 0.640000 0.660000 0.680000 0.700000 0.720000 0.740000 0.760000 0.780000 0.800000 0.820000 0.840000 0.860000 0.880000 0.900000 0.920000 0.940000 0.960000 0.980000 1.000000
0 0 3 0 0 3 2 1 4 1 7 9 4 4 14 7 10 16 22 17 26 31 37 50 53 53 84 93 86 76 105 114 119 162 157 150 193 203 196 217 214 233 244 285 267 289 324 294 280 324 284 283 275 289 285 257 284 270 256 227 204 185 196 167 187 145 142 126 113 98 88 89 74 61 67 36 31 28 32 23 12 8 19 14 12 10 6 9 4 2 6 5 2 1 2 2 0 0 0 1
-1.000000 -0.980000 -0.960000 -0.940000 -0.920000 -0.900000 -0.880000 -0.860000 -0.840000 -0.820000 -0.800000 -0.780000 -0.760000 -0.740000 -0.720000 -0.700000 -0.680000 -0.660000 -0.640000 -0.620000 -0.600000 -0.580000 -0.560000 -0.540000 -0.520000 -0.500000 -0.480000 -0.460000 -0.440000 -0.420000 -0.400000 -0.380000 -0.360000 -0.340000 -0.320000 -0.300000 -0.280000 -0.260000 -0.240000 -0.220000 -0.200000 -0.180000 -0.160000 -0.140000 -0.120000 -0.100000 -0.080000 -0.060000 -0.040000 -0.020000 0.000000 0.020000 0.040000 0.060000 0.080000 0.100000 0.120000 0.140000 0.160000 0.180000 0.200000 0.220000 0.240000 0.260000 0.280000 0.300000 0.320000 0.340000 0.360000 0.380000 0.400000 0.420000 0.440000 0.460000 0.480000 0.500000 0.520000 0.540000 0.560000 0.580000 0.600000 0.620000 0.640000 0.660000 0.680000 0.700000 0.720000 0.740000 0.760000 0.780000 0.800000 0.820000 0.840000 0.860000 0.880000 0.900000 0.920000 0.940000 0.960000 0.980000 1.000000
1 1 2 1 1 0 2 4 1 4 10 3 3 6 15 11 7 18 18 20 33 38 37 56 61 78 64 73 100 104 96 115 114 150 170 152 185 182 209 200 228 245 212 261 278 301 325 284 289 296 300 319 272 277 237 276 244 262 268 216 234 192 180 172 193 162 113 125 116 107 79 93 81 64 53 56 37 26 24 23 22 19 15 15 9 8 12 4 7 6 3 4 4 3 1 2 0 0 0 1
-1.000000 -0.980000 -0.960000 -0.940000 -0.920000 -0.900000 -0.880000 -0.860000 -0.840000 -0.820000 -0.800000 -0.780000 -0.760000 -0.740000 -0.720000 -0.700000 -0.680000 -0.660000 -0.640000 -0.620000 -0.600000 -0.580000 -0.560000 -0.540000 -0.520000 -0.500000 -0.480000 -0.460000 -0.440000 -0.420000 -0.400000 -0.380000 -0.360000 -0.340000 -0.320000 -0.300000 -0.280000 -0.260000 -0.240000 -0.220000 -0.200000 -0.180000 -0.160000 -0.140000 -0.120000 -0.100000 -0.080000 -0.060000 -0.040000 -0.020000 0.000000 0.020000 0.040000 0.060000 0.080000 0.100000 0.120000 0.140000 0.160000 0.180000 0.200000 0.220000 0.240000 0.260000 0.280000 0.300000 0.320000 0.340000 0.360000 0.380000 0.400000 0.420000 0.440000 0.460000 0.480000 0.500000 0.520000 0.540000 0.560000 0.580000 0.600000 0.620000 0.640000 0.660000 0.680000 0.700000 0.720000 0.740000 0.760000 0.780000 0.800000 0.820000 0.840000 0.860000 0.880000 0.900000 0.920000 0.940000 0.960000 0.980000 1.000000
2 2 1 1 0 1 3 2 4 5 4 4 10 9 9 12 10 19 19 26 37 40 41 47 66 63 71 102 85 93 101 119 138 146 158 164 160 195 203 199 225 230 246 276 285 289 272 272 278 318 314 274 273 307 245 232 235 271 241 241 243 191 204 186 151 141 143 116 100 120 93 100 71 72 62 44 35 34 30 26 23 19 24 11 14 9 7 6 7 6 3 3 4 2 2 2 1 0 0 0
-1.000000 -0.980000 -0.960000 -0.940000 -0.920000 -0.900000 -0.880000 -0.860000 -0.840000 -0.820000 -0.800000 -0.780000 -0.760000 -0.740000 -0.720000 -0.700000 -0.680000 -0.660000 -0.640000 -0.620000 -0.600000 -0.580000 -0.560000 -0.540000 -0.520000 -0.500000 -0.480000 -0.460000 -0.440000 -0.420000 -0.400000 -0.380000 -0.360000 -0.340000 -0.320000 -0.300000 -0.280000 -0.260000 -0.240000 -0.220000 -0.200000 -0.180000 -0.160000 -0.140000 -0.120000 -0.100000 -0.080000 -0.060000 -0.040000 -0.020000 0.000000 0.020000 0.040000 0.060000 0.080000 0.100000 0.120000 0.140000 0.160000 0.180000 0.200000 0.220000 0.240000 0.260000 0.280000 0.300000 0.320000 0.340000 0.360000 0.380000 0.400000 0.420000 0.440000 0.460000 0.480000 0.500000 0.520000 0.540000 0.560000 0.580000 0.600000 0.620000 0.640000 0.660000 0.680000 0.700000 0.720000 0.740000 0.760000 0.780000 0.800000 0.820000 0.840000 0.860000 0.880000 0.900000 0.920000 0.940000 0.960000 0.980000 1.000000
1 1 2 4 1 2 3 2 0 5 7 5 9 11 11 10 13 14 32 26 35 38 50 64 51 65 79 87 97 98 101 108 133 144 159 176 189 180 188 212 223 251 286 254 260 265 275 295 269 301 287 286 248 285 248 274 247 249 206 245 225 208 181 187 164 145 142 121 100 94 107 89 81 80 61 58 44 37 31 20 24 24 24 14 9 18 10 3 6 8 3 3 2 2 4 0 1 2 1 0
-1.000000 -0.980000 -0.960000 -0.940000 -0.920000 -0.900000 -0.880000 -0.860000 -0.840000 -0.820000 -0.800000 -0.780000 -0.760000 -0.740000 -0.720000 -0.700000 -0.680000 -0.660000 -0.640000 -0.620000 -0.600000 -0.580000 -0.560000 -0.540000 -0.520000 -0.500000 -0.480000 -0.460000 -0.440000 -0.420000 -0.400000 -0.380000 -0.360000 -0.340000 -0.320000 -0.300000 -0.280000 -0.260000 -0.240000 -0.220000 -0.200000 -0.180000 -0.160000 -0.140000 -0.120000 -0.100000 -0.080000 -0.060000 -0.040000 -0.020000 0.000000 0.020000 0.040000 0.060000 0.080000 0.100000 0.120000 0.140000 0.160000 0.180000 0.200000 0.220000 0.240000 0.260000 0.280000 0.300000 0.320000 0.340000 0.360000 0.380000 0.400000 0.420000 0.440000 0.460000 0.480000 0.500000 0.520000 0.540000 0.560000 0.580000 0.600000 0.620000 0.640000 0.660000 0.680000 0.700000 0.720000 0.740000 0.760000 0.780000 0.800000 0.820000 0.840000 0.860000 0.880000 0.900000 0.920000 0.940000 0.960000 0.980000 1.000000
2 2 0 1 3 1 5 3 2 1 9 8 8 6 14 14 19 16 19 28 52 39 53 50 59 75 75 100 105 102 85 119 124 129 147 170 193 179 193 249 245 223 235 258 271 306 237 257 305 266 283 298 281 262 270 239 258 270 231 211 207 216 177 166 147 160 122 126 109 107 112 96 94 72 60 55 52 38 27 30 19 22 19 18 12 15 12 6 9 10 2 4 3 2 3 2 1 1 1 1
-1.000000 -0.980000 -0.960000 -0.940000 -0.920000 -0.900000 -0.880000 -0.860000 -0.840000 -0.820000 -0.800000 -0.780000 -0.760000 -0.740000 -0.720000 -0.700000 -0.680000 -0.660000 -0.640000 -0.620000 -0.600000 -0.580000 -0.560000 -0.540000 -0.520000 -0.500000 -0.480000 -0.460000 -0.440000 -0.420000 -0.400000 -0.380000 -0.360000 -0.340000 -0.320000 -0.300000 -0.280000 -0.260000 -0.240000 -0.220000 -0.200000 -0.180000 -0.160000 -0.140000 -0.120000 -0.100000 -0.080000 -0.060000 -0.040000 -0.020000 0.000000 0.020000 0.040000 0.060000 0.080000 0.100000 0.120000 0.140000 0.160000 0.180000 0.200000 0.220000 0.240000 0.260000 0.280000 0.300000 0.320000 0.340000 0.360000 0.380000 0.400000 0.420000 0.440000 0.460000 0.480000 0.500000 0.520000 0.540000 0.560000 0.580000 0.600000 0.620000 0.640000 0.660000 0.680000 0.700000 0.720000 0.740000 0.760000 0.780000 0.800000 0.820000 0.840000 0.860000 0.880000 0.900000 0.920000 0.940000 0.960000 0.980000 1.000000
2 0 1 3 0 4 6 2 7 5 6 2 9 6 7 20 16 18 38 35 39 47 45 62 61 73 78 80 102 100 111 111 132 123 163 160 193 205 190 211 257 226 260 267 248 267 250 270 264 299 307 272 284 274 259 234 234 218 234 240 215 206 181 166 151 144 112 124 126 100 114 102 95 68 65 62 39 48 32 34 23 25 15 19 18 13 8 12 9 8 8 1 6 1 3 3 0 4 2 1
-1.000000 -0.980000 -0.960000 -0.940000 -0.920000 -0.900000 -0.880000 -0.860000 -0.840000 -0.820000 -0.800000 -0.780000 -0.760000 -0.740000 -0.720000 -0.700000 -0.680000 -0.660000 -0.640000 -0.620000 -0.600000 -0.580000 -0.560000 -0.540000 -0.520000 -0.500000 -0.480000 -0.460000 -0.440000 -0.420000 -0.400000 -0.380000 -0.360000 -0.340000 -0.320000 -0.300000 -0.280000 -0.260000 -0.240000 -0.220000 -0.200000 -0.180000 -0.160000 -0.140000 -0.120000 -0.100000 -0.080000 -0.060000 -0.040000 -0.020000 0.000000 0.020000 0.040000 0.060000 0.080000 0.100000 0.120000 0.140000 0.160000 0.180000 0.200000 0.220000 0.240000 0.260000 0.280000 0.300000 0.320000 0.340000 0.360000 0.380000 0.400000 0.420000 0.440000 0.460000 0.480000 0.500000 0.520000 0.540000 0.560000 0.580000 0.600000 0.620000 0.640000 0.660000 0.680000 0.700000 0.720000 0.740000 0.760000 0.780000 0.800000 0.820000 0.840000 0.860000 0.880000 0.900000 0.920000 0.940000 0.960000 0.980000 1.000000
4 0 2 1 1 3 2 5 4 5 6 4 6 10 11 16 31 26 28 35 45 39 54 47 61 85 82 79 90 114 120 121 128 130 144 147 206 231 198 237 206 231 234 264 214 269 276 247 284 270 277 303 282 276 259 241 229 231 210 234 209 200 186 174 170 144 137 116 134 124 99 99 73 64 68 50 42 49 43 35 28 24 27 13 11 13 13 12 5 9 7 7 3 5 0 2 1 5 2 2
-1.000000 -0.980000 -0.960000 -0.940000 -0.920000 -0.900000 -0.880000 -0.860000 -0.840000 -0.820000 -0.800000 -0.780000 -0.760000 -0.740000 -0.720000 -0.700000 -0.680000 -0.660000 -0.640000 -0.620000 -0.600000 -0.580000 -0.560000 -0.540000 -0.520000 -0.500000 -0.480000 -0.460000 -0.440000 -0.420000 -0.400000 -0.380000 -0.360000 -0.340000 -0.320000 -0.300000 -0.280000 -0.260000 -0.240000 -0.220000 -0.200000 -0.180000 -0.160000 -0.140000 -0.120000 -0.100000 -0.080000 -0.060000 -0.040000 -0.020000 0.000000 0.020000 0.040000 0.060000 0.080000 0.100000 0.120000 0.140000 0.160000 0.180000 0.200000 0.220000 0.240000 0.260000 0.280000 0.300000 0.320000 0.340000 0.360000 0.380000 0.400000 0.420000 0.440000 0.460000 0.480000 0.500000 0.520000 0.540000 0.560000 0.580000 0.600000 0.620000 0.640000 0.660000 0.680000 0.700000 0.720000 0.740000 0.760000 0.780000 0.800000 0.820000 0.840000 0.860000 0.880000 0.900000 0.920000 0.940000 0.960000 0.980000 1.000000
3 1 2 0 5 1 4 2 3 5 9 3 10 11 16 21 22 29 31 41 30 59 45 61 69 65 88 78 82 115 122 108 149 137 151 172 185 195 197 199 226 215 231 256 253 251 254 269 272 286 308 284 256 250 275 245 225 241 226 227 205 199 178 176 163 137 156 133 121 109 101 93 89 70 68 51 56 22 45 41 33 24 25 16 17 15 14 14 13 4 6 8 4 8 1 3 1 2 1 2
-1.000000 -0.980000 -0.960000 -0.940000 -0.920000 -0.900000 -0.880000 -0.860000 -0.840000 -0.820000 -0.800000 -0.780000 -0.760000 -0.740000 -0.720000 -0.700000 -0.680000 -0.660000 -0.640000 -0.620000 -0.600000 -0.580000 -0.560000 -0.540000 -0.520000 -0.500000 -0.480000 -0.460000 -0.440000 -0.420000 -0.400000 -0.380000 -0.360000 -0.340000 -0.320000 -0.300000 -0.280000 -0.260000 -0.240000 -0.220000 -0.200000 -0.180000 -0.160000 -0.140000 -0.120000 -0.100000 -0.080000 -0.060000 -0.040000 -0.020000 0.000000 0.020000 0.040000 0.060000 0.080000 0.100000 0.120000 0.140000 0.160000 0.180000 0.200000 0.220000 0.240000 0.260000 0.280000 0.300000 0.320000 0.340000 0.360000 0.380000 0.400000 0.420000 0.440000 0.460000 0.480000 0.500000 0.520000 0.540000 0.560000 0.580000 0.600000 0.620000 0.640000 0.660000 0.680000 0.700000 0.720000 0.740000 0.760000 0.780000 0.800000 0.820000 0.840000 0.860000 0.880000 0.900000 0.920000 0.940000 0.960000 0.980000 1.000000
1 1 3 0 2 3 3 6 7 4 8 7 7 12 11 27 20 30 27 39 37 47 58 63 82 69 82 87 89 100 106 110 152 154 157 165 180 188 202 202 235 203 208 251 230 272 268 283 252 282 288 283 273 270 238 227 237 227 229 230 204 184 188 169 167 140 170 137 109 120 98 95 96 76 65 54 56 42 38 40 24 27 23 17 21 18 12 15 12 11 7 7 4 3 5 3 5 3 0 1
-1.000000 -0.980000 -0.960000 -0.940000 -0.920000 -0.900000 -0.880000 -0.860000 -0.840000 -0.820000 -0.800000 -0.780000 -0.760000 -0.740000 -0.720000 -0.700000 -0.680000 -0.660000 -0.640000 -0.620000 -0.600000 -0.580000 -0.560000 -0.540000 -0.520000 -0.500000 -0.480000 -0.460000 -0.440000 -0.420000 -0.400000 -0.380000 -0.360000 -0.340000 -0.320000 -0.300000 -0.280000 -0.260000 -0.240000 -0.220000 -0.200000 -0.180000 -0.160000 -0.140000 -0.120000 -0.100000 -0.080000 -0.060000 -0.040000 -0.020000 0.000000 0.020000 0.040000 0.060000 0.080000 0.100000 0.120000 0.140000 0.160000 0.180000 0.200000 0.220000 0.240000 0.260000 0.280000 0.300000 0.320000 0.340000 0.360000 0.380000 0.400000 0.420000 0.440000 0.460000 0.480000 0.500000 0.520000 0.540000 0.560000 0.580000 0.600000 0.620000 0.640000 0.660000 0.680000 0.700000 0.720000 0.740000 0.760000 0.780000 0.800000 0.820000 0.840000 0.860000 0.880000 0.900000 0.920000 0.940000 0.960000 0.980000 1.000000
1 0 3 1 3 2 6 4 6 6 8 10 16 11 17 16 22 22 33 41 39 41 68 73 64 75 74 83 81 94 119 132 157 156 181 161 168 178 195 194 208 224 268 214 234 262 245 288 291 287 233 272 275 244 237 231 230 234 238 219 201 184 184 191 184 146 144 128 129 118 108 96 80 91 60 60 52 41 40 32 33 31 27 20 17 14 20 17 5 8 9 6 7 1 7 4 3 5 1 1
-1.000000 -0.980000 -0.960000 -0.940000 -0.920000 -0.900000 -0.880000 -0.860000 -0.840000 -0.820000 -0.800000 -0.780000 -0.760000 -0.740000 -0.720000 -0.700000 -0.680000 -0.660000 -0.640000 -0.620000 -0.600000 -0.580000 -0.560000 -0.540000 -0.520000 -0.500000 -0.480000 -0.460000 -0.440000 -0.420000 -0.400000 -0.380000 -0.360000 -0.340000 -0.320000 -0.300000 -0.280000 -0.260000 -0.240000 -0.220000 -0.200000 -0.180000 -0.160000 -0.140000 -0.120000 -0.100000 -0.080000 -0.060000 -0.040000 -0.020000 0.000000 0.020000 0.040000 0.060000 0.080000 0.100000 0.120000 0.140000 0.160000 0.180000 0.200000 0.220000 0.240000 0.260000 0.280000 0.300000 0.320000 0.340000 0.360000 0.380000 0.400000 0.420000 0.440000 0.460000 0.480000 0.500000 0.520000 0.540000 0.560000 0.580000 0.600000 0.620000 0.640000 0.660000 0.680000 0.700000 0.720000 0.740000 0.760000 0.780000 0.800000 0.820000 0.840000 0.860000 0.880000 0.900000 0.920000 0.940000 0.960000 0.980000 1.000000
1 4 1 2 0 5 6 7 8 7 9 11 6 17 15 23 24 24 29 52 45 47 54 64 78 73 61 99 81 110 117 130 153 136 173 165 162 200 202 191 222 215 234 228 247 241 289 253 238 276 258 250 286 256 255 232 225 217 256 213 193 198 196 160 169 156 148 122 130 113 112 94 94 79 71 49 61 46 37 37 31 32 36 24 18 16 16 23 11 5 8 6 5 4 4 4 4 1 1 3
-1.000000 -0.980000 -0.960000 -0.940000 -0.920000 -0.900000 -0.880000 -0.860000 -0.840000 -0.820000 -0.800000 -0.780000 -0.760000 -0.740000 -0.720000 -0.700000 -0.680000 -0.660000 -0.640000 -0.620000 -0.600000 -0.580000 -0.560000 -0.540000 -0.520000 -0.500000 -0.480000 -0.460000 -0.440000 -0.420000 -0.400000 -0.380000 -0.360000 -0.340000 -0.320000 -0.300000 -0.280000 -0.260000 -0.240000 -0.220000 -0.200000 -0.180000 -0.160000 -0.140000 -0.120000 -0.100000 -0.080000 -0.060000 -0.040000 -0.020000 0.000000 0.020000 0.040000 0.060000 0.080000 0.100000 0.120000 0.140000 0.160000 0.180000 0.200000 0.220000 0.240000 0.260000 0.280000 0.300000 0.320000 0.340000 0.360000 0.380000 0.400000 0.420000 0.440000 0.460000 0.480000 0.500000 0.520000 0.540000 0.560000 0.580000 0.600000 0.620000 0.640000 0.660000 0.680000 0.700000 0.720000 0.740000 0.760000 0.780000 0.800000 0.820000 0.840000 0.860000 0.880000 0.900000 0.920000 0.940000 0.960000 0.980000 1.000000
2 3 3 3 3 7 3 4 9 10 15 9 8 17 20 17 26 32 27 43 49 52 53 69 72 63 79 99 93 129 113 125 139 146 163 152 175 207 169 202 194 233 236 242 242 212 263 266 289 260 255 263 267 254 236 240 207 240 215 245 208 196 166 172 169 146 154 132 123 109 101 95 90 83 59 78 63 52 46 36 30 35 28 20 28 24 17 14 8 8 8 3 5 10 4 2 0 4 2 3
-1.000000 -0.980000 -0.960000 -0.940000 -0.920000 -0.900000 -0.880000 -0.860000 -0.840000 -0.820000 -0.800000 -0.780000 -0.760000 -0.740000 -0.720000 -0.700000 -0.680000 -0.660000 -0.640000 -0.620000 -0.600000 -0.580000 -0.560000 -0.540000 -0.520000 -0.500000 -0.480000 -0.460000 -0.440000 -0.420000 -0.400000 -0.380000 -0.360000 -0.340000 -0.320000 -0.300000 -0.280000 -0.260000 -0.240000 -0.220000 -0.200000 -0.180000 -0.160000 -0.140000 -0.120000 -0.100000 -0.080000 -0.060000 -0.040000 -0.020000 0.000000 0.020000 0.040000 0.060000 0.080000 0.100000 0.120000 0.140000 0.160000 0.180000 0.200000 0.220000 0.240000 0.260000 0.280000 0.300000 0.320000 0.340000 0.360000 0.380000 0.400000 0.420000 0.440000 0.460000 0.480000 0.500000 0.520000 0.540000 0.560000 0.580000 0.600000 0.620000 0.640000 0.660000 0.680000 0.700000 0.720000 0.740000 0.760000 0.780000 0.800000 0.820000 0.840000 0.860000 0.880000 0.900000 0.920000 0.940000 0.960000 0.980000 1.000000
2 1 5 3 4 4 5 6 12 12 14 9 7 14 24 30 23 26 31 43 42 70 56 58 60 75 91 95 115 113 114 117 135 153 161 159 163 184 200 196 229 227 203 231 240 231 278 248 267 238 277 250 261 262 240 222 248 218 206 195 208 201 179 213 160 162 154 118 110 120 119 95 93 69 68 59 61 55 45 43 39 25 22 31 22 24 19 15 15 9 11 5 3 4 6 5 1 2 3 4
-1.000000 -0.980000 -0.960000 -0.940000 -0.920000 -0.900000 -0.880000 -0.860000 -0.840000 -0.820000 -0.800000 -0.780000 -0.760000 -0.740000 -0.720000 -0.700000 -0.680000 -0.660000 -0.640000 -0.620000 -0.600000 -0.580000 -0.560000 -0.540000 -0.520000 -0.500000 -0.480000 -0.460000 -0.440000 -0.420000 -0.400000 -0.380000 -0.360000 -0.340000 -0.320000 -0.300000 -0.280000 -0.260000 -0.240000 -0.220000 -0.200000 -0.180000 -0.160000 -0.140000 -0.120000 -0.100000 -0.080000 -0.060000 -0.040000 -0.020000 0.000000 0.020000 0.040000 0.060000 0.080000 0.100000 0.120000 0.140000 0.160000 0.180000 0.200000 0.220000 0.240000 0.260000 0.280000 0.300000 0.320000 0.340000 0.360000 0.380000 0.400000 0.420000 0.440000 0.460000 0.480000 0.500000 0.520000 0.540000 0.560000 0.580000 0.600000 0.620000 0.640000 0.660000 0.680000 0.700000 0.720000 0.740000 0.760000 0.780000 0.800000 0.820000 0.840000 0.860000 0.880000 0.900000 0.920000 0.940000 0.960000 0.980000 1.000000
4 2 2 5 5 4 4 7 9 13 12 16 11 20 13 24 25 34 35 35 54 62 65 48 82 88 79 90 86 113 111 130 146 148 185 173 159 183 186 189 217 227 235 188 262 248 260 242 267 231 238 271 241 247 216 252 236 237 212 222 227 197 171 168 138 169 152 146 124 111 107 99 90 75 71 71 61 43 58 39 37 37 32 24 19 26 14 24 10 9 7 5 4 5 8 5 5 1 2 3
-1.000000 -0.980000 -0.960000 -0.940000 -0.920000 -0.900000 -0.880000 -0.860000 -0.840000 -0.820000 -0.800000 -0.780000 -0.760000 -0.740000 -0.720000 -0.700000 -0.680000 -0.660000 -0.640000 -0.620000 -0.600000 -0.580000 -0.560000 -0.540000 -0.520000 -0.500000 -0.480000 -0.460000 -0.440000 -0.420000 -0.400000 -0.380000 -0.360000 -0.340000 -0.320000 -0.300000 -0.280000 -0.260000 -0.240000 -0.220000 -0.200000 -0.180000 -0.160000 -0.140000 -0.120000 -0.100000 -0.080000 -0.060000 -0.040000 -0.020000 0.000000 0.020000 0.040000 0.060000 0.080000 0.100000 0.120000 0.140000 0.160000 0.180000 0.200000 0.220000 0.240000 0.260000 0.280000 0.300000 0.320000 0.340000 0.360000 0.380000 0.400000 0.420000 0.440000 0.460000 0.480000 0.500000 0.520000 0.540000 0.560000 0.580000 0.600000 0.620000 0.640000 0.660000 0.680000 0.700000 0.720000 0.740000 0.760000 0.780000 0.800000 0.820000 0.840000 0.860000 0.880000 0.900000 0.920000 0.940000 0.960000 0.980000 1.000000
1 4 6 1 3 7 13 2 9 12 13 12 16 18 22 23 28 34 32 34 50 57 73 66 74 82 86 82 97 108 120 139 152 137 141 186 185 174 205 186 205 213 225 234 227 250 236 244 260 254 258 222 250 254 239 241 234 231 196 212 200 196 173 174 173 151 159 124 130 122 122 90 88 74 82 70 56 55 54 46 35 30 40 26 23 25 17 16 17 7 9 5 8 4 5 6 5 3 2 3
-1.000000 -0.980000 -0.960000 -0.940000 -0.920000 -0.900000 -0.880000 -0.860000 -0.840000 -0.820000 -0.800000 -0.780000 -0.760000 -0.740000 -0.720000 -0.700000 -0.680000 -0.660000 -0.640000 -0.620000 -0.600000 -0.580000 -0.560000 -0.540000 -0.520000 -0.500000 -0.480000 -0.460000 -0.440000 -0.420000 -0.400000 -0.380000 -0.360000 -0.340000 -0.320000 -0.300000 -0.280000 -0.260000 -0.240000 -0.220000 -0.200000 -0.180000 -0.160000 -0.140000 -0.120000 -0.100000 -0.080000 -0.060000 -0.040000 -0.020000 0.000000 0.020000 0.040000 0.060000 0.080000 0.100000 0.120000 0.140000 0.160000 0.180000 0.200000 0.220000 0.240000 0.260000 0.280000 0.300000 0.320000 0.340000 0.360000 0.380000 0.400000 0.420000 0.440000 0.460000 0.480000 0.500000 0.520000 0.540000 0.560000 0.580000 0.600000 0.620000 0.640000 0.660000 0.680000 0.700000 0.720000 0.740000 0.760000 0.780000 0.800000 0.820000 0.840000 0.860000 0.880000 0.900000 0.920000 0.940000 0.960000 0.980000 1.000000
3 2 4 5 5 7 6 9 11 14 12 21 13 17 9 21 31 34 46 43 41 63 65 63 79 84 96 85 97 123 109 124 127 141 181 162 158 188 199 216 225 222 236 228 203 226 242 254 271 215 258 253 269 236 200 233 211 250 208 201 198 175 163 178 170 158 165 133 129 134 111 110 98 86 63 62 54 59 47 50 35 41 31 23 34 28 18 13 14 14 9 7 7 4 4 5 3 8 3 1
-1.000000 -0.980000 -0.960000 -0.940000 -0.920000 -0.900000 -0.880000 -0.860000 -0.840000 -0.820000 -0.800000 -0.780000 -0.760000 -0.740000 -0.720000 -0.700000 -0.680000 -0.660000 -0.640000 -0.620000 -0.600000 -0.580000 -0.560000 -0.540000 -0.520000 -0.500000 -0.480000 -0.460000 -0.440000 -0.420000 -0.400000 -0.380000 -0.360000 -0.340000 -0.320000 -0.300000 -0.280000 -0.260000 -0.240000 -0.220000 -0.200000 -0.180000 -0.160000 -0.140000 -0.120000 -0.100000 -0.080000 -0.060000 -0.040000 -0.020000 0.000000 0.020000 0.040000 0.060000 0.080000 0.100000 0.120000 0.140000 0.160000 0.180000 0.200000 0.220000 0.240000 0.260000 0.280000 0.300000 0.320000 0.340000 0.360000 0.380000 0.400000 0.420000 0.440000 0.460000 0.480000 0.500000 0.520000 0.540000 0.560000 0.580000 0.600000 0.620000 0.640000 0.660000 0.680000 0.700000 0.720000 0.740000 0.760000 0.780000 0.800000 0.820000 0.840000 0.860000 0.880000 0.900000 0.920000 0.940000 0.960000 0.980000 1.000000
1 6 7 5 3 8 7 8 12 13 22 11 10 10 21 26 23 36 49 52 52 44 59 68 64 87 93 129 94 105 120 134 142 141 154 163 167 174 195 222 207 256 202 240 201 240 233 235 261 236 252 227 248 253 232 228 210 218 216 189 180 172 212 189 154 137 175 142 135 130 106 94 84 106 78 64 47 63 53 46 37 43 34 29 23 22 20 14 16 16 12 6 5 3 4 5 6 5 8 4
-1.000000 -0.980000 -0.960000 -0.940000 -0.920000 -0.900000 -0.880000 -0.860000 -0.840000 -0.820000 -0.800000 -0.780000 -0.760000 -0.740000 -0.720000 -0.700000 -0.680000 -0.660000 -0.640000 -0.620000 -0.600000 -0.580000 -0.560000 -0.540000 -0.520000 -0.500000 -0.480000 -0.460000 -0.440000 -0.420000 -0.400000 -0.380000 -0.360000 -0.340000 -0.320000 -0.300000 -0.280000 -0.260000 -0.240000 -0.220000 -0.200000 -0.180000 -0.160000 -0.140000 -0.120000 -0.100000 -0.080000 -0.060000 -0.040000 -0.020000 0.000000 0.020000 0.040000 0.060000 0.080000 0.100000 0.120000 0.140000 0.160000 0.180000 0.200000 0.220000 0.240000 0.260000 0.280000 0.300000 0.320000 0.340000 0.360000 0.380000 0.400000 0.420000 0.440000 0.460000 0.480000 0.500000 0.520000 0.540000 0.560000 0.580000 0.600000 0.620000 0.640000 0.660000 0.680000 0.700000 0.720000 0.740000 0.760000 0.780000 0.800000 0.820000 0.840000 0.860000 0.880000 0.900000 0.920000 0.940000 0.960000 0.980000 1.000000
3 6 6 8 10 7 8 9 9 19 10 7 12 15 21 31 32 32 49 41 51 49 60 79 88 84 88 98 94 124 126 139 127 127 140 179 180 185 189 208 209 213 223 238 233 233 227 247 226 238 235 252 248 239 225 249 220 215 208 181 179 181 168 154 179 192 143 171 136 117 127 102 95 78 70 66 60 50 45 44 51 42 42 19 24 20 20 16 18 17 12 10 8 6 4 2 8 6 4 5
-1.000000 -0.980000 -0.960000 -0.940000 -0.920000 -0.900000 -0.880000 -0.860000 -0.840000 -0.820000 -0.800000 -0.780000 -0.760000 -0.740000 -0.720000 -0.700000 -0.680000 -0.660000 -0.640000 -0.620000 -0.600000 -0.580000 -0.560000 -0.540000 -0.520000 -0.500000 -0.480000 -0.460000 -0.440000 -0.420000 -0.400000 -0.380000 -0.360000 -0.340000 -0.320000 -0.300000 -0.280000 -0.260000 -0.240000 -0.220000 -0.200000 -0.180000 -0.160000 -0.140000 -0.120000 -0.100000 -0.080000 -0.060000 -0.040000 -0.020000 0.000000 0.020000 0.040000 0.060000 0.080000 0.100000 0.120000 0.140000 0.160000 0.180000 0.200000 0.220000 0.240000 0.260000 0.280000 0.300000 0.320000 0.340000 0.360000 0.380000 0.400000 0.420000 0.440000 0.460000 0.480000 0.500000 0.520000 0.540000 0.560000 0.580000 0.600000 0.620000 0.640000 0.660000 0.680000 0.700000 0.720000 0.740000 0.760000 0.780000 0.800000 0.820000 0.840000 0.860000 0.880000 0.900000 0.920000 0.940000 0.960000 0.980000 1.000000
5 6 13 6 2 15 6 11 14 7 13 11 17 18 21 23 27 48 42 36 58 62 59 67 87 88 91 100 111 100 135 138 114 153 142 155 188 183 185 232 190 201 239 223 236 225 249 245 225 202 239 248 211 249 260 238 208 203 207 185 177 199 165 176 169 171 157 139 142 127 140 96 101 77 77 60 68 57 54 50 38 43 25 28 29 19 22 16 21 11 12 11 10 7 9 3 6 4 5 7
-1.000000 -0.980000 -0.960000 -0.940000 -0.920000 -0.900000 -0.880000 -0.860000 -0.840000 -0.820000 -0.800000 -0.780000 -0.760000 -0.740000 -0.720000 -0.700000 -0.680000 -0.660000 -0.640000 -0.620000 -0.600000 -0.580000 -0.560000 -0.540000 -0.520000 -0.500000 -0.480000 -0.460000 -0.440000 -0.420000 -0.400000 -0.380000 -0.360000 -0.340000 -0.320000 -0.300000 -0.280000 -0.260000 -0.240000 -0.220000 -0.200000 -0.180000 -0.160000 -0.140000 -0.120000 -0.100000 -0.080000 -0.060000 -0.040000 -0.020000 0.000000 0.020000 0.040000 0.060000 0.080000 0.100000 0.120000 0.140000 0.160000 0.180000 0.200000 0.220000 0.240000 0.260000 0.280000 0.300000 0.320000 0.340000 0.360000 0.380000 0.400000 0.420000 0.440000 0.460000 0.480000 0.500000 0.520000 0.540000 0.560000 0.580000 0.600000 0.620000 0.640000 0.660000 0.680000 0.700000 0.720000 0.740000 0.760000 0.780000 0.800000 0.820000 0.840000 0.860000 0.880000 0.900000 0.920000 0.940000 0.960000 0.980000 1.000000
8 7 9 10 6 10 9 5 13 10 12 18 17 17 20 25 37 32 41 51 57 67 79 57 70 99 84 96 100 107 133 131 149 130 153 177 161 178 209 207 201 230 217 246 217 227 226 257 197 242 220 224 228 271 224 224 231 190 194 208 170 189 182 174 148 158 170 146 129 133 108 113 108 91 74 73 64 67 48 47 43 42 24 26 26 29 18 15 21 14 11 10 10 11 6 6 3 4 6 8
-1.000000 -0.980000 -0.960000 -0.940000 -0.920000 -0.900000 -0.880000 -0.860000 -0.840000 -0.820000 -0.800000 -0.780000 -0.760000 -0.740000 -0.720000 -0.700000 -0.680000 -0.660000 -0.640000 -0.620000 -0.600000 -0.580000 -0.560000 -0.540000 -0.520000 -0.500000 -0.480000 -0.460000 -0.440000 -0.420000 -0.400000 -0.380000 -0.360000 -0.340000 -0.320000 -0.300000 -0.280000 -0.260000 -0.240000 -0.220000 -0.200000 -0.180000 -0.160000 -0.140000 -0.120000 -0.100000 -0.080000 -0.060000 -0.040000 -0.020000 0.000000 0.020000 0.040000 0.060000 0.080000 0.100000 0.120000 0.140000 0.160000 0.180000 0.200000 0.220000 0.240000 0.260000 0.280000 0.300000 0.320000 0.340000 0.360000 0.380000 0.400000 0.420000 0.440000 0.460000 0.480000 0.500000 0.520000 0.540000 0.560000 0.580000 0.600000 0.620000 0.640000 0.660000 0.680000 0.700000 0.720000 0.740000 0.760000 0.780000 0.800000 0.820000 0.840000 0.860000 0.880000 0.900000 0.920000 0.940000 0.960000 0.980000 1.000000
13 7 7 7 9 5 7 16 7 9 18 7 22 25 28 33 33 39 42 42 56 56 67 74 74 81 100 107 111 116 120 136 130 156 140 174 179 172 184 202 206 195 239 225 217 235 234 228 238 228 230 227 228 218 224 246 239 201 179 178 188 200 187 175 155 152 137 143 141 137 125 113 93 97 94 70 65 62 40 49 47 30 34 34 24 30 17 26 8 16 14 13 8 12 9 9 5 7 3 5
-1.000000 -0.980000 -0.960000 -0.940000 -0.920000 -0.900000 -0.880000 -0.860000 -0.840000 -0.820000 -0.800000 -0.780000 -0.760000 -0.740000 -0.720000 -0.700000 -0.680000 -0.660000 -0.640000 -0.620000 -0.600000 -0.580000 -0.560000 -0.540000 -0.520000 -0.500000 -0.480000 -0.460000 -0.440000 -0.420000 -0.400000 -0.380000 -0.360000 -0.340000 -0.320000 -0.300000 -0.280000 -0.260000 -0.240000 -0.220000 -0.200000 -0.180000 -0.160000 -0.140000 -0.120000 -0.100000 -0.080000 -0.060000 -0.040000 -0.020000 0.000000 0.020000 0.040000 0.060000 0.080000 0.100000 0.120000 0.140000 0.160000 0.180000 0.200000 0.220000 0.240000 0.260000 0.280000 0.300000 0.320000 0.340000 0.360000 0.380000 0.400000 0.420000 0.440000 0.460000 0.480000 0.500000 0.520000 0.540000 0.560000 0.580000 0.600000 0.620000 0.640000 0.660000 0.680000 0.700000 0.720000 0.740000 0.760000 0.780000 0.800000 0.820000 0.840000 0.860000 0.880000 0.900000 0.920000 0.940000 0.960000 0.980000 1.000000
10 9 11 8 7 6 8 7 15 11 13 12 16 26 33 30 30 51 40 48 46 63 68 67 75 84 105 110 105 133 105 136 135 163 149 153 176 180 191 186 198 211 231 264 216 207 227 232 215 235 213 238 228 256 205 213 212 199 192 204 184 187 177 160 160 178 173 132 129 123 132 111 95 109 83 75 51 67 49 40 51 31 33 38 27 22 23 28 11 11 12 12 18 7 12 6 7 9 7 3
-1.000000 -0.980000 -0.960000 -0.940000 -0.920000 -0.900000 -0.880000 -0.860000 -0.840000 -0.820000 -0.800000 -0.780000 -0.760000 -0.740000 -0.720000 -0.700000 -0.680000 -0.660000 -0.640000 -0.620000 -0.600000 -0.580000 -0.560000 -0.540000 -0.520000 -0.500000 -0.480000 -0.460000 -0.440000 -0.420000 -0.400000 -0.380000 -0.360000 -0.340000 -0.320000 -0.300000 -0.280000 -0.260000 -0.240000 -0.220000 -0.200000 -0.180000 -0.160000 -0.140000 -0.120000 -0.100000 -0.080000 -0.060000 -0.040000 -0.020000 0.000000 0.020000 0.040000 0.060000 0.080000 0.100000 0.120000 0.140000 0.160000 0.180000 0.200000 0.220000 0.240000 0.260000 0.280000 0.300000 0.320000 0.340000 0.360000 0.380000 0.400000 0.420000 0.440000 0.460000 0.480000 0.500000 0.520000 0.540000 0.560000 0.580000 0.600000 0.620000 0.640000 0.660000 0.680000 0.700000 0.720000 0.740000 0.760000 0.780000 0.800000 0.820000 0.840000 0.860000 0.880000 0.900000 0.920000 0.940000 0.960000 0.980000 1.000000
10 11 8 9 9 10 8 11 14 6 13 26 18 21 21 34 32 40 49 54 56 55 56 84 83 78 78 121 125 114 105 134 146 159 147 179 176 162 176 203 209 217 251 207 245 220 214 228 205 221 211 239 219 186 243 207 229 214 207 207 184 188 164 163 168 157 157 154 129 125 116 103 104 103 89 81 80 54 53 50 31 33 49 33 29 26 17 9 14 15 14 15 13 13 10 11 4 13 3 6
-1.000000 -0.980000 -0.960000 -0.940000 -0.920000 -0.900000 -0.880000 -0.860000 -0.840000 -0.820000 -0.800000 -0.780000 -0.760000 -0.740000 -0.720000 -0.700000 -0.680000 -0.660000 -0.640000 -0.620000 -0.600000 -0.580000 -0.560000 -0.540000 -0.520000 -0.500000 -0.480000 -0.460000 -0.440000 -0.420000 -0.400000 -0.380000 -0.360000 -0.340000 -0.320000 -0.300000 -0.280000 -0.260000 -0.240000 -0.220000 -0.200000 -0.180000 -0.160000 -0.140000 -0.120000 -0.100000 -0.080000 -0.060000 -0.040000 -0.020000 0.000000 0.020000 0.040000 0.060000 0.080000 0.100000 0.120000 0.140000 0.160000 0.180000 0.200000 0.220000 0.240000 0.260000 0.280000 0.300000 0.320000 0.340000 0.360000 0.380000 0.400000 0.420000 0.440000 0.460000 0.480000 0.500000 0.520000 0.540000 0.560000 0.580000 0.600000 0.620000 0.640000 0.660000 0.680000 0.700000 0.720000 0.740000 0.760000 0.780000 0.800000 0.820000 0.840000 0.860000 0.880000 0.900000 0.920000 0.940000 0.960000 0.980000 1.000000
8 13 9 9 7 7 13 11 15 11 18 14 25 32 26 29 35 30 51 47 62 58 60 84 75 98 103 96 123 123 120 127 125 149 144 174 158 183 186 181 211 225 211 242 224 206 201 227 253 228 218 194 210 238 220 199 210 241 208 194 189 190 149 179 147 174 160 140 112 143 123 112 110 104 78 83 59 84 53 47 43 34 32 37 25 25 24 13 17 13 13 10 17 7 9 14 11 11 5 5
-1.000000 -0.980000 -0.960000 -0.940000 -0.920000 -0.900000 -0.880000 -0.860000 -0.840000 -0.820000 -0.800000 -0.780000 -0.760000 -0.740000 -0.720000 -0.700000 -0.680000 -0.660000 -0.640000 -0.620000 -0.600000 -0.580000 -0.560000 -0.540000 -0.520000 -0.500000 -0.480000 -0.460000 -0.440000 -0.420000 -0.400000 -0.380000 -0.360000 -0.340000 -0.320000 -0.300000 -0.280000 -0.260000 -0.240000 -0.220000 -0.200000 -0.180000 -0.160000 -0.140000 -0.120000 -0.100000 -0.080000 -0.060000 -0.040000 -0.020000 0.000000 0.020000 0.040000 0.060000 0.080000 0.100000 0.120000 0.140000 0.160000 0.180000 0.200000 0.220000 0.240000 0.260000 0.280000 0.300000 0.320000 0.340000 0.360000 0.380000 0.400000 0.420000 0.440000 0.460000 0.480000 0.500000 0.520000 0.540000 0.560000 0.580000 0.600000 0.620000 0.640000 0.660000 0.680000 0.700000 0.720000 0.740000 0.760000 0.780000 0.800000 0.820000 0.840000 0.860000 0.880000 0.900000 0.920000 0.940000 0.960000 0.980000 1.000000
12 8 5 11 6 10 8 13 15 15 23 23 19 29 22 39 33 45 34 54 63 61 70 90 72 89 83 108 111 127 131 134 133 131 139 150 168 211 180 195 217 201 216 205 222 217 199 235 219 237 211 228 223 225 199 216 226 219 187 197 200 161 164 177 173 166 171 134 121 116 133 119 96 90 95 103 63 64 59 41 54 46 28 36 19 24 21 24 20 13 6 13 13 17 9 8 11 4 10 9
-1.000000 -0.980000 -0.960000 -0.940000 -0.920000 -0.900000 -0.880000 -0.860000 -0.840000 -0.820000 -0.800000 -0.780000 -0.760000 -0.740000 -0.720000 -0.700000 -0.680000 -0.660000 -0.640000 -0.620000 -0.600000 -0.580000 -0.560000 -0.540000 -0.520000 -0.500000 -0.480000 -0.460000 -0.440000 -0.420000 -0.400000 -0.380000 -0.360000 -0.340000 -0.320000 -0.300000 -0.280000 -0.260000 -0.240000 -0.220000 -0.200000 -0.180000 -0.160000 -0.140000 -0.120000 -0.100000 -0.080000 -0.060000 -0.040000 -0.020000 0.000000 0.020000 0.040000 0.060000 0.080000 0.100000 0.120000 0.140000 0.160000 0.180000 0.200000 0.220000 0.240000 0.260000 0.280000 0.300000 0.320000 0.340000 0.360000 0.380000 0.400000 0.420000 0.440000 0.460000 0.480000 0.500000 0.520000 0.540000 0.560000 0.580000 0.600000 0.620000 0.640000 0.660000 0.680000 0.700000 0.720000 0.740000 0.760000 0.780000 0.800000 0.820000 0.840000 0.860000 0.880000 0.900000 0.920000 0.940000 0.960000 0.980000 1.000000
9 7 6 17 13 10 8 16 10 18 24 20 22 22 28 38 39 38 50 56 52 66 64 71 78 103 76 97 102 131 132 148 127 136 156 172 172 160 194 200 187 196 223 223 240 201 205 238 218 220 201 213 240 204 225 217 214 201 228 186 182 162 192 182 161 159 157 136 132 121 119 109 113 100 100 89 72 54 54 56 50 34 45 30 25 22 21 16 14 14 11 15 17 15 14 11 6 7 6 9
-1.000000 -0.980000 -0.960000 -0.940000 -0.920000 -0.900000 -0.880000 -0.860000 -0.840000 -0.820000 -0.800000 -0.780000 -0.760000 -0.740000 -0.720000 -0.700000 -0.680000 -0.660000 -0.640000 -0.620000 -0.600000 -0.580000 -0.560000 -0.540000 -0.520000 -0.500000 -0.480000 -0.460000 -0.440000 -0.420000 -0.400000 -0.380000 -0.360000 -0.340000 -0.320000 -0.300000 -0.280000 -0.260000 -0.240000 -0.220000 -0.200000 -0.180000 -0.160000 -0.140000 -0.120000 -0.100000 -0.080000 -0.060000 -0.040000 -0.020000 0.000000 0.020000 0.040000 0.060000 0.080000 0.100000 0.120000 0.140000 0.160000 0.180000 0.200000 0.220000 0.240000 0.260000 0.280000 0.300000 0.320000 0.340000 0.360000 0.380000 0.400000 0.420000 0.440000 0.460000 0.480000 0.500000 0.520000 0.540000 0.560000 0.580000 0.600000 0.620000 0.640000 0.660000 0.680000 0.700000 0.720000 0.740000 0.760000 0.780000 0.800000 0.820000 0.840000 0.860000 0.880000 0.900000 0.920000 0.940000 0.960000 0.980000 1.000000
13 8 7 12 7 6 17 9 18 19 26 25 22 28 29 34 35 38 52 57 60 60 78 80 79 78 97 101 116 112 127 116 153 136 165 160 171 192 196 180 178 186 200 243 219 211 230 207 231 211 224 216 205 220 209 209 208 210 190 196 221 168 174 182 161 156 153 145 130 129 131 102 98 92 105 93 68 64 66 59 51 32 37 23 25 24 23 24 16 15 12 13 13 17 10 12 13 8 8 5
-1.000000 -0.980000 -0.960000 -0.940000 -0.920000 -0.900000 -0.880000 -0.860000 -0.840000 -0.820000 -0.800000 -0.780000 -0.760000 -0.740000 -0.720000 -0.700000 -0.680000 -0.660000 -0.640000 -0.620000 -0.600000 -0.580000 -0.560000 -0.540000 -0.520000 -0.500000 -0.480000 -0.460000 -0.440000 -0.420000 -0.400000 -0.380000 -0.360000 -0.340000 -0.320000 -0.300000 -0.280000 -0.260000 -0.240000 -0.220000 -0.200000 -0.180000 -0.160000 -0.140000 -0.120000 -0.100000 -0.080000 -0.060000 -0.040000 -0.020000 0.000000 0.020000 0.040000 0.060000 0.080000 0.100000 0.120000 0.140000 0.160000 0.180000 0.200000 0.220000 0.240000 0.260000 0.280000 0.300000 0.320000 0.340000 0.360000 0.380000 0.400000 0.420000 0.440000 0.460000 0.480000 0.500000 0.520000 0.540000 0.560000 0.580000 0.600000 0.620000 0.640000 0.660000 0.680000 0.700000 0.720000 0.740000 0.760000 0.780000 0.800000 0.820000 0.840000 0.860000 0.880000 0.900000 0.920000 0.940000 0.960000 0.980000 1.000000
11 13 3 7 5 16 14 19 17 16 22 23 29 23 33 36 42 42 41 62 52 65 83 83 80 82 98 102 94 116 123 121 153 151 165 173 175 175 148 191 214 183 204 211 209 220 227 246 202 226 209 203 223 215 205 201 210 201 198 215 188 180 177 181 168 129 157 130 133 131 127 128 112 93 87 92 75 68 58 51 51 40 32 32 38 23 26 22 16 19 18 10 15 5 11 11 17 5 11 7
-1.000000 -0.980000 -0.960000 -0.940000 -0.920000 -0.900000 -0.880000 -0.860000 -0.840000 -0.820000 -0.800000 -0.780000 -0.760000 -0.740000 -0.720000 -0.700000 -0.680000 -0.660000 -0.640000 -0.620000 -0.600000 -0.580000 -0.560000 -0.540000 -0.520000 -0.500000 -0.480000 -0.460000 -0.440000 -0.420000 -0.400000 -0.380000 -0.360000 -0.340000 -0.320000 -0.300000 -0.280000 -0.260000 -0.240000 -0.220000 -0.200000 -0.180000 -0.160000 -0.140000 -0.120000 -0.100000 -0.080000 -0.060000 -0.040000 -0.020000 0.000000 0.020000 0.040000 0.060000 0.080000 0.100000 0.120000 0.140000 0.160000 0.180000 0.200000 0.220000 0.240000 0.260000 0.280000 0.300000 0.320000 0.340000 0.360000 0.380000 0.400000 0.420000 0.440000 0.460000 0.480000 0.500000 0.520000 0.540000 0.560000 0.580000 0.600000 0.620000 0.640000 0.660000 0.680000 0.700000 0.720000 0.740000 0.760000 0.780000 0.800000 0.820000 0.840000 0.860000 0.880000 0.900000 0.920000 0.940000 0.960000 0.980000 1.000000
9 12 7 7 11 15 14 21 22 11 22 23 29 39 18 37 44 37 59 50 52 67 60 74 111 85 93 98 102 114 116 142 159 153 156 146 168 159 179 198 192 209 177 213 225 218 234 213 224 230 219 204 195 231 202 192 212 193 195 196 199 196 170 164 156 159 157 121 133 132 113 133 112 87 101 86 79 67 67 57 51 43 33 33 33 32 26 16 18 18 15 14 9 20 11 4 17 3 15 7
-1.000000 -0.980000 -0.960000 -0.940000 -0.920000 -0.900000 -0.880000 -0.860000 -0.840000 -0.820000 -0.800000 -0.780000 -0.760000 -0.740000 -0.720000 -0.700000 -0.680000 -0.660000 -0.640000 -0.620000 -0.600000 -0.580000 -0.560000 -0.540000 -0.520000 -0.500000 -0.480000 -0.460000 -0.440000 -0.420000 -0.400000 -0.380000 -0.360000 -0.340000 -0.320000 -0.300000 -0.280000 -0.260000 -0.240000 -0.220000 -0.200000 -0.180000 -0.160000 -0.140000 -0.120000 -0.100000 -0.080000 -0.060000 -0.040000 -0.020000 0.000000 0.020000 0.040000 0.060000 0.080000 0.100000 0.120000 0.140000 0.160000 0.180000 0.200000 0.220000 0.240000 0.260000 0.280000 0.300000 0.320000 0.340000 0.360000 0.380000 0.400000 0.420000 0.440000 0.460000 0.480000 0.500000 0.520000 0.540000 0.560000 0.580000 0.600000 0.620000 0.640000 0.660000 0.680000 0.700000 0.720000 0.740000 0.760000 0.780000 0.800000 0.820000 0.840000 0.860000 0.880000 0.900000 0.920000 0.940000 0.960000 0.980000 1.000000
4 12 14 12 14 19 15 16 13 20 19 22 32 34 29 39 46 36 54 48 68 58 71 73 84 89 108 101 99 126 126 133 126 141 169 155 174 154 195 191 198 184 190 208 210 214 221 223 211 218 228 227 202 204 202 200 215 198 194 190 202 184 208 145 154 144 149 128 144 117 119 118 122 101 68 98 85 70 83 55 48 46 38 37 37 31 19 17 22 17 14 17 9 13 15 11 12 10 8 9
-1.000000 -0.980000 -0.960000 -0.940000 -0.920000 -0.900000 -0.880000 -0.860000 -0.840000 -0.820000 -0.800000 -0.780000 -0.760000 -0.740000 -0.720000 -0.700000 -0.680000 -0.660000 -0.640000 -0.620000 -0.600000 -0.580000 -0.560000 -0.540000 -0.520000 -0.500000 -0.480000 -0.460000 -0.440000 -0.420000 -0.400000 -0.380000 -0.360000 -0.340000 -0.320000 -0.300000 -0.280000 -0.260000 -0.240000 -0.220000 -0.200000 -0.180000 -0.160000 -0.140000 -0.120000 -0.100000 -0.080000 -0.060000 -0.040000 -0.020000 0.000000 0.020000 0.040000 0.060000 0.080000 0.100000 0.120000 0.140000 0.160000 0.180000 0.200000 0.220000 0.240000 0.260000 0.280000 0.300000 0.320000 0.340000 0.360000 0.380000 0.400000 0.420000 0.440000 0.460000 0.480000 0.500000 0.520000 0.540000 0.560000 0.580000 0.600000 0.620000 0.640000 0.660000 0.680000 0.700000 0.720000 0.740000 0.760000 0.780000 0.800000 0.820000 0.840000 0.860000 0.880000 0.900000 0.920000 0.940000 0.960000 0.980000 1.000000
10 10 10 12 17 12 12 13 14 26 19 33 23 37 37 43 38 46 41 52 72 75 55 89 75 86 108 104 111 118 110 153 137 164 156 141 156 177 186 167 207 187 195 211 203 209 204 220 193 242 229 198 219 215 191 222 209 194 215 158 197 195 162 171 165 137 145 139 142 112 127 113 105 107 92 107 85 50 63 67 55 53 42 26 37 28 25 25 20 18 20 13 9 14 13 12 14 10 6 13
-1.000000 -0.980000 -0.960000 -0.940000 -0.920000 -0.900000 -0.880000 -0.860000 -0.840000 -0.820000 -0.800000 -0.780000 -0.760000 -0.740000 -0.720000 -0.700000 -0.680000 -0.660000 -0.640000 -0.620000 -0.600000 -0.580000 -0.560000 -0.540000 -0.520000 -0.500000 -0.480000 -0.460000 -0.440000 -0.420000 -0.400000 -0.380000 -0.360000 -0.340000 -0.320000 -0.300000 -0.280000 -0.260000 -0.240000 -0.220000 -0.200000 -0.180000 -0.160000 -0.140000 -0.120000 -0.100000 -0.080000 -0.060000 -0.040000 -0.020000 0.000000 0.020000 0.040000 0.060000 0.080000 0.100000 0.120000 0.140000 0.160000 0.180000 0.200000 0.220000 0.240000 0.260000 0.280000 0.300000 0.320000 0.340000 0.360000 0.380000 0.400000 0.420000 0.440000 0.460000 0.480000 0.500000 0.520000 0.540000 0.560000 0.580000 0.600000 0.620000 0.640000 0.660000 0.680000 0.700000 0.720000 0.740000 0.760000 0.780000 0.800000 0.820000 0.840000 0.860000 0.880000 0.900000 0.920000 0.940000 0.960000 0.980000 1.000000
13 8 12 17 8 17 10 22 16 17 28 23 23 42 40 44 41 43 51 58 62 72 71 79 66 97 84 105 115 132 142 110 143 138 156 152 164 179 185 167 172 206 219 201 192 207 217 220 205 219 210 227 211 214 179 234 206 199 189 190 185 153 178 179 163 135 167 143 129 143 105 112 98 115 97 85 74 86 65 58 46 48 53 44 24 26 23 30 25 20 14 18 13 11 9 7 15 8 14 13
-1.000000 -0.980000 -0.960000 -0.940000 -0.920000 -0.900000 -0.880000 -0.860000 -0.840000 -0.820000 -0.800000 -0.780000 -0.760000 -0.740000 -0.720000 -0.700000 -0.680000 -0.660000 -0.640000 -0.620000 -0.600000 -0.580000 -0.560000 -0.540000 -0.520000 -0.500000 -0.480000 -0.460000 -0.440000 -0.420000 -0.400000 -0.380000 -0.360000 -0.340000 -0.320000 -0.300000 -0.280000 -0.260000 -0.240000 -0.220000 -0.200000 -0.180000 -0.160000 -0.140000 -0.120000 -0.100000 -0.080000 -0.060000 -0.040000 -0.020000 0.000000 0.020000 0.040000 0.060000 0.080000 0.100000 0.120000 0.140000 0.160000 0.180000 0.200000 0.220000 0.240000 0.260000 0.280000 0.300000 0.320000 0.340000 0.360000 0.380000 0.400000 0.420000 0.440000 0.460000 0.480000 0.500000 0.520000 0.540000 0.560000 0.580000 0.600000 0.620000 0.640000 0.660000 0.680000 0.700000 0.720000 0.740000 0.760000 0.780000 0.800000 0.820000 0.840000 0.860000 0.880000 0.900000 0.920000 0.940000 0.960000 0.980000 1.000000
11 18 12 11 14 12 13 13 19 24 26 20 31 40 40 43 47 49 56 44 62 66 70 79 88 92 105 99 107 121 130 115 131 139 171 147 168 161 193 174 183 200 218 195 201 191 199 235 196 211 225 240 228 211 217 182 173 175 201 196 184 158 198 154 153 167 141 136 145 138 110 110 120 102 79 98 88 67 79 59 57 48 36 33 39 36 28 28 25 16 17 19 18 11 6 9 17 15 13 5
-1.000000 -0.980000 -0.960000 -0.940000 -0.920000 -0.900000 -0.880000 -0.860000 -0.840000 -0.820000 -0.800000 -0.780000 -0.760000 -0.740000 -0.720000 -0.700000 -0.680000 -0.660000 -0.640000 -0.620000 -0.600000 -0.580000 -0.560000 -0.540000 -0.520000 -0.500000 -0.480000 -0.460000 -0.440000 -0.420000 -0.400000 -0.380000 -0.360000 -0.340000 -0.320000 -0.300000 -0.280000 -0.260000 -0.240000 -0.220000 -0.200000 -0.180000 -0.160000 -0.140000 -0.120000 -0.100000 -0.080000 -0.060000 -0.040000 -0.020000 0.000000 0.020000 0.040000 0.060000 0.080000 0.100000 0.120000 0.140000 0.160000 0.180000 0.200000 0.220000 0.240000 0.260000 0.280000 0.300000 0.320000 0.340000 0.360000 0.380000 0.400000 0.420000 0.440000 0.460000 0.480000 0.500000 0.520000 0.540000 0.560000 0.580000 0.600000 0.620000 0.640000 0.660000 0.680000 0.700000 0.720000 0.740000 0.760000 0.780000 0.800000 0.820000 0.840000 0.860000 0.880000 0.900000 0.920000 0.940000 0.960000 0.980000 1.000000
7 14 13 18 16 14 15 16 15 31 17 29 34 39 34 34 60 44 44 49 68 77 72 91 74 80 117 93 110 118 117 122 155 137 136 183 140 186 186 171 190 183 196 205 231 188 225 176 234 206 225 235 203 208 206 217 172 177 168 192 174 166 185 165 162 173 132 135 125 139 137 105 124 94 102 75 72 74 67 74 69 55 46 36 36 30 26 25 23 20 29 17 17 7 17 6 10 19 3 16
-1.000000 -0.980000 -0.960000 -0.940000 -0.920000 -0.900000 -0.880000 -0.860000 -0.840000 -0.820000 -0.800000 -0.780000 -0.760000 -0.740000 -0.720000 -0.700000 -0.680000 -0.660000 -0.640000 -0.620000 -0.600000 -0.580000 -0.560000 -0.540000 -0.520000 -0.500000 -0.480000 -0.460000 -0.440000 -0.420000 -0.400000 -0.380000 -0.360000 -0.340000 -0.320000 -0.300000 -0.280000 -0.260000 -0.240000 -0.220000 -0.200000 -0.180000 -0.160000 -0.140000 -0.120000 -0.100000 -0.080000 -0.060000 -0.040000 -0.020000 0.000000 0.020000 0.040000 0.060000 0.080000 0.100000 0.120000 0.140000 0.160000 0.180000 0.200000 0.220000 0.240000 0.260000 0.280000 0.300000 0.320000 0.340000 0.360000 0.380000 0.400000 0.420000 0.440000 0.460000 0.480000 0.500000 0.520000 0.540000 0.560000 0.580000 0.600000 0.620000 0.640000 0.660000 0.680000 0.700000 0.720000 0.740000 0.760000 0.780000 0.800000 0.820000 0.840000 0.860000 0.880000 0.900000 0.920000 0.940000 0.960000 0.980000 1.000000
16 10 9 14 16 10 20 22 11 21 30 35 33 42 37 35 48 42 55 54 69 73 71 94 96 89 94 110 120 102 118 120 126 143 140 151 173 190 181 179 185 194 191 203 212 188 217 222 197 208 215 219 216 209 199 182 208 210 173 167 166 141 177 184 175 143 159 139 149 121 125 120 111 91 92 90 74 75 71 74 57 48 48 39 39 35 31 24 21 22 20 21 16 13 21 6 10 11 16 11
-1.000000 -0.980000 -0.960000 -0.940000 -0.920000 -0.900000 -0.880000 -0.860000 -0.840000 -0.820000 -0.800000 -0.780000 -0.760000 -0.740000 -0.720000 -0.700000 -0.680000 -0.660000 -0.640000 -0.620000 -0.600000 -0.580000 -0.560000 -0.540000 -0.520000 -0.500000 -0.480000 -0.460000 -0.440000 -0.420000 -0.400000 -0.380000 -0.360000 -0.340000 -0.320000 -0.300000 -0.280000 -0.260000 -0.240000 -0.220000 -0.200000 -0.180000 -0.160000 -0.140000 -0.120000 -0.100000 -0.080000 -0.060000 -0.040000 -0.020000 0.000000 0.020000 0.040000 0.060000 0.080000 0.100000 0.120000 0.140000 0.160000 0.180000 0.200000 0.220000 0.240000 0.260000 0.280000 0.300000 0.320000 0.340000 0.360000 0.380000 0.400000 0.420000 0.440000 0.460000 0.480000 0.500000 0.520000 0.540000 0.560000 0.580000 0.600000 0.620000 0.640000 0.660000 0.680000 0.700000 0.720000 0.740000 0.760000 0.780000 0.800000 0.820000 0.840000 0.860000 0.880000 0.900000 0.920000 0.940000 0.960000 0.980000 1.000000
11 21 11 5 14 17 15 18 19 23 30 38 32 31 44 45 42 47 49 69 74 73 81 77 83 100 118 80 100 109 123 112 138 155 140 163 148 181 193 171 178 198 200 209 207 202 216 190 221 209 210 214 193 214 206 196 193 200 176 154 166 175 161 184 139 152 156 153 145 153 122 108 92 110 92 95 71 83 61 68 56 55 58 44 34 18 40 30 16 25 24 18 17 17 17 10 9 15 11 14
-1.000000 -0.980000 -0.960000 -0.940000 -0.920000 -0.900000 -0.880000 -0.860000 -0.840000 -0.820000 -0.800000 -0.780000 -0.760000 -0.740000 -0.720000 -0.700000 -0.680000 -0.660000 -0.640000 -0.620000 -0.600000 -0.580000 -0.560000 -0.540000 -0.520000 -0.500000 -0.480000 -0.460000 -0.440000 -0.420000 -0.400000 -0.380000 -0.360000 -0.340000 -0.320000 -0.300000 -0.280000 -0.260000 -0.240000 -0.220000 -0.200000 -0.180000 -0.160000 -0.140000 -0.120000 -0.100000 -0.080000 -0.060000 -0.040000 -0.020000 0.000000 0.020000 0.040000 0.060000 0.080000 0.100000 0.120000 0.140000 0.160000 0.180000 0.200000 0.220000 0.240000 0.260000 0.280000 0.300000 0.320000 0.340000 0.360000 0.380000 0.400000 0.420000 0.440000 0.460000 0.480000 0.500000 0.520000 0.540000 0.560000 0.580000 0.600000 0.620000 0.640000 0.660000 0.680000 0.700000 0.720000 0.740000 0.760000 0.780000 0.800000 0.820000 0.840000 0.860000 0.880000 0.900000 0.920000 0.940000 0.960000 0.980000 1.000000
12 8 15 12 21 19 18 18 24 15 25 32 32 35 43 47 43 57 47 60 67 68 90 85 80 89 116 102 118 94 112 120 135 133 153 161 159 164 171 199 211 200 191 192 202 195 211 214 205 216 208 190 199 202 232 200 196 184 184 159 178 182 171 147 156 151 154 154 137 115 115 106 128 101 100 90 83 80 63 69 58 52 49 37 32 41 31 31 21 24 20 17 25 17 13 14 11 8 14 15
-1.000000 -0.980000 -0.960000 -0.940000 -0.920000 -0.900000 -0.880000 -0.860000 -0.840000 -0.820000 -0.800000 -0.780000 -0.760000 -0.740000 -0.720000 -0.700000 -0.680000 -0.660000 -0.640000 -0.620000 -0.600000 -0.580000 -0.560000 -0.540000 -0.520000 -0.500000 -0.480000 -0.460000 -0.440000 -0.420000 -0.400000 -0.380000 -0.360000 -0.340000 -0.320000 -0.300000 -0.280000 -0.260000 -0.240000 -0.220000 -0.200000 -0.180000 -0.160000 -0.140000 -0.120000 -0.100000 -0.080000 -0.060000 -0.040000 -0.020000 0.000000 0.020000 0.040000 0.060000 0.080000 0.100000 0.120000 0.140000 0.160000 0.180000 0.200000 0.220000 0.240000 0.260000 0.280000 0.300000 0.320000 0.340000 0.360000 0.380000 0.400000 0.420000 0.440000 0.460000 0.480000 0.500000 0.520000 0.540000 0.560000 0.580000 0.600000 0.620000 0.640000 0.660000 0.680000 0.700000 0.720000 0.740000 0.760000 0.780000 0.800000 0.820000 0.840000 0.860000 0.880000 0.900000 0.920000 0.940000 0.960000 0.980000 1.000000
15 15 14 11 18 18 17 14 22 19 37 26 33 38 51 41 59 50 51 51 74 64 80 89 87 88 102 104 91 108 119 143 131 136 152 160 143 158 195 200 210 191 192 177 193 217 196 234 210 221 180 181 212 207 197 210 186 203 151 168 161 188 177 158 150 171 133 138 135 133 139 114 108 102 100 93 77 92 69 67 49 52 48 44 35 36 28 30 28 21 24 20 20 20 12 18 5 17 11 17
-1.000000 -0.980000 -0.960000 -0.940000 -0.920000 -0.900000 -0.880000 -0.860000 -0.840000 -0.820000 -0.800000 -0.780000 -0.760000 -0.740000 -0.720000 -0.700000 -0.680000 -0.660000 -0.640000 -0.620000 -0.600000 -0.580000 -0.560000 -0.540000 -0.520000 -0.500000 -0.480000 -0.460000 -0.440000 -0.420000 -0.400000 -0.380000 -0.360000 -0.340000 -0.320000 -0.300000 -0.280000 -0.260000 -0.240000 -0.220000 -0.200000 -0.180000 -0.160000 -0.140000 -0.120000 -0.100000 -0.080000 -0.060000 -0.040000 -0.020000 0.000000 0.020000 0.040000 0.060000 0.080000 0.100000 0.120000 0.140000 0.160000 0.180000 0.200000 0.220000 0.240000 0.260000 0.280000 0.300000 0.320000 0.340000 0.360000 0.380000 0.400000 0.420000 0.440000 0.460000 0.480000 0.500000 0.520000 0.540000 0.560000 0.580000 0.600000 0.620000 0.640000 0.660000 0.680000 0.700000 0.720000 0.740000 0.760000 0.780000 0.800000 0.820000 0.840000 0.860000 0.880000 0.900000 0.920000 0.940000 0.960000 0.980000 1.000000
12 13 11 20 17 19 21 19 25 16 36 29 29 23 41 47 63 56 66 61 52 76 83 92 74 98 99 103 90 115 113 131 137 151 133 157 166 168 199 170 169 183 220 206 199 197 194 209 202 211 204 180 194 221 196 220 209 173 180 148 164 167 161 170 168 153 154 138 129 148 126 119 93 107 98 102 89 73 79 58 67 56 54 31 41 31 40 24 24 26 27 13 14 26 12 16 12 12 21 11
-1.000000 -0.980000 -0.960000 -0.940000 -0.920000 -0.900000 -0.880000 -0.860000 -0.840000 -0.820000 -0.800000 -0.780000 -0.760000 -0.740000 -0.720000 -0.700000 -0.680000 -0.660000 -0.640000 -0.620000 -0.600000 -0.580000 -0.560000 -0.540000 -0.520000 -0.500000 -0.480000 -0.460000 -0.440000 -0.420000 -0.400000 -0.380000 -0.360000 -0.340000 -0.320000 -0.300000 -0.280000 -0.260000 -0.240000 -0.220000 -0.200000 -0.180000 -0.160000 -0.140000 -0.120000 -0.100000 -0.080000 -0.060000 -0.040000 -0.020000 0.000000 0.020000 0.040000 0.060000 0.080000 0.100000 0.120000 0.140000 0.160000 0.180000 0.200000 0.220000 0.240000 0.260000 0.280000 0.300000 0.320000 0.340000 0.360000 0.380000 0.400000 0.420000 0.440000 0.460000 0.480000 0.500000 0.520000 0.540000 0.560000 0.580000 0.600000 0.620000 0.640000 0.660000 0.680000 0.700000 0.720000 0.740000 0.760000 0.780000 0.800000 0.820000 0.840000 0.860000 0.880000 0.900000 0.920000 0.940000 0.960000 0.980000 1.000000
12 11 21 13 24 22 17 16 23 29 32 25 27 37 44 44 36 69 63 63 62 79 89 74 80 83 97 107 117 108 126 134 124 145 137 141 178 169 189 173 197 187 196 206 192 202 207 199 183 206 200 200 179 199 205 188 198 206 166 170 171 170 151 169 150 148 168 142 141 136 125 118 104 110 103 101 95 71 68 70 70 58 38 54 33 23 29 37 25 23 20 23 23 21 16 12 11 17 16 14
-1.000000 -0.980000 -0.960000 -0.940000 -0.920000 -0.900000 -0.880000 -0.860000 -0.840000 -0.820000 -0.800000 -0.780000 -0.760000 -0.740000 -0.720000 -0.700000 -0.680000 -0.660000 -0.640000 -0.620000 -0.600000 -0.580000 -0.560000 -0.540000 -0.520000 -0.500000 -0.480000 -0.460000 -0.440000 -0.420000 -0.400000 -0.380000 -0.360000 -0.340000 -0.320000 -0.300000 -0.280000 -0.260000 -0.240000 -0.220000 -0.200000 -0.180000 -0.160000 -0.140000 -0.120000 -0.100000 -0.080000 -0.060000 -0.040000 -0.020000 0.000000 0.020000 0.040000 0.060000 0.080000 0.100000 0.120000 0.140000 0.160000 0.180000 0.200000 0.220000 0.240000 0.260000 0.280000 0.300000 0.320000 0.340000 0.360000 0.380000 0.400000 0.420000 0.440000 0.460000 0.480000 0.500000 0.520000 0.540000 0.560000 0.580000 0.600000 0.620000 0.640000 0.660000 0.680000 0.700000 0.720000 0.740000 0.760000 0.780000 0.800000 0.820000 0.840000 0.860000 0.880000 0.900000 0.920000 0.940000 0.960000 0.980000 1.000000
21 19 13 17 18 21 23 20 12 23 29 38 33 21 41 47 49 55 62 68 74 65 84 79 81 78 100 114 114 130 118 133 148 109 154 134 151 181 195 190 197 197 195 176 183 207 189 217 200 224 162 200 201 184 187 178 200 205 170 161 205 173 158 154 148 154 109 151 147 138 139 140 113 99 103 94 85 77 67 69 51 70 47 48 43 35 29 34 20 22 30 30 15 16 12 21 18 14 17 10
-1.000000 -0.980000 -0.960000 -0.940000 -0.920000 -0.900000 -0.880000 -0.860000 -0.840000 -0.820000 -0.800000 -0.780000 -0.760000 -0.740000 -0.720000 -0.700000 -0.680000 -0.660000 -0.640000 -0.620000 -0.600000 -0.580000 -0.560000 -0.540000 -0.520000 -0.500000 -0.480000 -0.460000 -0.440000 -0.420000 -0.400000 -0.380000 -0.360000 -0.340000 -0.320000 -0.300000 -0.280000 -0.260000 -0.240000 -0.220000 -0.200000 -0.180000 -0.160000 -0.140000 -0.120000 -0.100000 -0.080000 -0.060000 -0.040000 -0.020000 0.000000 0.020000 0.040000 0.060000 0.080000 0.100000 0.120000 0.140000 0.160000 0.180000 0.200000 0.220000 0.240000 0.260000 0.280000 0.300000 0.320000 0.340000 0.360000 0.380000 0.400000 0.420000 0.440000 0.460000 0.480000 0.500000 0.520000 0.540000 0.560000 0.580000 0.600000 0.620000 0.640000 0.660000 0.680000 0.700000 0.720000 0.740000 0.760000 0.780000 0.800000 0.820000 0.840000 0.860000 0.880000 0.900000 0.920000 0.940000 0.960000 0.980000 1.000000
18 19 28 11 17 12 20 17 22 33 32 33 42 32 40 43 44 62 56 62 74 61 69 75 101 98 100 92 99 136 117 139 122 150 157 148 150 159 178 194 188 225 195 191 167 202 205 210 196 199 195 212 159 176 190 210 183 185 170 173 197 184 168 148 147 132 144 156 138 111 127 133 108 120 87 89 97 91 62 78 49 65 52 43 59 29 43 20 30 28 22 13 24 13 20 17 15 20 11 17
-1.000000 -0.980000 -0.960000 -0.940000 -0.920000 -0.900000 -0.880000 -0.860000 -0.840000 -0.820000 -0.800000 -0.780000 -0.760000 -0.740000 -0.720000 -0.700000 -0.680000 -0.660000 -0.640000 -0.620000 -0.600000 -0.580000 -0.560000 -0.540000 -0.520000 -0.500000 -0.480000 -0.460000 -0.440000 -0.420000 -0.400000 -0.380000 -0.360000 -0.340000 -0.320000 -0.300000 -0.280000 -0.260000 -0.240000 -0.220000 -0.200000 -0.180000 -0.160000 -0.140000 -0.120000 -0.100000 -0.080000 -0.060000 -0.040000 -0.020000 0.000000 0.020000 0.040000 0.060000 0.080000 0.100000 0.120000 0.140000 0.160000 0.180000 0.200000 0.220000 0.240000 0.260000 0.280000 0.300000 0.320000 0.340000 0.360000 0.380000 0.400000 0.420000 0.440000 0.460000 0.480000 0.500000 0.520000 0.540000 0.560000 0.580000 0.600000 0.620000 0.640000 0.660000 0.680000 0.700000 0.720000 0.740000 0.760000 0.780000 0.800000 0.820000 0.840000 0.860000 0.880000 0.900000 0.920000 0.940000 0.960000 0.980000 1.000000
24 15 22 17 18 19 20 21 27 34 31 29 31 34 46 46 50 51 51 68 61 63 74 93 103 92 86 113 104 134 120 144 136 132 155 170 149 166 164 158 203 178 205 183 185 208 215 209 192 174 180 216 212 174 190 197 171 186 166 171 198 158 167 172 150 143 129 142 136 129 120 127 110 99 112 85 98 91 85 60 61 60 48 47 48 35 39 24 25 26 27 26 20 17 20 16 15 16 16 17
-1.000000 -0.980000 -0.960000 -0.940000 -0.920000 -0.900000 -0.880000 -0.860000 -0.840000 -0.820000 -0.800000 -0.780000 -0.760000 -0.740000 -0.720000 -0.700000 -0.680000 -0.660000 -0.640000 -0.620000 -0.600000 -0.580000 -0.560000 -0.540000 -0.520000 -0.500000 -0.480000 -0.460000 -0.440000 -0.420000 -0.400000 -0.380000 -0.360000 -0.340000 -0.320000 -0.300000 -0.280000 -0.260000 -0.240000 -0.220000 -0.200000 -0.180000 -0.160000 -0.140000 -0.120000 -0.100000 -0.080000 -0.060000 -0.040000 -0.020000 0.000000 0.020000 0.040000 0.060000 0.080000 0.100000 0.120000 0.140000 0.160000 0.180000 0.200000 0.220000 0.240000 0.260000 0.280000 0.300000 0.320000 0.340000 0.360000 0.380000 0.400000 0.420000 0.440000 0.460000 0.480000 0.500000 0.520000 0.540000 0.560000 0.580000 0.600000 0.620000 0.640000 0.660000 0.680000 0.700000 0.720000 0.740000 0.760000 0.780000 0.800000 0.820000 0.840000 0.860000 0.880000 0.900000 0.920000 0.940000 0.960000 0.980000 1.000000
22 15 22 24 18 22 16 27 25 30 28 36 35 38 37 49 47 54 61 54 65 74 60 97 94 114 82 119 108 136 138 125 129 125 166 139 166 161 174 157 199 185 188 195 184 197 197 197 199 204 205 210 180 204 173 171 178 190 185 187 177 161 160 149 159 126 140 152 147 118 117 115 107 124 90 95 94 75 82 66 70 67 53 41 45 33 29 39 31 22 35 19 17 24 19 22 14 13 17 19
-1.000000 -0.980000 -0.960000 -0.940000 -0.920000 -0.900000 -0.880000 -0.860000 -0.840000 -0.820000 -0.800000 -0.780000 -0.760000 -0.740000 -0.720000 -0.700000 -0.680000 -0.660000 -0.640000 -0.620000 -0.600000 -0.580000 -0.560000 -0.540000 -0.520000 -0.500000 -0.480000 -0.460000 -0.440000 -0.420000 -0.400000 -0.380000 -0.360000 -0.340000 -0.320000 -0.300000 -0.280000 -0.260000 -0.240000 -0.220000 -0.200000 -0.180000 -0.160000 -0.140000 -0.120000 -0.100000 -0.080000 -0.060000 -0.040000 -0.020000 0.000000 0.020000 0.040000 0.060000 0.080000 0.100000 0.120000 0.140000 0.160000 0.180000 0.200000 0.220000 0.240000 0.260000 0.280000 0.300000 0.320000 0.340000 0.360000 0.380000 0.400000 0.420000 0.440000 0.460000 0.480000 0.500000 0.520000 0.540000 0.560000 0.580000 0.600000 0.620000 0.640000 0.660000 0.680000 0.700000 0.720000 0.740000 0.760000 0.780000 0.800000 0.820000 0.840000 0.860000 0.880000 0.900000 0.920000 0.940000 0.960000 0.980000 1.000000
22 20 17 17 23 19 28 23 36 26 31 36 43 37 42 42 53 50 60 72 64 60 80 79 81 114 92 111 112 122 122 142 135 147 143 152 152 165 178 178 192 180 168 191 198 174 215 180 207 199 196 204 172 219 179 174 185 185 163 193 181 158 165 158 153 158 145 145 122 104 105 120 112 135 101 81 95 76 65 72 60 73 56 56 31 40 36 31 36 25 28 22 29 17 23 13 25 20 14 14
-1.000000 -0.980000 -0.960000 -0.940000 -0.920000 -0.900000 -0.880000 -0.860000 -0.840000 -0.820000 -0.800000 -0.780000 -0.760000 -0.740000 -0.720000 -0.700000 -0.680000 -0.660000 -0.640000 -0.620000 -0.600000 -0.580000 -0.560000 -0.540000 -0.520000 -0.500000 -0.480000 -0.460000 -0.440000 -0.420000 -0.400000 -0.380000 -0.360000 -0.340000 -0.320000 -0.300000 -0.280000 -0.260000 -0.240000 -0.220000 -0.200000 -0.180000 -0.160000 -0.140000 -0.120000 -0.100000 -0.080000 -0.060000 -0.040000 -0.020000 0.000000 0.020000 0.040000 0.060000 0.080000 0.100000 0.120000 0.140000 0.160000 0.180000 0.200000 0.220000 0.240000 0.260000 0.280000 0.300000 0.320000 0.340000 0.360000 0.380000 0.400000 0.420000 0.440000 0.460000 0.480000 0.500000 0.520000 0.540000 0.560000 0.580000 0.600000 0.620000 0.640000 0.660000 0.680000 0.700000 0.720000 0.740000 0.760000 0.780000 0.800000 0.820000 0.840000 0.860000 0.880000 0.900000 0.920000 0.940000 0.960000 0.980000 1.000000
23 17 20 29 17 28 20 21 22 30 35 39 39 42 42 44 48 47 63 72 59 74 75 80 86 95 97 119 107 116 146 135 152 148 149 142 149 156 179 193 163 170 169 174 208 207 213 202 199 186 191 196 214 167 194 167 179 180 161 171 180 173 166 175 166 143 137 115 133 127 123 111 115 107 105 98 76 72 70 64 84 67 52 48 40 48 34 38 42 21 26 30 20 19 20 19 21 16 16 17
-1.000000 -0.980000 -0.960000 -0.940000 -0.920000 -0.900000 -0.880000 -0.860000 -0.840000 -0.820000 -0.800000 -0.780000 -0.760000 -0.740000 -0.720000 -0.700000 -0.680000 -0.660000 -0.640000 -0.620000 -0.600000 -0.580000 -0.560000 -0.540000 -0.520000 -0.500000 -0.480000 -0.460000 -0.440000 -0.420000 -0.400000 -0.380000 -0.360000 -0.340000 -0.320000 -0.300000 -0.280000 -0.260000 -0.240000 -0.220000 -0.200000 -0.180000 -0.160000 -0.140000 -0.120000 -0.100000 -0.080000 -0.060000 -0.040000 -0.020000 0.000000 0.020000 0.040000 0.060000 0.080000 0.100000 0.120000 0.140000 0.160000 0.180000 0.200000 0.220000 0.240000 0.260000 0.280000 0.300000 0.320000 0.340000 0.360000 0.380000 0.400000 0.420000 0.440000 0.460000 0.480000 0.500000 0.520000 0.540000 0.560000 0.580000 0.600000 0.620000 0.640000 0.660000 0.680000 0.700000 0.720000 0.740000 0.760000 0.780000 0.800000 0.820000 0.840000 0.860000 0.880000 0.900000 0.920000 0.940000 0.960000 0.980000 1.000000
23 18 17 20 29 24 19 32 31 31 35 42 25 29 45 48 63 54 54 72 61 67 78 87 74 89 97 120 120 117 137 137 152 131 146 165 160 140 189 179 163 184 169 188 207 174 206 218 199 173 184 192 200 206 188 172 159 192 187 181 176 180 135 137 150 156 163 110 125 137 124 127 115 93 107 91 70 76 78 82 66 60 68 39 41 46 39 33 40 31 34 25 14 18 26 14 21 17 17 20
-1.000000 -0.980000 -0.960000 -0.940000 -0.920000 -0.900000 -0.880000 -0.860000 -0.840000 -0.820000 -0.800000 -0.780000 -0.760000 -0.740000 -0.720000 -0.700000 -0.680000 -0.660000 -0.640000 -0.620000 -0.600000 -0.580000 -0.560000 -0.540000 -0.520000 -0.500000 -0.480000 -0.460000 -0.440000 -0.420000 -0.400000 -0.380000 -0.360000 -0.340000 -0.320000 -0.300000 -0.280000 -0.260000 -0.240000 -0.220000 -0.200000 -0.180000 -0.160000 -0.140000 -0.120000 -0.100000 -0.080000 -0.060000 -0.040000 -0.020000 0.000000 0.020000 0.040000 0.060000 0.080000 0.100000 0.120000 0.140000 0.160000 0.180000 0.200000 0.220000 0.240000 0.260000 0.280000 0.300000 0.320000 0.340000 0.360000 0.380000 0.400000 0.420000 0.440000 0.460000 0.480000 0.500000 0.520000 0.540000 0.560000 0.580000 0.600000 0.620000 0.640000 0.660000 0.680000 0.700000 0.720000 0.740000 0.760000 0.780000 0.800000 0.820000 0.840000 0.860000 0.880000 0.900000 0.920000 0.940000 0.960000 0.980000 1.000000
25 19 19 25 26 24 20 31 25 32 37 35 32 43 37 49 41 63 47 78 78 73 80 75 81 98 88 118 112 117 133 132 142 115 157 180 163 152 188 169 189 171 186 181 206 198 176 197 194 173 191 172 202 204 188 201 179 176 164 169 192 144 177 162 126 141 131 133 136 129 133 127 114 105 97 87 95 71 73 64 70 55 57 46 48 46 43 46 40 36 23 21 19 21 17 21 14 24 23 17
-1.000000 -0.980000 -0.960000 -0.940000 -0.920000 -0.900000 -0.880000 -0.860000 -0.840000 -0.820000 -0.800000 -0.780000 -0.760000 -0.740000 -0.720000 -0.700000 -0.680000 -0.660000 -0.640000 -0.620000 -0.600000 -0.580000 -0.560000 -0.540000 -0.520000 -0.500000 -0.480000 -0.460000 -0.440000 -0.420000 -0.400000 -0.380000 -0.360000 -0.340000 -0.320000 -0.300000 -0.280000 -0.260000 -0.240000 -0.220000 -0.200000 -0.180000 -0.160000 -0.140000 -0.120000 -0.100000 -0.080000 -0.060000 -0.040000 -0.020000 0.000000 0.020000 0.040000 0.060000 0.080000 0.100000 0.120000 0.140000 0.160000 0.180000 0.200000 0.220000 0.240000 0.260000 0.280000 0.300000 0.320000 0.340000 0.360000 0.380000 0.400000 0.420000 0.440000 0.460000 0.480000 0.500000 0.520000 0.540000 0.560000 0.580000 0.600000 0.620000 0.640000 0.660000 0.680000 0.700000 0.720000 0.740000 0.760000 0.780000 0.800000 0.820000 0.840000 0.860000 0.880000 0.900000 0.920000 0.940000 0.960000 0.980000 1.000000
29 22 21 22 22 19 29 24 39 39 32 48 29 37 31 43 54 46 68 64 67 72 91 68 89 91 104 106 121 103 121 153 124 145 149 151 163 176 167 189 174 197 179 195 172 193 187 193 182 207 182 183 202 175 191 181 180 179 173 182 163 177 163 133 155 137 129 158 128 124 120 119 97 103 91 99 85 95 79 64 65 72 50 57 50 49 45 32 34 30 31 26 23 22 27 22 14 17 19 21
-1.000000 -0.980000 -0.960000 -0.940000 -0.920000 -0.900000 -0.880000 -0.860000 -0.840000 -0.820000 -0.800000 -0.780000 -0.760000 -0.740000 -0.720000 -0.700000 -0.680000 -0.660000 -0.640000 -0.620000 -0.600000 -0.580000 -0.560000 -0.540000 -0.520000 -0.500000 -0.480000 -0.460000 -0.440000 -0.420000 -0.400000 -0.380000 -0.360000 -0.340000 -0.320000 -0.300000 -0.280000 -0.260000 -0.240000 -0.220000 -0.200000 -0.180000 -0.160000 -0.140000 -0.120000 -0.100000 -0.080000 -0.060000 -0.040000 -0.020000 0.000000 0.020000 0.040000 0.060000 0.080000 0.100000 0.120000 0.140000 0.160000 0.180000 0.200000 0.220000 0.240000 0.260000 0.280000 0.300000 0.320000 0.340000 0.360000 0.380000 0.400000 0.420000 0.440000 0.460000 0.480000 0.500000 0.520000 0.540000 0.560000 0.580000 0.600000 0.620000 0.640000 0.660000 0.680000 0.700000 0.720000 0.740000 0.760000 0.780000 0.800000 0.820000 0.840000 0.860000 0.880000 0.900000 0.920000 0.940000 0.960000 0.980000 1.000000
19 27 25 19 27 26 26 37 24 32 35 40 43 32 44 53 51 54 51 61 61 84 85 77 97 94 101 96 114 113 136 121 134 172 144 143 158 162 157 202 201 167 196 166 193 184 201 187 180 182 183 190 205 174 173 185 198 173 211 182 141 163 161 138 143 143 148 127 127 132 112 103 103 119 91 109 79 76 77 78 63 55 63 53 53 48 50 47 35 43 19 31 24 26 27 14 23 23 15 10
-1.000000 -0.980000 -0.960000 -0.940000 -0.920000 -0.900000 -0.880000 -0.860000 -0.840000 -0.820000 -0.800000 -0.780000 -0.760000 -0.740000 -0.720000 -0.700000 -0.680000 -0.660000 -0.640000 -0.620000 -0.600000 -0.580000 -0.560000 -0.540000 -0.520000 -0.500000 -0.480000 -0.460000 -0.440000 -0.420000 -0.400000 -0.380000 -0.360000 -0.340000 -0.320000 -0.300000 -0.280000 -0.260000 -0.240000 -0.220000 -0.200000 -0.180000 -0.160000 -0.140000 -0.120000 -0.100000 -0.080000 -0.060000 -0.040000 -0.020000 0.000000 0.020000 0.040000 0.060000 0.080000 0.100000 0.120000 0.140000 0.160000 0.180000 0.200000 0.220000 0.240000 0.260000 0.280000 0.300000 0.320000 0.340000 0.360000 0.380000 0.400000 0.420000 0.440000 0.460000 0.480000 0.500000 0.520000 0.540000 0.560000 0.580000 0.600000 0.620000 0.640000 0.660000 0.680000 0.700000 0.720000 0.740000 0.760000 0.780000 0.800000 0.820000 0.840000 0.860000 0.880000 0.900000 0.920000 0.940000 0.960000 0.980000 1.000000
20 17 29 18 42 28 25 28 27 30 33 49 31 40 42 56 51 45 59 67 71 80 88 86 81 96 83 100 120 120 132 124 149 157 132 142 159 182 169 180 188 181 199 181 192 199 186 180 192 169 170 194 193 183 199 165 190 158 197 162 159 167 159 152 133 147 139 131 124 111 121 124 99 104 112 100 96 76 78 56 61 75 58 56 51 49 44 41 38 47 27 27 28 23 28 14 19 19 21 20
-1.000000 -0.980000 -0.960000 -0.940000 -0.920000 -0.900000 -0.880000 -0.860000 -0.840000 -0.820000 -0.800000 -0.780000 -0.760000 -0.740000 -0.720000 -0.700000 -0.680000 -0.660000 -0.640000 -0.620000 -0.600000 -0.580000 -0.560000 -0.540000 -0.520000 -0.500000 -0.480000 -0.460000 -0.440000 -0.420000 -0.400000 -0.380000 -0.360000 -0.340000 -0.320000 -0.300000 -0.280000 -0.260000 -0.240000 -0.220000 -0.200000 -0.180000 -0.160000 -0.140000 -0.120000 -0.100000 -0.080000 -0.060000 -0.040000 -0.020000 0.000000 0.020000 0.040000 0.060000 0.080000 0.100000 0.120000 0.140000 0.160000 0.180000 0.200000 0.220000 0.240000 0.260000 0.280000 0.300000 0.320000 0.340000 0.360000 0.380000 0.400000 0.420000 0.440000 0.460000 0.480000 0.500000 0.520000 0.540000 0.560000 0.580000 0.600000 0.620000 0.640000 0.660000 0.680000 0.700000 0.720000 0.740000 0.760000 0.780000 0.800000 0.820000 0.840000 0.860000 0.880000 0.900000 0.920000 0.940000 0.960000 0.980000 1.000000
21 13 27 31 24 35 42 30 23 27 30 46 39 42 37 48 47 57 57 69 77 80 77 97 85 89 96 107 99 124 124 153 147 121 147 149 159 162 192 185 179 198 177 175 173 187 191 205 179 210 158 190 171 202 167 197 155 181 170 188 160 149 168 154 141 136 142 114 133 118 123 124 111 98 118 98 72 88 72 69 75 50 53 53 60 49 49 42 41 30 32 18 26 38 33 17 18 15 22 23
-1.000000 -0.980000 -0.960000 -0.940000 -0.920000 -0.900000 -0.880000 -0.860000 -0.840000 -0.820000 -0.800000 -0.780000 -0.760000 -0.740000 -0.720000 -0.700000 -0.680000 -0.660000 -0.640000 -0.620000 -0.600000 -0.580000 -0.560000 -0.540000 -0.520000 -0.500000 -0.480000 -0.460000 -0.440000 -0.420000 -0.400000 -0.380000 -0.360000 -0.340000 -0.320000 -0.300000 -0.280000 -0.260000 -0.240000 -0.220000 -0.200000 -0.180000 -0.160000 -0.140000 -0.120000 -0.100000 -0.080000 -0.060000 -0.040000 -0.020000 0.000000 0.020000 0.040000 0.060000 0.080000 0.100000 0.120000 0.140000 0.160000 0.180000 0.200000 0.220000 0.240000 0.260000 0.280000 0.300000 0.320000 0.340000 0.360000 0.380000 0.400000 0.420000 0.440000 0.460000 0.480000 0.500000 0.520000 0.540000 0.560000 0.580000 0.600000 0.620000 0.640000 0.660000 0.680000 0.700000 0.720000 0.740000 0.760000 0.780000 0.800000 0.820000 0.840000 0.860000 0.880000 0.900000 0.920000 0.940000 0.960000 0.980000 1.000000
23 20 27 30 28 27 33 30 37 21 29 43 41 42 52 40 50 58 70 62 84 70 86 79 89 92 116 101 111 108 105 142 122 149 151 159 182 170 181 188 172 180 186 164 192 174 187 191 167 198 186 170 192 177 172 222 166 163 187 143 177 156 154 139 158 146 134 128 121 127 137 108 135 97 88 79 92 70 85 80 83 58 50 59 54 43 52 34 41 32 25 24 28 29 31 22 22 28 19 18
-1.000000 -0.980000 -0.960000 -0.940000 -0.920000 -0.900000 -0.880000 -0.860000 -0.840000 -0.820000 -0.800000 -0.780000 -0.760000 -0.740000 -0.720000 -0.700000 -0.680000 -0.660000 -0.640000 -0.620000 -0.600000 -0.580000 -0.560000 -0.540000 -0.520000 -0.500000 -0.480000 -0.460000 -0.440000 -0.420000 -0.400000 -0.380000 -0.360000 -0.340000 -0.320000 -0.300000 -0.280000 -0.260000 -0.240000 -0.220000 -0.200000 -0.180000 -0.160000 -0.140000 -0.120000 -0.100000 -0.080000 -0.060000 -0.040000 -0.020000 0.000000 0.020000 0.040000 0.060000 0.080000 0.100000 0.120000 0.140000 0.160000 0.180000 0.200000 0.220000 0.240000 0.260000 0.280000 0.300000 0.320000 0.340000 0.360000 0.380000 0.400000 0.420000 0.440000 0.460000 0.480000 0.500000 0.520000 0.540000 0.560000 0.580000 0.600000 0.620000 0.640000 0.660000 0.680000 0.700000 0.720000 0.740000 0.760000 0.780000 0.800000 0.820000 0.840000 0.860000 0.880000 0.900000 0.920000 0.940000 0.960000 0.980000 1.000000
27 21 27 19 32 33 33 26 37 28 36 35 36 49 48 51 56 52 60 70 78 74 91 85 88 88 109 113 106 107 116 145 130 134 147 166 174 166 172 171 194 167 184 167 165 193 184 176 194 173 212 185 178 161 184 187 182 162 149 175 195 168 141 160 149 154 124 127 114 132 122 117 111 120 83 87 77 95 70 86 69 60 51 52 60 49 49 50 44 30 28 20 28 27 26 27 20 34 16 20
-1.000000 -0.980000 -0.960000 -0.940000 -0.920000 -0.900000 -0.880000 -0.860000 -0.840000 -0.820000 -0.800000 -0.780000 -0.760000 -0.740000 -0.720000 -0.700000 -0.680000 -0.660000 -0.640000 -0.620000 -0.600000 -0.580000 -0.560000 -0.540000 -0.520000 -0.500000 -0.480000 -0.460000 -0.440000 -0.420000 -0.400000 -0.380000 -0.360000 -0.340000 -0.320000 -0.300000 -0.280000 -0.260000 -0.240000 -0.220000 -0.200000 -0.180000 -0.160000 -0.140000 -0.120000 -0.100000 -0.080000 -0.060000 -0.040000 -0.020000 0.000000 0.020000 0.040000 0.060000 0.080000 0.100000 0.120000 0.140000 0.160000 0.180000 0.200000 0.220000 0.240000 0.260000 0.280000 0.300000 0.320000 0.340000 0.360000 0.380000 0.400000 0.420000 0.440000 0.460000 0.480000 0.500000 0.520000 0.540000 0.560000 0.580000 0.600000 0.620000 0.640000 0.660000 0.680000 0.700000 0.720000 0.740000 0.760000 0.780000 0.800000 0.820000 0.840000 0.860000 0.880000 0.900000 0.920000 0.940000 0.960000 0.980000 1.000000
28 22 27 31 23 32 32 21 42 24 43 36 39 43 54 51 57 49 70 60 77 82 80 102 70 96 116 109 112 121 125 124 131 149 153 141 144 176 181 177 194 162 157 198 178 155 186 184 190 188 176 200 166 192 169 176 181 178 163 186 174 152 145 135 163 130 136 133 129 117 116 108 114 118 115 101 73 83 82 64 67 66 74 48 63 46 45 44 32 39 32 28 21 30 25 33 23 26 21 20
-1.000000 -0.980000 -0.960000 -0.940000 -0.920000 -0.900000 -0.880000 -0.860000 -0.840000 -0.820000 -0.800000 -0.780000 -0.760000 -0.740000 -0.720000 -0.700000 -0.680000 -0.660000 -0.640000 -0.620000 -0.600000 -0.580000 -0.560000 -0.540000 -0.520000 -0.500000 -0.480000 -0.460000 -0.440000 -0.420000 -0.400000 -0.380000 -0.360000 -0.340000 -0.320000 -0.300000 -0.280000 -0.260000 -0.240000 -0.220000 -0.200000 -0.180000 -0.160000 -0.140000 -0.120000 -0.100000 -0.080000 -0.060000 -0.040000 -0.020000 0.000000 0.020000 0.040000 0.060000 0.080000 0.100000 0.120000 0.140000 0.160000 0.180000 0.200000 0.220000 0.240000 0.260000 0.280000 0.300000 0.320000 0.340000 0.360000 0.380000 0.400000 0.420000 0.440000 0.460000 0.480000 0.500000 0.520000 0.540000 0.560000 0.580000 0.600000 0.620000 0.640000 0.660000 0.680000 0.700000 0.720000 0.740000 0.760000 0.780000 0.800000 0.820000 0.840000 0.860000 0.880000 0.900000 0.920000 0.940000 0.960000 0.980000 1.000000
24 31 37 27 18 24 26 25 30 38 41 43 40 50 54 53 61 51 65 59 52 83 91 111 85 97 107 98 118 120 133 133 132 151 125 156 150 165 171 175 181 180 181 174 168 192 191 156 177 178 162 172 202 195 189 165 182 176 174 143 183 170 159 140 152 138 106 142 134 125 140 104 107 100 95 101 97 89 80 69 56 71 62 60 57 44 45 47 45 25 29 28 41 17 21 27 34 22 23 27
-1.000000 -0.980000 -0.960000 -0.940000 -0.920000 -0.900000 -0.880000 -0.860000 -0.840000 -0.820000 -0.800000 -0.780000 -0.760000 -0.740000 -0.720000 -0.700000 -0.680000 -0.660000 -0.640000 -0.620000 -0.600000 -0.580000 -0.560000 -0.540000 -0.520000 -0.500000 -0.480000 -0.460000 -0.440000 -0.420000 -0.400000 -0.380000 -0.360000 -0.340000 -0.320000 -0.300000 -0.280000 -0.260000 -0.240000 -0.220000 -0.200000 -0.180000 -0.160000 -0.140000 -0.120000 -0.100000 -0.080000 -0.060000 -0.040000 -0.020000 0.000000 0.020000 0.040000 0.060000 0.080000 0.100000 0.120000 0.140000 0.160000 0.180000 0.200000 0.220000 0.240000 0.260000 0.280000 0.300000 0.320000 0.340000 0.360000 0.380000 0.400000 0.420000 0.440000 0.460000 0.480000 0.500000 0.520000 0.540000 0.560000 0.580000 0.600000 0.620000 0.640000 0.660000 0.680000 0.700000 0.720000 0.740000 0.760000 0.780000 0.800000 0.820000 0.840000 0.860000 0.880000 0.900000 0.920000 0.940000 0.960000 0.980000 1.000000
29 22 34 29 32 24 32 18 29 31 47 51 34 45 56 47 52 80 54 83 67 77 89 89 98 102 97 104 116 103 127 121 135 153 157 149 157 145 161 165 174 213 176 168 170 182 175 180 179 196 171 165 175 163 182 159 176 202 197 158 171 157 169 131 146 132 147 143 107 113 117 119 109 104 120 95 86 87 67 86 66 68 53 65 49 57 43 36 42 39 34 30 25 27 21 29 28 29 26 25
-1.000000 -0.980000 -0.960000 -0.940000 -0.920000 -0.900000 -0.880000 -0.860000 -0.840000 -0.820000 -0.800000 -0.780000 -0.760000 -0.740000 -0.720000 -0.700000 -0.680000 -0.660000 -0.640000 -0.620000 -0.600000 -0.580000 -0.560000 -0.540000 -0.520000 -0.500000 -0.480000 -0.460000 -0.440000 -0.420000 -0.400000 -0.380000 -0.360000 -0.340000 -0.320000 -0.300000 -0.280000 -0.260000 -0.240000 -0.220000 -0.200000 -0.180000 -0.160000 -0.140000 -0.120000 -0.100000 -0.080000 -0.060000 -0.040000 -0.020000 0.000000 0.020000 0.040000 0.060000 0.080000 0.100000 0.120000 0.140000 0.160000 0.180000 0.200000 0.220000 0.240000 0.260000 0.280000 0.300000 0.320000 0.340000 0.360000 0.380000 0.400000 0.420000 0.440000 0.460000 0.480000 0.500000 0.520000 0.540000 0.560000 0.580000 0.600000 0.620000 0.640000 0.660000 0.680000 0.700000 0.720000 0.740000 0.760000 0.780000 0.800000 0.820000 0.840000 0.860000 0.880000 0.900000 0.920000 0.940000 0.960000 0.980000 1.000000
28 24 33 28 26 26 30 35 27 32 40 46 41 52 49 59 61 79 63 66 71 69 99 82 88 93 101 111 109 122 101 124 139 138 168 165 156 159 166 152 184 171 156 196 184 184 185 171 191 145 167 197 173 172 178 159 192 179 164 170 186 168 155 139 136 144 141 120 137 120 103 103 110 104 101 101 97 89 70 76 82 62 68 52 56 48 47 50 37 37 36 30 36 18 33 25 25 25 21 36
-1.000000 -0.980000 -0.960000 -0.940000 -0.920000 -0.900000 -0.880000 -0.860000 -0.840000 -0.820000 -0.800000 -0.780000 -0.760000 -0.740000 -0.720000 -0.700000 -0.680000 -0.660000 -0.640000 -0.620000 -0.600000 -0.580000 -0.560000 -0.540000 -0.520000 -0.500000 -0.480000 -0.460000 -0.440000 -0.420000 -0.400000 -0.380000 -0.360000 -0.340000 -0.320000 -0.300000 -0.280000 -0.260000 -0.240000 -0.220000 -0.200000 -0.180000 -0.160000 -0.140000 -0.120000 -0.100000 -0.080000 -0.060000 -0.040000 -0.020000 0.000000 0.020000 0.040000 0.060000 0.080000 0.100000 0.120000 0.140000 0.160000 0.180000 0.200000 0.220000 0.240000 0.260000 0.280000 0.300000 0.320000 0.340000 0.360000 0.380000 0.400000 0.420000 0.440000 0.460000 0.480000 0.500000 0.520000 0.540000 0.560000 0.580000 0.600000 0.620000 0.640000 0.660000 0.680000 0.700000 0.720000 0.740000 0.760000 0.780000 0.800000 0.820000 0.840000 0.860000 0.880000 0.900000 0.920000 0.940000 0.960000 0.980000 1.000000
25 32 29 22 30 33 30 22 29 47 39 44 42 43 56 53 81 59 73 79 80 75 76 85 100 90 95 98 118 101 122 146 129 148 128 157 149 162 158 167 170 188 184 191 132 189 188 190 188 165 173 180 181 174 171 167 174 187 176 183 136 163 156 162 123 151 136 135 125 125 108 117 110 96 84 89 90 96 82 65 82 73 57 71 50 60 40 41 49 41 38 35 27 29 22 25 25 20 28 35
-1.000000 -0.980000 -0.960000 -0.940000 -0.920000 -0.900000 -0.880000 -0.860000 -0.840000 -0.820000 -0.800000 -0.780000 -0.760000 -0.740000 -0.720000 -0.700000 -0.680000 -0.660000 -0.640000 -0.620000 -0.600000 -0.580000 -0.560000 -0.540000 -0.520000 -0.500000 -0.480000 -0.460000 -0.440000 -0.420000 -0.400000 -0.380000 -0.360000 -0.340000 -0.320000 -0.300000 -0.280000 -0.260000 -0.240000 -0.220000 -0.200000 -0.180000 -0.160000 -0.140000 -0.120000 -0.100000 -0.080000 -0.060000 -0.040000 -0.020000 0.000000 0.020000 0.040000 0.060000 0.080000 0.100000 0.120000 0.140000 0.160000 0.180000 0.200000 0.220000 0.240000 0.260000 0.280000 0.300000 0.320000 0.340000 0.360000 0.380000 0.400000 0.420000 0.440000 0.460000 0.480000 0.500000 0.520000 0.540000 0.560000 0.580000 0.600000 0.620000 0.640000 0.660000 0.680000 0.700000 0.720000 0.740000 0.760000 0.780000 0.800000 0.820000 0.840000 0.860000 0.880000 0.900000 0.920000 0.940000 0.960000 0.980000 1.000000
27 26 28 30 36 23 27 32 33 49 37 40 41 55 51 56 71 58 75 90 72 79 90 87 86 85 89 90 103 132 125 129 140 133 136 154 152 163 159 167 151 165 172 186 195 197 178 172 182 178 204 177 157 172 173 156 192 168 151 161 170 186 158 150 133 146 125 146 112 152 110 109 106 93 103 77 75 94 84 68 76 83 72 53 56 44 53 50 52 39 39 23 28 33 26 29 22 30 27 25
-1.000000 -0.980000 -0.960000 -0.940000 -0.920000 -0.900000 -0.880000 -0.860000 -0.840000 -0.820000 -0.800000 -0.780000 -0.760000 -0.740000 -0.720000 -0.700000 -0.680000 -0.660000 -0.640000 -0.620000 -0.600000 -0.580000 -0.560000 -0.540000 -0.520000 -0.500000 -0.480000 -0.460000 -0.440000 -0.420000 -0.400000 -0.380000 -0.360000 -0.340000 -0.320000 -0.300000 -0.280000 -0.260000 -0.240000 -0.220000 -0.200000 -0.180000 -0.160000 -0.140000 -0.120000 -0.100000 -0.080000 -0.060000 -0.040000 -0.020000 0.000000 0.020000 0.040000 0.060000 0.080000 0.100000 0.120000 0.140000 0.160000 0.180000 0.200000 0.220000 0.240000 0.260000 0.280000 0.300000 0.320000 0.340000 0.360000 0.380000 0.400000 0.420000 0.440000 0.460000 0.480000 0.500000 0.520000 0.540000 0.560000 0.580000 0.600000 0.620000 0.640000 0.660000 0.680000 0.700000 0.720000 0.740000 0.760000 0.780000 0.800000 0.820000 0.840000 0.860000 0.880000 0.900000 0.920000 0.940000 0.960000 0.980000 1.000000
34 25 30 29 32 30 31 33 35 39 30 45 55 40 54 63 63 75 68 66 75 74 82 100 70 102 104 92 117 118 133 118 141 124 153 156 152 158 156 170 164 184 154 185 178 198 165 183 177 176 180 170 165 194 177 176 158 158 158 162 161 173 161 156 149 139 145 125 114 125 142 98 115 94 91 97 95 85 69 66 68 68 81 66 68 45 52 46 34 44 30 32 35 25 31 25 36 28 27 25
-1.000000 -0.980000 -0.960000 -0.940000 -0.920000 -0.900000 -0.880000 -0.860000 -0.840000 -0.820000 -0.800000 -0.780000 -0.760000 -0.740000 -0.720000 -0.700000 -0.680000 -0.660000 -0.640000 -0.620000 -0.600000 -0.580000 -0.560000 -0.540000 -0.520000 -0.500000 -0.480000 -0.460000 -0.440000 -0.420000 -0.400000 -0.380000 -0.360000 -0.340000 -0.320000 -0.300000 -0.280000 -0.260000 -0.240000 -0.220000 -0.200000 -0.180000 -0.160000 -0.140000 -0.120000 -0.100000 -0.080000 -0.060000 -0.040000 -0.020000 0.000000 0.020000 0.040000 0.060000 0.080000 0.100000 0.120000 0.140000 0.160000 0.180000 0.200000 0.220000 0.240000 0.260000 0.280000 0.300000 0.320000 0.340000 0.360000 0.380000 0.400000 0.420000 0.440000 0.460000 0.480000 0.500000 0.520000 0.540000 0.560000 0.580000 0.600000 0.620000 0.640000 0.660000 0.680000 0.700000 0.720000 0.740000 0.760000 0.780000 0.800000 0.820000 0.840000 0.860000 0.880000 0.900000 0.920000 0.940000 0.960000 0.980000 1.000000
27 36 29 27 34 34 27 38 37 40 42 47 47 34 62 67 65 60 74 71 63 70 80 86 79 110 103 111 97 125 132 112 155 139 151 145 136 162 167 159 155 168 178 175 189 191 167 170 173 184 167 197 182 168 170 163 168 173 168 155 163 161 155 143 143 144 130 130 147 113 141 116 101 116 74 90 97 76 81 71 63 83 64 66 55 60 42 51 46 37 31 29 32 35 29 35 29 28 27 25
-1.000000 -0.980000 -0.960000 -0.940000 -0.920000 -0.900000 -0.880000 -0.860000 -0.840000 -0.820000 -0.800000 -0.780000 -0.760000 -0.740000 -0.720000 -0.700000 -0.680000 -0.660000 -0.640000 -0.620000 -0.600000 -0.580000 -0.560000 -0.540000 -0.520000 -0.500000 -0.480000 -0.460000 -0.440000 -0.420000 -0.400000 -0.380000 -0.360000 -0.340000 -0.320000 -0.300000 -0.280000 -0.260000 -0.240000 -0.220000 -0.200000 -0.180000 -0.160000 -0.140000 -0.120000 -0.100000 -0.080000 -0.060000 -0.040000 -0.020000 0.000000 0.020000 0.040000 0.060000 0.080000 0.100000 0.120000 0.140000 0.160000 0.180000 0.200000 0.220000 0.240000 0.260000 0.280000 0.300000 0.320000 0.340000 0.360000 0.380000 0.400000 0.420000 0.440000 0.460000 0.480000 0.500000 0.520000 0.540000 0.560000 0.580000 0.600000 0.620000 0.640000 0.660000 0.680000 0.700000 0.720000 0.740000 0.760000 0.780000 0.800000 0.820000 0.840000 0.860000 0.880000 0.900000 0.920000 0.940000 0.960000 0.980000 1.000000
30 34 22 32 34 41 35 32 43 33 40 36 48 58 54 45 62 69 70 76 66 71 67 97 96 104 101 93 120 120 147 133 137 146 132 156 132 145 166 178 157 184 146 165 195 186 173 145 178 146 202 195 186 169 166 181 156 163 169 158 153 173 169 148 137 137 147 127 134 115 116 128 112 114 75 98 94 76 67 63 86 82 61 57 52 66 45 49 39 37 39 28 35 38 33 42 26 27 23 31
-1.000000 -0.980000 -0.960000 -0.940000 -0.920000 -0.900000 -0.880000 -0.860000 -0.840000 -0.820000 -0.800000 -0.780000 -0.760000 -0.740000 -0.720000 -0.700000 -0.680000 -0.660000 -0.640000 -0.620000 -0.600000 -0.580000 -0.560000 -0.540000 -0.520000 -0.500000 -0.480000 -0.460000 -0.440000 -0.420000 -0.400000 -0.380000 -0.360000 -0.340000 -0.320000 -0.300000 -0.280000 -0.260000 -0.240000 -0.220000 -0.200000 -0.180000 -0.160000 -0.140000 -0.120000 -0.100000 -0.080000 -0.060000 -0.040000 -0.020000 0.000000 0.020000 0.040000 0.060000 0.080000 0.100000 0.120000 0.140000 0.160000 0.180000 0.200000 0.220000 0.240000 0.260000 0.280000 0.300000 0.320000 0.340000 0.360000 0.380000 0.400000 0.420000 0.440000 0.460000 0.480000 0.500000 0.520000 0.540000 0.560000 0.580000 0.600000 0.620000 0.640000 0.660000 0.680000 0.700000 0.720000 0.740000 0.760000 0.780000 0.800000 0.820000 0.840000 0.860000 0.880000 0.900000 0.920000 0.940000 0.960000 0.980000 1.000000
34 30 27 35 31 37 28 39 41 38 46 50 44 44 55 52 63 75 62 54 66 80 86 80 97 102 109 91 116 119 149 127 130 142 148 137 160 170 155 151 181 162 163 164 161 165 176 175 191 176 170 172 188 162 179 169 146 177 166 171 164 160 172 146 129 156 119 118 155 139 132 106 103 85 102 85 91 82 74 67 63 72 67 79 68 55 48 43 42 33 38 34 37 42 30 36 35 22 31 26
-1.000000 -0.980000 -0.960000 -0.940000 -0.920000 -0.900000 -0.880000 -0.860000 -0.840000 -0.820000 -0.800000 -0.780000 -0.760000 -0.740000 -0.720000 -0.700000 -0.680000 -0.660000 -0.640000 -0.620000 -0.600000 -0.580000 -0.560000 -0.540000 -0.520000 -0.500000 -0.480000 -0.460000 -0.440000 -0.420000 -0.400000 -0.380000 -0.360000 -0.340000 -0.320000 -0.300000 -0.280000 -0.260000 -0.240000 -0.220000 -0.200000 -0.180000 -0.160000 -0.140000 -0.120000 -0.100000 -0.080000 -0.060000 -0.040000 -0.020000 0.000000 0.020000 0.040000 0.060000 0.080000 0.100000 0.120000 0.140000 0.160000 0.180000 0.200000 0.220000 0.240000 0.260000 0.280000 0.300000 0.320000 0.340000 0.360000 0.380000 0.400000 0.420000 0.440000 0.460000 0.480000 0.500000 0.520000 0.540000 0.560000 0.580000 0.600000 0.620000 0.640000 0.660000 0.680000 0.700000 0.720000 0.740000 0.760000 0.780000 0.800000 0.820000 0.840000 0.860000 0.880000 0.900000 0.920000 0.940000 0.960000 0.980000 1.000000
34 28 32 24 39 39 38 24 41 44 37 49 54 55 50 58 59 63 68 68 81 81 73 74 90 105 92 98 127 120 113 134 148 123 149 143 159 163 161 158 162 186 166 166 155 184 175 170 184 163 193 161 193 180 149 160 167 187 155 175 166 142 134 157 139 155 135 154 124 114 143 106 105 104 97 94 75 76 68 73 72 64 72 76 64 65 39 44 45 38 26 41 34 41 39 24 28 31 32 37
-1.000000 -0.980000 -0.960000 -0.940000 -0.920000 -0.900000 -0.880000 -0.860000 -0.840000 -0.820000 -0.800000 -0.780000 -0.760000 -0.740000 -0.720000 -0.700000 -0.680000 -0.660000 -0.640000 -0.620000 -0.600000 -0.580000 -0.560000 -0.540000 -0.520000 -0.500000 -0.480000 -0.460000 -0.440000 -0.420000 -0.400000 -0.380000 -0.360000 -0.340000 -0.320000 -0.300000 -0.280000 -0.260000 -0.240000 -0.220000 -0.200000 -0.180000 -0.160000 -0.140000 -0.120000 -0.100000 -0.080000 -0.060000 -0.040000 -0.020000 0.000000 0.020000 0.040000 0.060000 0.080000 0.100000 0.120000 0.140000 0.160000 0.180000 0.200000 0.220000 0.240000 0.260000 0.280000 0.300000 0.320000 0.340000 0.360000 0.380000 0.400000 0.420000 0.440000 0.460000 0.480000 0.500000 0.520000 0.540000 0.560000 0.580000 0.600000 0.620000 0.640000 0.660000 0.680000 0.700000 0.720000 0.740000 0.760000 0.780000 0.800000 0.820000 0.840000 0.860000 0.880000 0.900000 0.920000 0.940000 0.960000 0.980000 1.000000
38 20 37 41 36 25 35 36 33 40 45 39 56 58 56 62 53 69 73 66 66 84 70 91 107 100 75 123 117 122 99 113 135 163 135 146 145 156 165 146 177 161 184 173 174 166 150 187 171 187 196 176 175 168 156 147 179 178 196 156 140 148 152 151 134 125 145 155 136 111 125 105 118 101 109 73 87 99 60 70 74 71 76 60 75 56 45 45 41 32 41 36 39 33 45 26 31 25 41 31
-1.000000 -0.980000 -0.960000 -0.940000 -0.920000 -0.900000 -0.880000 -0.860000 -0.840000 -0.820000 -0.800000 -0.780000 -0.760000 -0.740000 -0.720000 -0.700000 -0.680000 -0.660000 -0.640000 -0.620000 -0.600000 -0.580000 -0.560000 -0.540000 -0.520000 -0.500000 -0.480000 -0.460000 -0.440000 -0.420000 -0.400000 -0.380000 -0.360000 -0.340000 -0.320000 -0.300000 -0.280000 -0.260000 -0.240000 -0.220000 -0.200000 -0.180000 -0.160000 -0.140000 -0.120000 -0.100000 -0.080000 -0.060000 -0.040000 -0.020000 0.000000 0.020000 0.040000 0.060000 0.080000 0.100000 0.120000 0.140000 0.160000 0.180000 0.200000 0.220000 0.240000 0.260000 0.280000 0.300000 0.320000 0.340000 0.360000 0.380000 0.400000 0.420000 0.440000 0.460000 0.480000 0.500000 0.520000 0.540000 0.560000 0.580000 0.600000 0.620000 0.640000 0.660000 0.680000 0.700000 0.720000 0.740000 0.760000 0.780000 0.800000 0.820000 0.840000 0.860000 0.880000 0.900000 0.920000 0.940000 0.960000 0.980000 1.000000
27 33 34 38 43 29 34 37 42 43 43 36 54 52 59 54 58 64 57 76 75 83 87 91 80 102 94 120 97 127 113 123 124 134 146 147 150 158 177 150 155 150 182 178 182 159 151 194 175 206 166 188 165 177 171 173 160 171 177 156 147 160 145 140 150 131 146 126 110 130 145 113 95 97 106 68 97 86 90 67 67 67 72 79 54 58 55 37 50 36 35 36 45 37 31 37 31 27 35 35
-1.000000 -0.980000 -0.960000 -0.940000 -0.920000 -0.900000 -0.880000 -0.860000 -0.840000 -0.820000 -0.800000 -0.780000 -0.760000 -0.740000 -0.720000 -0.700000 -0.680000 -0.660000 -0.640000 -0.620000 -0.600000 -0.580000 -0.560000 -0.540000 -0.520000 -0.500000 -0.480000 -0.460000 -0.440000 -0.420000 -0.400000 -0.380000 -0.360000 -0.340000 -0.320000 -0.300000 -0.280000 -0.260000 -0.240000 -0.220000 -0.200000 -0.180000 -0.160000 -0.140000 -0.120000 -0.100000 -0.080000 -0.060000 -0.040000 -0.020000 0.000000 0.020000 0.040000 0.060000 0.080000 0.100000 0.120000 0.140000 0.160000 0.180000 0.200000 0.220000 0.240000 0.260000 0.280000 0.300000 0.320000 0.340000 0.360000 0.380000 0.400000 0.420000 0.440000 0.460000 0.480000 0.500000 0.520000 0.540000 0.560000 0.580000 0.600000 0.620000 0.640000 0.660000 0.680000 0.700000 0.720000 0.740000 0.760000 0.780000 0.800000 0.820000 0.840000 0.860000 0.880000 0.900000 0.920000 0.940000 0.960000 0.980000 1.000000
40 29 31 35 29 35 38 42 44 44 48 38 61 45 50 54 59 55 70 74 72 80 74 104 90 94 93 114 108 113 105 131 136 147 143 137 146 148 145 159 172 168 162 173 187 175 167 175 198 164 189 177 167 178 165 176 170 161 175 153 162 154 161 133 141 141 110 158 132 102 109 137 120 86 100 76 90 79 83 78 74 74 74 62 72 57 52 47 34 38 42 41 36 33 38 30 34 30 37 31
-1.000000 -0.980000 -0.960000 -0.940000 -0.920000 -0.900000 -0.880000 -0.860000 -0.840000 -0.820000 -0.800000 -0.780000 -0.760000 -0.740000 -0.720000 -0.700000 -0.680000 -0.660000 -0.640000 -0.620000 -0.600000 -0.580000 -0.560000 -0.540000 -0.520000 -0.500000 -0.480000 -0.460000 -0.440000 -0.420000 -0.400000 -0.380000 -0.360000 -0.340000 -0.320000 -0.300000 -0.280000 -0.260000 -0.240000 -0.220000 -0.200000 -0.180000 -0.160000 -0.140000 -0.120000 -0.100000 -0.080000 -0.060000 -0.040000 -0.020000 0.000000 0.020000 0.040000 0.060000 0.080000 0.100000 0.120000 0.140000 0.160000 0.180000 0.200000 0.220000 0.240000 0.260000 0.280000 0.300000 0.320000 0.340000 0.360000 0.380000 0.400000 0.420000 0.440000 0.460000 0.480000 0.500000 0.520000 0.540000 0.560000 0.580000 0.600000 0.620000 0.640000 0.660000 0.680000 0.700000 0.720000 0.740000 0.760000 0.780000 0.800000 0.820000 0.840000 0.860000 0.880000 0.900000 0.920000 0.940000 0.960000 0.980000 1.000000
32 45 32 33 28 46 33 37 42 52 43 37 45 49 56 55 56 62 66 71 68 77 93 98 91 115 94 84 123 117 116 119 119 148 153 144 127 169 161 141 155 154 191 192 194 161 161 168 165 182 155 185 208 159 184 167 165 166 167 161 156 163 150 141 140 128 118 122 130 130 118 131 105 110 87 80 83 80 79 82 81 76 72 67 60 72 45 40 42 41 39 39 34 36 35 37 26 39 29 40
-1.000000 -0.980000 -0.960000 -0.940000 -0.920000 -0.900000 -0.880000 -0.860000 -0.840000 -0.820000 -0.800000 -0.780000 -0.760000 -0.740000 -0.720000 -0.700000 -0.680000 -0.660000 -0.640000 -0.620000 -0.600000 -0.580000 -0.560000 -0.540000 -0.520000 -0.500000 -0.480000 -0.460000 -0.440000 -0.420000 -0.400000 -0.380000 -0.360000 -0.340000 -0.320000 -0.300000 -0.280000 -0.260000 -0.240000 -0.220000 -0.200000 -0.180000 -0.160000 -0.140000 -0.120000 -0.100000 -0.080000 -0.060000 -0.040000 -0.020000 0.000000 0.020000 0.040000 0.060000 0.080000 0.100000 0.120000 0.140000 0.160000 0.180000 0.200000 0.220000 0.240000 0.260000 0.280000 0.300000 0.320000 0.340000 0.360000 0.380000 0.400000 0.420000 0.440000 0.460000 0.480000 0.500000 0.520000 0.540000 0.560000 0.580000 0.600000 0.620000 0.640000 0.660000 0.680000 0.700000 0.720000 0.740000 0.760000 0.780000 0.800000 0.820000 0.840000 0.860000 0.880000 0.900000 0.920000 0.940000 0.960000 0.980000 1.000000
38 29 28 42 34 47 31 46 38 34 58 57 42 45 53 57 71 64 70 51 72 79 87 105 83 114 90 97 113 122 110 134 142 121 144 144 156 139 152 157 157 161 179 177 171 166 167 172 182 169 181 155 181 167 169 190 153 190 173 147 162 171 147 135 136 136 120 139 116 130 117 117 112 100 98 88 86 75 90 71 83 69 59 60 74 61 52 42 41 55 44 36 31 36 39 36 36 29 29 39
-1.000000 -0.980000 -0.960000 -0.940000 -0.920000 -0.900000 -0.880000 -0.860000 -0.840000 -0.820000 -0.800000 -0.780000 -0.760000 -0.740000 -0.720000 -0.700000 -0.680000 -0.660000 -0.640000 -0.620000 -0.600000 -0.580000 -0.560000 -0.540000 -0.520000 -0.500000 -0.480000 -0.460000 -0.440000 -0.420000 -0.400000 -0.380000 -0.360000 -0.340000 -0.320000 -0.300000 -0.280000 -0.260000 -0.240000 -0.220000 -0.200000 -0.180000 -0.160000 -0.140000 -0.120000 -0.100000 -0.080000 -0.060000 -0.040000 -0.020000 0.000000 0.020000 0.040000 0.060000 0.080000 0.100000 0.120000 0.140000 0.160000 0.180000 0.200000 0.220000 0.240000 0.260000 0.280000 0.300000 0.320000 0.340000 0.360000 0.380000 0.400000 0.420000 0.440000 0.460000 0.480000 0.500000 0.520000 0.540000 0.560000 0.580000 0.600000 0.620000 0.640000 0.660000 0.680000 0.700000 0.720000 0.740000 0.760000 0.780000 0.800000 0.820000 0.840000 0.860000 0.880000 0.900000 0.920000 0.940000 0.960000 0.980000 1.000000
26 41 36 42 36 43 30 50 42 52 38 44 42 49 56 52 64 65 84 57 89 83 71 72 93 100 105 124 103 107 130 129 138 133 140 149 134 149 158 159 135 164 164 168 191 157 173 181 175 170 182 207 159 156 148 182 169 181 161 155 179 153 160 144 130 137 108 138 127 112 111 117 110 106 107 72 98 77 89 83 74 76 71 52 55 58 48 53 43 42 48 38 40 41 29 30 42 37 34 38
-1.000000 -0.980000 -0.960000 -0.940000 -0.920000 -0.900000 -0.880000 -0.860000 -0.840000 -0.820000 -0.800000 -0.780000 -0.760000 -0.740000 -0.720000 -0.700000 -0.680000 -0.660000 -0.640000 -0.620000 -0.600000 -0.580000 -0.560000 -0.540000 -0.520000 -0.500000 -0.480000 -0.460000 -0.440000 -0.420000 -0.400000 -0.380000 -0.360000 -0.340000 -0.320000 -0.300000 -0.280000 -0.260000 -0.240000 -0.220000 -0.200000 -0.180000 -0.160000 -0.140000 -0.120000 -0.100000 -0.080000 -0.060000 -0.040000 -0.020000 0.000000 0.020000 0.040000 0.060000 0.080000 0.100000 0.120000 0.140000 0.160000 0.180000 0.200000 0.220000 0.240000 0.260000 0.280000 0.300000 0.320000 0.340000 0.360000 0.380000 0.400000 0.420000 0.440000 0.460000 0.480000 0.500000 0.520000 0.540000 0.560000 0.580000 0.600000 0.620000 0.640000 0.660000 0.680000 0.700000 0.720000 0.740000 0.760000 0.780000 0.800000 0.820000 0.840000 0.860000 0.880000 0.900000 0.920000 0.940000 0.960000 0.980000 1.000000
38 46 41 25 43 32 40 39 52 39 46 46 47 53 50 57 59 59 71 72 93 90 80 84 76 121 92 102 114 116 125 137 147 125 135 130 147 130 157 159 139 157 175 185 165 171 170 158 178 207 191 150 162 161 172 190 173 138 183 170 168 148 152 137 131 126 125 124 123 124 130 115 96 108 101 89 94 90 80 81 70 73 53 59 65 48 71 56 51 39 53 32 27 37 34 31 31 35 40 43
-1.000000 -0.980000 -0.960000 -0.940000 -0.920000 -0.900000 -0.880000 -0.860000 -0.840000 -0.820000 -0.800000 -0.780000 -0.760000 -0.740000 -0.720000 -0.700000 -0.680000 -0.660000 -0.640000 -0.620000 -0.600000 -0.580000 -0.560000 -0.540000 -0.520000 -0.500000 -0.480000 -0.460000 -0.440000 -0.420000 -0.400000 -0.380000 -0.360000 -0.340000 -0.320000 -0.300000 -0.280000 -0.260000 -0.240000 -0.220000 -0.200000 -0.180000 -0.160000 -0.140000 -0.120000 -0.100000 -0.080000 -0.060000 -0.040000 -0.020000 0.000000 0.020000 0.040000 0.060000 0.080000 0.100000 0.120000 0.140000 0.160000 0.180000 0.200000 0.220000 0.240000 0.260000 0.280000 0.300000 0.320000 0.340000 0.360000 0.380000 0.400000 0.420000 0.440000 0.460000 0.480000 0.500000 0.520000 0.540000 0.560000 0.580000 0.600000 0.620000 0.640000 0.660000 0.680000 0.700000 0.720000 0.740000 0.760000 0.780000 0.800000 0.820000 0.840000 0.860000 0.880000 0.900000 0.920000 0.940000 0.960000 0.980000 1.000000
36 35 38 45 43 40 36 35 43 49 46 52 47 54 60 69 68 59 54 77 74 71 85 97 96 94 99 93 118 118 127 129 119 156 138 131 141 151 161 156 141 144 176 170 158 165 196 169 162 174 171 181 165 169 207 169 156 141 174 160 163 146 154 154 145 120 119 129 106 125 117 115 107 98 110 96 83 95 86 81 76 78 64 55 58 54 49 66 51 48 31 41 40 43 29 31 40 46 24 39
-1.000000 -0.980000 -0.960000 -0.940000 -0.920000 -0.900000 -0.880000 -0.860000 -0.840000 -0.820000 -0.800000 -0.780000 -0.760000 -0.740000 -0.720000 -0.700000 -0.680000 -0.660000 -0.640000 -0.620000 -0.600000 -0.580000 -0.560000 -0.540000 -0.520000 -0.500000 -0.480000 -0.460000 -0.440000 -0.420000 -0.400000 -0.380000 -0.360000 -0.340000 -0.320000 -0.300000 -0.280000 -0.260000 -0.240000 -0.220000 -0.200000 -0.180000 -0.160000 -0.140000 -0.120000 -0.100000 -0.080000 -0.060000 -0.040000 -0.020000 0.000000 0.020000 0.040000 0.060000 0.080000 0.100000 0.120000 0.140000 0.160000 0.180000 0.200000 0.220000 0.240000 0.260000 0.280000 0.300000 0.320000 0.340000 0.360000 0.380000 0.400000 0.420000 0.440000 0.460000 0.480000 0.500000 0.520000 0.540000 0.560000 0.580000 0.600000 0.620000 0.640000 0.660000 0.680000 0.700000 0.720000 0.740000 0.760000 0.780000 0.800000 0.820000 0.840000 0.860000 0.880000 0.900000 0.920000 0.940000 0.960000 0.980000 1.000000
33 35 41 48 37 51 43 34 37 49 48 62 49 47 58 61 55 57 68 71 78 75 97 90 110 85 99 111 110 122 108 135 134 132 135 129 135 160 167 150 158 158 157 146 171 176 160 164 153 179 174 179 187 184 159 173 184 143 153 173 168 135 153 150 125 128 148 119 123 126 103 122 119 101 85 98 85 89 79 71 85 82 67 62 60 69 46 50 40 54 47 47 39 40 30 40 40 25 39 34
-1.000000 -0.980000 -0.960000 -0.940000 -0.920000 -0.900000 -0.880000 -0.860000 -0.840000 -0.820000 -0.800000 -0.780000 -0.760000 -0.740000 -0.720000 -0.700000 -0.680000 -0.660000 -0.640000 -0.620000 -0.600000 -0.580000 -0.560000 -0.540000 -0.520000 -0.500000 -0.480000 -0.460000 -0.440000 -0.420000 -0.400000 -0.380000 -0.360000 -0.340000 -0.320000 -0.300000 -0.280000 -0.260000 -0.240000 -0.220000 -0.200000 -0.180000 -0.160000 -0.140000 -0.120000 -0.100000 -0.080000 -0.060000 -0.040000 -0.020000 0.000000 0.020000 0.040000 0.060000 0.080000 0.100000 0.120000 0.140000 0.160000 0.180000 0.200000 0.220000 0.240000 0.260000 0.280000 0.300000 0.320000 0.340000 0.360000 0.380000 0.400000 0.420000 0.440000 0.460000 0.480000 0.500000 0.520000 0.540000 0.560000 0.580000 0.600000 0.620000 0.640000 0.660000 0.680000 0.700000 0.720000 0.740000 0.760000 0.780000 0.800000 0.820000 0.840000 0.860000 0.880000 0.900000 0.920000 0.940000 0.960000 0.980000 1.000000
52 36 41 39 31 39 41 41 59 37 62 53 51 47 63 59 54 47 63 74 75 87 71 104 99 95 100 109 110 99 149 136 145 128 138 133 135 124 141 163 170 168 150 180 165 170 133 155 190 162 195 155 166 159 159 198 169 175 149 162 164 158 154 154 133 127 116 130 120 126 131 119 99 88 103 98 84 82 82 78 73 76 60 63 77 61 51 58 49 44 50 36 43 41 39 35 38 27 39 34
-1.000000 -0.980000 -0.960000 -0.940000 -0.920000 -0.900000 -0.880000 -0.860000 -0.840000 -0.820000 -0.800000 -0.780000 -0.760000 -0.740000 -0.720000 -0.700000 -0.680000 -0.660000 -0.640000 -0.620000 -0.600000 -0.580000 -0.560000 -0.540000 -0.520000 -0.500000 -0.480000 -0.460000 -0.440000 -0.420000 -0.400000 -0.380000 -0.360000 -0.340000 -0.320000 -0.300000 -0.280000 -0.260000 -0.240000 -0.220000 -0.200000 -0.180000 -0.160000 -0.140000 -0.120000 -0.100000 -0.080000 -0.060000 -0.040000 -0.020000 0.000000 0.020000 0.040000 0.060000 0.080000 0.100000 0.120000 0.140000 0.160000 0.180000 0.200000 0.220000 0.240000 0.260000 0.280000 0.300000 0.320000 0.340000 0.360000 0.380000 0.400000 0.420000 0.440000 0.460000 0.480000 0.500000 0.520000 0.540000 0.560000 0.580000 0.600000 0.620000 0.640000 0.660000 0.680000 0.700000 0.720000 0.740000 0.760000 0.780000 0.800000 0.820000 0.840000 0.860000 0.880000 0.900000 0.920000 0.940000 0.960000 0.980000 1.000000
40 39 51 32 41 37 43 56 52 51 45 41 59 56 49 58 53 61 79 82 63 73 83 88 77 120 104 100 117 119 137 129 125 133 132 140 138 150 136 128 171 163 171 171 174 158 148 161 165 185 177 164 153 197 146 183 164 176 178 136 183 113 164 160 145 138 120 114 103 123 120 110 112 111 101 86 86 81 82 88 76 62 76 73 55 47 68 66 53 43 40 32 50 40 37 38 35 30 41 40
-1.000000 -0.980000 -0.960000 -0.940000 -0.920000 -0.900000 -0.880000 -0.860000 -0.840000 -0.820000 -0.800000 -0.780000 -0.760000 -0.740000 -0.720000 -0.700000 -0.680000 -0.660000 -0.640000 -0.620000 -0.600000 -0.580000 -0.560000 -0.540000 -0.520000 -0.500000 -0.480000 -0.460000 -0.440000 -0.420000 -0.400000 -0.380000 -0.360000 -0.340000 -0.320000 -0.300000 -0.280000 -0.260000 -0.240000 -0.220000 -0.200000 -0.180000 -0.160000 -0.140000 -0.120000 -0.100000 -0.080000 -0.060000 -0.040000 -0.020000 0.000000 0.020000 0.040000 0.060000 0.080000 0.100000 0.120000 0.140000 0.160000 0.180000 0.200000 0.220000 0.240000 0.260000 0.280000 0.300000 0.320000 0.340000 0.360000 0.380000 0.400000 0.420000 0.440000 0.460000 0.480000 0.500000 0.520000 0.540000 0.560000 0.580000 0.600000 0.620000 0.640000 0.660000 0.680000 0.700000 0.720000 0.740000 0.760000 0.780000 0.800000 0.820000 0.840000 0.860000 0.880000 0.900000 0.920000 0.940000 0.960000 0.980000 1.000000
39 35 34 49 54 42 40 45 53 59 46 56 47 42 47 66 60 54 81 71 65 85 92 89 96 98 96 114 120 106 125 116 132 150 142 127 131 144 152 143 135 171 161 196 168 151 166 165 147 201 143 152 185 170 178 174 173 172 181 166 143 144 130 144 134 134 136 134 117 107 125 107 102 100 102 103 88 78 70 78 83 77 64 67 62 73 52 59 48 53 49 42 31 31 44 33 38 35 42 43
-1.000000 -0.980000 -0.960000 -0.940000 -0.920000 -0.900000 -0.880000 -0.860000 -0.840000 -0.820000 -0.800000 -0.780000 -0.760000 -0.740000 -0.720000 -0.700000 -0.680000 -0.660000 -0.640000 -0.620000 -0.600000 -0.580000 -0.560000 -0.540000 -0.520000 -0.500000 -0.480000 -0.460000 -0.440000 -0.420000 -0.400000 -0.380000 -0.360000 -0.340000 -0.320000 -0.300000 -0.280000 -0.260000 -0.240000 -0.220000 -0.200000 -0.180000 -0.160000 -0.140000 -0.120000 -0.100000 -0.080000 -0.060000 -0.040000 -0.020000 0.000000 0.020000 0.040000 0.060000 0.080000 0.100000 0.120000 0.140000 0.160000 0.180000 0.200000 0.220000 0.240000 0.260000 0.280000 0.300000 0.320000 0.340000 0.360000 0.380000 0.400000 0.420000 0.440000 0.460000 0.480000 0.500000 0.520000 0.540000 0.560000 0.580000 0.600000 0.620000 0.640000 0.660000 0.680000 0.700000 0.720000 0.740000 0.760000 0.780000 0.800000 0.820000 0.840000 0.860000 0.880000 0.900000 0.920000 0.940000 0.960000 0.980000 1.000000
42 38 53 37 50 49 52 35 51 50 42 50 37 62 55 58 56 56 67 75 80 86 91 80 96 92 109 119 124 107 143 107 120 121 153 146 141 139 131 150 171 161 159 162 158 175 155 163 175 178 163 149 179 174 154 168 161 185 152 166 151 158 149 142 135 130 130 123 122 121 109 107 95 113 97 83 92 108 80 72 75 64 71 71 55 69 64 59 55 48 37 32 45 41 47 33 37 42 39 41
-1.000000 -0.980000 -0.960000 -0.940000 -0.920000 -0.900000 -0.880000 -0.860000 -0.840000 -0.820000 -0.800000 -0.780000 -0.760000 -0.740000 -0.720000 -0.700000 -0.680000 -0.660000 -0.640000 -0.620000 -0.600000 -0.580000 -0.560000 -0.540000 -0.520000 -0.500000 -0.480000 -0.460000 -0.440000 -0.420000 -0.400000 -0.380000 -0.360000 -0.340000 -0.320000 -0.300000 -0.280000 -0.260000 -0.240000 -0.220000 -0.200000 -0.180000 -0.160000 -0.140000 -0.120000 -0.100000 -0.080000 -0.060000 -0.040000 -0.020000 0.000000 0.020000 0.040000 0.060000 0.080000 0.100000 0.120000 0.140000 0.160000 0.180000 0.200000 0.220000 0.240000 0.260000 0.280000 0.300000 0.320000 0.340000 0.360000 0.380000 0.400000 0.420000 0.440000 0.460000 0.480000 0.500000 0.520000 0.540000 0.560000 0.580000 0.600000 0.620000 0.640000 0.660000 0.680000 0.700000 0.720000 0.740000 0.760000 0.780000 0.800000 0.820000 0.840000 0.860000 0.880000 0.900000 0.920000 0.940000 0.960000 0.980000 1.000000
43 50 43 44 34 51 48 43 50 50 52 33 51 48 54 60 66 57 74 69 77 88 92 93 83 94 115 131 107 130 114 121 106 147 140 140 127 151 139 170 155 158 168 147 150 186 152 167 149 166 196 171 160 169 154 164 148 171 154 182 153 162 163 137 135 140 125 133 111 95 103 112 108 109 99 81 93 90 80 81 73 88 80 49 60 67 57 63 57 36 41 49 42 25 41 59 42 41 40 28
-1.000000 -0.980000 -0.960000 -0.940000 -0.920000 -0.900000 -0.880000 -0.860000 -0.840000 -0.820000 -0.800000 -0.780000 -0.760000 -0.740000 -0.720000 -0.700000 -0.680000 -0.660000 -0.640000 -0.620000 -0.600000 -0.580000 -0.560000 -0.540000 -0.520000 -0.500000 -0.480000 -0.460000 -0.440000 -0.420000 -0.400000 -0.380000 -0.360000 -0.340000 -0.320000 -0.300000 -0.280000 -0.260000 -0.240000 -0.220000 -0.200000 -0.180000 -0.160000 -0.140000 -0.120000 -0.100000 -0.080000 -0.060000 -0.040000 -0.020000 0.000000 0.020000 0.040000 0.060000 0.080000 0.100000 0.120000 0.140000 0.160000 0.180000 0.200000 0.220000 0.240000 0.260000 0.280000 0.300000 0.320000 0.340000 0.360000 0.380000 0.400000 0.420000 0.440000 0.460000 0.480000 0.500000 0.520000 0.540000 0.560000 0.580000 0.600000 0.620000 0.640000 0.660000 0.680000 0.700000 0.720000 0.740000 0.760000 0.780000 0.800000 0.820000 0.840000 0.860000 0.880000 0.900000 0.920000 0.940000 0.960000 0.980000 1.000000
48 48 45 35 43 49 51 53 34 48 50 53 52 52 44 50 61 71 64 77 81 89 98 88 83 111 107 105 115 113 129 112 143 127 130 146 123 142 156 167 156 158 145 156 148 183 145 166 177 175 164 170 177 158 167 138 161 153 163 193 159 159 178 136 120 129 127 120 98 130 98 107 99 109 107 96 92 79 80 91 86 78 56 59 74 61 56 63 58 46 32 43 43 33 52 36 58 31 41 34
-1.000000 -0.980000 -0.960000 -0.940000 -0.920000 -0.900000 -0.880000 -0.860000 -0.840000 -0.820000 -0.800000 -0.780000 -0.760000 -0.740000 -0.720000 -0.700000 -0.680000 -0.660000 -0.640000 -0.620000 -0.600000 -0.580000 -0.560000 -0.540000 -0.520000 -0.500000 -0.480000 -0.460000 -0.440000 -0.420000 -0.400000 -0.380000 -0.360000 -0.340000 -0.320000 -0.300000 -0.280000 -0.260000 -0.240000 -0.220000 -0.200000 -0.180000 -0.160000 -0.140000 -0.120000 -0.100000 -0.080000 -0.060000 -0.040000 -0.020000 0.000000 0.020000 0.040000 0.060000 0.080000 0.100000 0.120000 0.140000 0.160000 0.180000 0.200000 0.220000 0.240000 0.260000 0.280000 0.300000 0.320000 0.340000 0.360000 0.380000 0.400000 0.420000 0.440000 0.460000 0.480000 0.500000 0.520000 0.540000 0.560000 0.580000 0.600000 0.620000 0.640000 0.660000 0.680000 0.700000 0.720000 0.740000 0.760000 0.780000 0.800000 0.820000 0.840000 0.860000 0.880000 0.900000 0.920000 0.940000 0.960000 0.980000 1.000000
44 38 49 43 43 49 50 40 44 47 54 45 53 50 57 52 72 62 70 73 91 80 84 100 94 87 105 97 126 119 113 136 136 133 135 144 153 143 155 130 153 151 158 162 147 150 173 169 170 172 180 167 163 165 175 147 175 159 151 149 168 153 156 140 145 127 122 117 114 120 103 106 104 102 101 89 81 93 94 79 75 70 72 68 80 71 55 48 72 47 38 37 41 45 39 39 39 50 45 23
-1.000000 -0.980000 -0.960000 -0.940000 -0.920000 -0.900000 -0.880000 -0.860000 -0.840000 -0.820000 -0.800000 -0.780000 -0.760000 -0.740000 -0.720000 -0.700000 -0.680000 -0.660000 -0.640000 -0.620000 -0.600000 -0.580000 -0.560000 -0.540000 -0.520000 -0.500000 -0.480000 -0.460000 -0.440000 -0.420000 -0.400000 -0.380000 -0.360000 -0.340000 -0.320000 -0.300000 -0.280000 -0.260000 -0.240000 -0.220000 -0.200000 -0.180000 -0.160000 -0.140000 -0.120000 -0.100000 -0.080000 -0.060000 -0.040000 -0.020000 0.000000 0.020000 0.040000 0.060000 0.080000 0.100000 0.120000 0.140000 0.160000 0.180000 0.200000 0.220000 0.240000 0.260000 0.280000 0.300000 0.320000 0.340000 0.360000 0.380000 0.400000 0.420000 0.440000 0.460000 0.480000 0.500000 0.520000 0.540000 0.560000 0.580000 0.600000 0.620000 0.640000 0.660000 0.680000 0.700000 0.720000 0.740000 0.760000 0.780000 0.800000 0.820000 0.840000 0.860000 0.880000 0.900000 0.920000 0.940000 0.960000 0.980000 1.000000
51 43 47 41 38 51 47 41 41 44 47 59 61 48 47 62 66 62 57 69 83 97 89 99 103 88 109 94 122 113 132 116 135 149 119 134 149 134 161 158 163 144 153 143 183 148 139 181 171 163 192 170 155 165 160 170 154 150 130 162 158 194 161 126 140 129 125 106 111 123 112 102 102 113 97 83 97 79 83 78 90 72 64 75 65 69 66 71 47 38 47 41 58 39 38 45 29 35 45 45
-1.000000 -0.980000 -0.960000 -0.940000 -0.920000 -0.900000 -0.880000 -0.860000 -0.840000 -0.820000 -0.800000 -0.780000 -0.760000 -0.740000 -0.720000 -0.700000 -0.680000 -0.660000 -0.640000 -0.620000 -0.600000 -0.580000 -0.560000 -0.540000 -0.520000 -0.500000 -0.480000 -0.460000 -0.440000 -0.420000 -0.400000 -0.380000 -0.360000 -0.340000 -0.320000 -0.300000 -0.280000 -0.260000 -0.240000 -0.220000 -0.200000 -0.180000 -0.160000 -0.140000 -0.120000 -0.100000 -0.080000 -0.060000 -0.040000 -0.020000 0.000000 0.020000 0.040000 0.060000 0.080000 0.100000 0.120000 0.140000 0.160000 0.180000 0.200000 0.220000 0.240000 0.260000 0.280000 0.300000 0.320000 0.340000 0.360000 0.380000 0.400000 0.420000 0.440000 0.460000 0.480000 0.500000 0.520000 0.540000 0.560000 0.580000 0.600000 0.620000 0.640000 0.660000 0.680000 0.700000 0.720000 0.740000 0.760000 0.780000 0.800000 0.820000 0.840000 0.860000 0.880000 0.900000 0.920000 0.940000 0.960000 0.980000 1.000000
30 46 59 42 46 47 52 38 43 42 47 62 70 54 49 55 69 57 63 77 86 81 93 92 99 105 97 97 113 115 135 119 139 128 129 173 114 143 145 144 157 142 155 168 170 146 151 166 164 166 165 168 165 178 170 163 156 160 145 168 166 152 143 142 139 134 117 119 127 123 99 111 113 98 98 83 96 82 94 78 59 86 80 62 85 59 58 58 52 49 55 48 38 39 33 43 35 40 48 41
-1.000000 -0.980000 -0.960000 -0.940000 -0.920000 -0.900000 -0.880000 -0.860000 -0.840000 -0.820000 -0.800000 -0.780000 -0.760000 -0.740000 -0.720000 -0.700000 -0.680000 -0.660000 -0.640000 -0.620000 -0.600000 -0.580000 -0.560000 -0.540000 -0.520000 -0.500000 -0.480000 -0.460000 -0.440000 -0.420000 -0.400000 -0.380000 -0.360000 -0.340000 -0.320000 -0.300000 -0.280000 -0.260000 -0.240000 -0.220000 -0.200000 -0.180000 -0.160000 -0.140000 -0.120000 -0.100000 -0.080000 -0.060000 -0.040000 -0.020000 0.000000 0.020000 0.040000 0.060000 0.080000 0.100000 0.120000 0.140000 0.160000 0.180000 0.200000 0.220000 0.240000 0.260000 0.280000 0.300000 0.320000 0.340000 0.360000 0.380000 0.400000 0.420000 0.440000 0.460000 0.480000 0.500000 0.520000 0.540000 0.560000 0.580000 0.600000 0.620000 0.640000 0.660000 0.680000 0.700000 0.720000 0.740000 0.760000 0.780000 0.800000 0.820000 0.840000 0.860000 0.880000 0.900000 0.920000 0.940000 0.960000 0.980000 1.000000
38 33 56 44 56 40 45 55 48 46 48 56 54 56 53 63 66 69 75 50 86 83 97 101 95 97 113 124 100 99 133 133 120 150 134 121 127 135 157 142 190 137 156 145 134 182 169 148 142 171 178 158 169 163 155 174 154 165 173 164 151 153 147 130 150 117 96 126 122 125 111 115 108 102 101 93 109 82 71 85 81 72 76 75 65 75 55 56 61 37 52 47 48 35 41 37 41 39 51 37
-1.000000 -0.980000 -0.960000 -0.940000 -0.920000 -0.900000 -0.880000 -0.860000 -0.840000 -0.820000 -0.800000 -0.780000 -0.760000 -0.740000 -0.720000 -0.700000 -0.680000 -0.660000 -0.640000 -0.620000 -0.600000 -0.580000 -0.560000 -0.540000 -0.520000 -0.500000 -0.480000 -0.460000 -0.440000 -0.420000 -0.400000 -0.380000 -0.360000 -0.340000 -0.320000 -0.300000 -0.280000 -0.260000 -0.240000 -0.220000 -0.200000 -0.180000 -0.160000 -0.140000 -0.120000 -0.100000 -0.080000 -0.060000 -0.040000 -0.020000 0.000000 0.020000 0.040000 0.060000 0.080000 0.100000 0.120000 0.140000 0.160000 0.180000 0.200000 0.220000 0.240000 0.260000 0.280000 0.300000 0.320000 0.340000 0.360000 0.380000 0.400000 0.420000 0.440000 0.460000 0.480000 0.500000 0.520000 0.540000 0.560000 0.580000 0.600000 0.620000 0.640000 0.660000 0.680000 0.700000 0.720000 0.740000 0.760000 0.780000 0.800000 0.820000 0.840000 0.860000 0.880000 0.900000 0.920000 0.940000 0.960000 0.980000 1.000000
40 45 45 47 41 55 32 47 59 44 57 53 62 53 58 52 67 77 79 58 86 82 95 95 112 104 101 107 106 115 110 115 139 140 128 138 147 121 166 141 143 146 157 174 167 146 165 142 162 183 141 146 187 172 161 156 161 153 140 176 172 153 142 133 131 139 112 121 119 99 135 112 90 106 104 101 96 85 79 85 78 84 72 59 62 82 67 63 53 63 35 32 49 46 49 35 55 32 42 31
-1.000000 -0.980000 -0.960000 -0.940000 -0.920000 -0.900000 -0.880000 -0.860000 -0.840000 -0.820000 -0.800000 -0.780000 -0.760000 -0.740000 -0.720000 -0.700000 -0.680000 -0.660000 -0.640000 -0.620000 -0.600000 -0.580000 -0.560000 -0.540000 -0.520000 -0.500000 -0.480000 -0.460000 -0.440000 -0.420000 -0.400000 -0.380000 -0.360000 -0.340000 -0.320000 -0.300000 -0.280000 -0.260000 -0.240000 -0.220000 -0.200000 -0.180000 -0.160000 -0.140000 -0.120000 -0.100000 -0.080000 -0.060000 -0.040000 -0.020000 0.000000 0.020000 0.040000 0.060000 0.080000 0.100000 0.120000 0.140000 0.160000 0.180000 0.200000 0.220000 0.240000 0.260000 0.280000 0.300000 0.320000 0.340000 0.360000 0.380000 0.400000 0.420000 0.440000 0.460000 0.480000 0.500000 0.520000 0.540000 0.560000 0.580000 0.600000 0.620000 0.640000 0.660000 0.680000 0.700000 0.720000 0.740000 0.760000 0.780000 0.800000 0.820000 0.840000 0.860000 0.880000 0.900000 0.920000 0.940000 0.960000 0.980000 1.000000
46 42 44 42 46 49 44 37 65 44 52 70 53 53 44 66 69 59 82 88 76 85 97 82 94 113 107 114 115 115 111 116 119 120 145 128 158 148 159 147 139 123 135 182 177 138 188 153 165 172 157 161 165 143 146 153 159 179 164 146 138 159 164 132 137 133 108 124 116 115 121 110 104 113 100 106 89 88 86 76 82 63 83 70 65 76 65 60 73 42 45 42 38 38 48 39 41 43 40 39
-1.000000 -0.980000 -0.960000 -0.940000 -0.920000 -0.900000 -0.880000 -0.860000 -0.840000 -0.820000 -0.800000 -0.780000 -0.760000 -0.740000 -0.720000 -0.700000 -0.680000 -0.660000 -0.640000 -0.620000 -0.600000 -0.580000 -0.560000 -0.540000 -0.520000 -0.500000 -0.480000 -0.460000 -0.440000 -0.420000 -0.400000 -0.380000 -0.360000 -0.340000 -0.320000 -0.300000 -0.280000 -0.260000 -0.240000 -0.220000 -0.200000 -0.180000 -0.160000 -0.140000 -0.120000 -0.100000 -0.080000 -0.060000 -0.040000 -0.020000 0.000000 0.020000 0.040000 0.060000 0.080000 0.100000 0.120000 0.140000 0.160000 0.180000 0.200000 0.220000 0.240000 0.260000 0.280000 0.300000 0.320000 0.340000 0.360000 0.380000 0.400000 0.420000 0.440000 0.460000 0.480000 0.500000 0.520000 0.540000 0.560000 0.580000 0.600000 0.620000 0.640000 0.660000 0.680000 0.700000 0.720000 0.740000 0.760000 0.780000 0.800000 0.820000 0.840000 0.860000 0.880000 0.900000 0.920000 0.940000 0.960000 0.980000 1.000000
54 38 49 45 44 47 45 48 54 45 57 52 53 65 53 61 62 75 70 97 69 85 88 88 95 119 90 116 115 115 131 127 108 117 140 138 143 171 133 137 138 160 146 142 143 159 174 174 159 173 159 150 173 167 149 140 151 172 156 142 149 156 139 137 139 141 145 112 119 106 118 95 118 102 105 100 84 104 86 70 79 76 79 71 65 72 61 67 70 55 34 41 36 37 51 42 44 46 35 48
-1.000000 -0.980000 -0.960000 -0.940000 -0.920000 -0.900000 -0.880000 -0.860000 -0.840000 -0.820000 -0.800000 -0.780000 -0.760000 -0.740000 -0.720000 -0.700000 -0.680000 -0.660000 -0.640000 -0.620000 -0.600000 -0.580000 -0.560000 -0.540000 -0.520000 -0.500000 -0.480000 -0.460000 -0.440000 -0.420000 -0.400000 -0.380000 -0.360000 -0.340000 -0.320000 -0.300000 -0.280000 -0.260000 -0.240000 -0.220000 -0.200000 -0.180000 -0.160000 -0.140000 -0.120000 -0.100000 -0.080000 -0.060000 -0.040000 -0.020000 0.000000 0.020000 0.040000 0.060000 0.080000 0.100000 0.120000 0.140000 0.160000 0.180000 0.200000 0.220000 0.240000 0.260000 0.280000 0.300000 0.320000 0.340000 0.360000 0.380000 0.400000 0.420000 0.440000 0.460000 0.480000 0.500000 0.520000 0.540000 0.560000 0.580000 0.600000 0.620000 0.640000 0.660000 0.680000 0.700000 0.720000 0.740000 0.760000 0.780000 0.800000 0.820000 0.840000 0.860000 0.880000 0.900000 0.920000 0.940000 0.960000 0.980000 1.000000
55 51 27 49 52 44 41 50 48 46 66 48 52 66 50 72 62 72 79 93 90 77 92 88 82 116 94 94 104 111 127 130 145 141 124 143 145 129 154 143 136 117 147 175 136 172 176 144 177 160 166 158 198 152 153 151 142 154 168 145 129 145 161 126 145 120 130 108 126 139 122 106 108 78 104 86 113 91 85 80 86 63 82 70 78 70 72 54 48 51 49 42 55 40 36 49 42 41 36 55
-1.000000 -0.980000 -0.960000 -0.940000 -0.920000 -0.900000 -0.880000 -0.860000 -0.840000 -0.820000 -0.800000 -0.780000 -0.760000 -0.740000 -0.720000 -0.700000 -0.680000 -0.660000 -0.640000 -0.620000 -0.600000 -0.580000 -0.560000 -0.540000 -0.520000 -0.500000 -0.480000 -0.460000 -0.440000 -0.420000 -0.400000 -0.380000 -0.360000 -0.340000 -0.320000 -0.300000 -0.280000 -0.260000 -0.240000 -0.220000 -0.200000 -0.180000 -0.160000 -0.140000 -0.120000 -0.100000 -0.080000 -0.060000 -0.040000 -0.020000 0.000000 0.020000 0.040000 0.060000 0.080000 0.100000 0.120000 0.140000 0.160000 0.180000 0.200000 0.220000 0.240000 0.260000 0.280000 0.300000 0.320000 0.340000 0.360000 0.380000 0.400000 0.420000 0.440000 0.460000 0.480000 0.500000 0.520000 0.540000 0.560000 0.580000 0.600000 0.620000 0.640000 0.660000 0.680000 0.700000 0.720000 0.740000 0.760000 0.780000 0.800000 0.820000 0.840000 0.860000 0.880000 0.900000 0.920000 0.940000 0.960000 0.980000 1.000000
38 47 46 50 41 49 48 55 50 51 48 53 66 58 53 80 61 71 72 83 96 89 87 98 96 103 98 112 99 106 121 118 119 133 152 143 117 130 141 157 140 143 144 138 168 159 163 187 162 169 171 162 159 132 160 163 156 157 149 151 134 144 146 131 138 126 115 131 122 127 118 113 109 103 100 103 89 77 96 74 82 76 83 72 80 72 55 47 46 61 65 40 44 41 49 44 34 52 43 50
-1.000000 -0.980000 -0.960000 -0.940000 -0.920000 -0.900000 -0.880000 -0.860000 -0.840000 -0.820000 -0.800000 -0.780000 -0.760000 -0.740000 -0.720000 -0.700000 -0.680000 -0.660000 -0.640000 -0.620000 -0.600000 -0.580000 -0.560000 -0.540000 -0.520000 -0.500000 -0.480000 -0.460000 -0.440000 -0.420000 -0.400000 -0.380000 -0.360000 -0.340000 -0.320000 -0.300000 -0.280000 -0.260000 -0.240000 -0.220000 -0.200000 -0.180000 -0.160000 -0.140000 -0.120000 -0.100000 -0.080000 -0.060000 -0.040000 -0.020000 0.000000 0.020000 0.040000 0.060000 0.080000 0.100000 0.120000 0.140000 0.160000 0.180000 0.200000 0.220000 0.240000 0.260000 0.280000 0.300000 0.320000 0.340000 0.360000 0.380000 0.400000 0.420000 0.440000 0.460000 0.480000 0.500000 0.520000 0.540000 0.560000 0.580000 0.600000 0.620000 0.640000 0.660000 0.680000 0.700000 0.720000 0.740000 0.760000 0.780000 0.800000 0.820000 0.840000 0.860000 0.880000 0.900000 0.920000 0.940000 0.960000 0.980000 1.000000
39 43 45 48 46 50 57 48 46 62 44 59 55 65 65 63 75 77 66 81 92 80 89 92 128 92 106 93 102 113 112 142 102 125 135 132 151 141 128 143 137 167 139 148 154 155 157 178 169 167 154 158 171 158 157 161 154 154 143 146 142 146 150 135 132 118 113 117 118 129 127 99 121 99 109 96 94 78 86 101 80 91 82 60 56 62 72 54 58 52 52 54 42 43 39 40 53 34 52 55
-1.000000 -0.980000 -0.960000 -0.940000 -0.920000 -0.900000 -0.880000 -0.860000 -0.840000 -0.820000 -0.800000 -0.780000 -0.760000 -0.740000 -0.720000 -0.700000 -0.680000 -0.660000 -0.640000 -0.620000 -0.600000 -0.580000 -0.560000 -0.540000 -0.520000 -0.500000 -0.480000 -0.460000 -0.440000 -0.420000 -0.400000 -0.380000 -0.360000 -0.340000 -0.320000 -0.300000 -0.280000 -0.260000 -0.240000 -0.220000 -0.200000 -0.180000 -0.160000 -0.140000 -0.120000 -0.100000 -0.080000 -0.060000 -0.040000 -0.020000 0.000000 0.020000 0.040000 0.060000 0.080000 0.100000 0.120000 0.140000 0.160000 0.180000 0.200000 0.220000 0.240000 0.260000 0.280000 0.300000 0.320000 0.340000 0.360000 0.380000 0.400000 0.420000 0.440000 0.460000 0.480000 0.500000 0.520000 0.540000 0.560000 0.580000 0.600000 0.620000 0.640000 0.660000 0.680000 0.700000 0.720000 0.740000 0.760000 0.780000 0.800000 0.820000 0.840000 0.860000 0.880000 0.900000 0.920000 0.940000 0.960000 0.980000 1.000000
38 45 54 50 51 55 41 49 48 52 53 51 61 69 66 55 75 76 82 90 69 81 110 87 106 79 89 106 117 117 108 119 113 144 125 132 144 151 143 141 153 132 154 147 163 162 153 168 163 171 171 167 150 135 149 156 161 151 161 126 144 151 144 142 136 116 117 123 120 118 119 125 108 118 95 101 80 98 82 94 89 79 71 68 59 65 55 60 52 55 72 52 45 51 38 38 51 43 41 50
-1.000000 -0.980000 -0.960000 -0.940000 -0.920000 -0.900000 -0.880000 -0.860000 -0.840000 -0.820000 -0.800000 -0.780000 -0.760000 -0.740000 -0.720000 -0.700000 -0.680000 -0.660000 -0.640000 -0.620000 -0.600000 -0.580000 -0.560000 -0.540000 -0.520000 -0.500000 -0.480000 -0.460000 -0.440000 -0.420000 -0.400000 -0.380000 -0.360000 -0.340000 -0.320000 -0.300000 -0.280000 -0.260000 -0.240000 -0.220000 -0.200000 -0.180000 -0.160000 -0.140000 -0.120000 -0.100000 -0.080000 -0.060000 -0.040000 -0.020000 0.000000 0.020000 0.040000 0.060000 0.080000 0.100000 0.120000 0.140000 0.160000 0.180000 0.200000 0.220000 0.240000 0.260000 0.280000 0.300000 0.320000 0.340000 0.360000 0.380000 0.400000 0.420000 0.440000 0.460000 0.480000 0.500000 0.520000 0.540000 0.560000 0.580000 0.600000 0.620000 0.640000 0.660000 0.680000 0.700000 0.720000 0.740000 0.760000 0.780000 0.800000 0.820000 0.840000 0.860000 0.880000 0.900000 0.920000 0.940000 0.960000 0.980000 1.000000
47 56 52 41 43 45 33 49 58 50 54 64 62 54 60 69 72 80 82 89 83 80 104 74 105 88 97 100 104 107 141 120 117 129 119 138 146 137 158 150 113 137 155 160 163 177 161 154 177 155 149 159 176 133 142 165 176 149 126 161 137 155 138 138 124 113 128 120 123 112 118 130 104 101 130 87 77 94 98 77 83 82 80 64 66 52 56 50 71 64 56 53 48 38 45 47 57 42 46 51
-1.000000 -0.980000 -0.960000 -0.940000 -0.920000 -0.900000 -0.880000 -0.860000 -0.840000 -0.820000 -0.800000 -0.780000 -0.760000 -0.740000 -0.720000 -0.700000 -0.680000 -0.660000 -0.640000 -0.620000 -0.600000 -0.580000 -0.560000 -0.540000 -0.520000 -0.500000 -0.480000 -0.460000 -0.440000 -0.420000 -0.400000 -0.380000 -0.360000 -0.340000 -0.320000 -0.300000 -0.280000 -0.260000 -0.240000 -0.220000 -0.200000 -0.180000 -0.160000 -0.140000 -0.120000 -0.100000 -0.080000 -0.060000 -0.040000 -0.020000 0.000000 0.020000 0.040000 0.060000 0.080000 0.100000 0.120000 0.140000 0.160000 0.180000 0.200000 0.220000 0.240000 0.260000 0.280000 0.300000 0.320000 0.340000 0.360000 0.380000 0.400000 0.420000 0.440000 0.460000 0.480000 0.500000 0.520000 0.540000 0.560000 0.580000 0.600000 0.620000 0.640000 0.660000 0.680000 0.700000 0.720000 0.740000 0.760000 0.780000 0.800000 0.820000 0.840000 0.860000 0.880000 0.900000 0.920000 0.940000 0.960000 0.980000 1.000000
46 46 50 51 58 40 42 46 51 44 56 63 58 65 56 75 78 86 88 75 78 81 100 76 92 103 108 102 128 102 108 105 126 124 125 134 148 161 128 129 157 135 165 150 167 159 174 183 150 137 156 166 141 141 150 144 168 159 151 150 155 123 130 143 148 128 115 117 130 126 111 102 111 115 103 103 88 88 87 81 96 74 65 76 58 63 55 60 57 55 57 66 40 40 44 58 57 48 44 48
-1.000000 -0.980000 -0.960000 -0.940000 -0.920000 -0.900000 -0.880000 -0.860000 -0.840000 -0.820000 -0.800000 -0.780000 -0.760000 -0.740000 -0.720000 -0.700000 -0.680000 -0.660000 -0.640000 -0.620000 -0.600000 -0.580000 -0.560000 -0.540000 -0.520000 -0.500000 -0.480000 -0.460000 -0.440000 -0.420000 -0.400000 -0.380000 -0.360000 -0.340000 -0.320000 -0.300000 -0.280000 -0.260000 -0.240000 -0.220000 -0.200000 -0.180000 -0.160000 -0.140000 -0.120000 -0.100000 -0.080000 -0.060000 -0.040000 -0.020000 0.000000 0.020000 0.040000 0.060000 0.080000 0.100000 0.120000 0.140000 0.160000 0.180000 0.200000 0.220000 0.240000 0.260000 0.280000 0.300000 0.320000 0.340000 0.360000 0.380000 0.400000 0.420000 0.440000 0.460000 0.480000 0.500000 0.520000 0.540000 0.560000 0.580000 0.600000 0.620000 0.640000 0.660000 0.680000 0.700000 0.720000 0.740000 0.760000 0.780000 0.800000 0.820000 0.840000 0.860000 0.880000 0.900000 0.920000 0.940000 0.960000 0.980000 1.000000
54 41 52 50 47 49 42 54 48 45 54 52 62 61 81 78 66 60 75 85 104 94 91 93 91 95 98 103 128 108 111 114 126 114 122 128 128 155 145 132 150 165 157 134 162 158 171 186 158 136 154 150 168 153 147 160 144 153 150 133 126 154 143 131 134 132 134 131 104 111 107 123 110 109 117 90 86 85 93 78 83 77 87 63 65 64 51 54 46 64 60 60 55 66 50 34 57 39 45 57
-1.000000 -0.980000 -0.960000 -0.940000 -0.920000 -0.900000 -0.880000 -0.860000 -0.840000 -0.820000 -0.800000 -0.780000 -0.760000 -0.740000 -0.720000 -0.700000 -0.680000 -0.660000 -0.640000 -0.620000 -0.600000 -0.580000 -0.560000 -0.540000 -0.520000 -0.500000 -0.480000 -0.460000 -0.440000 -0.420000 -0.400000 -0.380000 -0.360000 -0.340000 -0.320000 -0.300000 -0.280000 -0.260000 -0.240000 -0.220000 -0.200000 -0.180000 -0.160000 -0.140000 -0.120000 -0.100000 -0.080000 -0.060000 -0.040000 -0.020000 0.000000 0.020000 0.040000 0.060000 0.080000 0.100000 0.120000 0.140000 0.160000 0.180000 0.200000 0.220000 0.240000 0.260000 0.280000 0.300000 0.320000 0.340000 0.360000 0.380000 0.400000 0.420000 0.440000 0.460000 0.480000 0.500000 0.520000 0.540000 0.560000 0.580000 0.600000 0.620000 0.640000 0.660000 0.680000 0.700000 0.720000 0.740000 0.760000 0.780000 0.800000 0.820000 0.840000 0.860000 0.880000 0.900000 0.920000 0.940000 0.960000 0.980000 1.000000
54 46 41 44 49 46 56 51 56 52 47 59 64 59 81 64 71 75 83 82 74 95 91 100 90 102 112 96 106 104 105 129 116 125 125 138 141 140 146 150 153 149 136 159 161 149 146 169 177 143 166 141 135 151 149 190 154 144 132 146 132 168 126 136 111 133 126 146 117 124 115 99 111 114 93 101 105 74 93 75 91 68 73 64 58 72 59 58 60 57 53 54 58 72 55 45 46 51 46 46
-1.000000 -0.980000 -0.960000 -0.940000 -0.920000 -0.900000 -0.880000 -0.860000 -0.840000 -0.820000 -0.800000 -0.780000 -0.760000 -0.740000 -0.720000 -0.700000 -0.680000 -0.660000 -0.640000 -0.620000 -0.600000 -0.580000 -0.560000 -0.540000 -0.520000 -0.500000 -0.480000 -0.460000 -0.440000 -0.420000 -0.400000 -0.380000 -0.360000 -0.340000 -0.320000 -0.300000 -0.280000 -0.260000 -0.240000 -0.220000 -0.200000 -0.180000 -0.160000 -0.140000 -0.120000 -0.100000 -0.080000 -0.060000 -0.040000 -0.020000 0.000000 0.020000 0.040000 0.060000 0.080000 0.100000 0.120000 0.140000 0.160000 0.180000 0.200000 0.220000 0.240000 0.260000 0.280000 0.300000 0.320000 0.340000 0.360000 0.380000 0.400000 0.420000 0.440000 0.460000 0.480000 0.500000 0.520000 0.540000 0.560000 0.580000 0.600000 0.620000 0.640000 0.660000 0.680000 0.700000 0.720000 0.740000 0.760000 0.780000 0.800000 0.820000 0.840000 0.860000 0.880000 0.900000 0.920000 0.940000 0.960000 0.980000 1.000000
45 47 53 49 41 55 47 51 45 59 62 42 63 66 81 79 62 80 79 90 86 76 81 87 108 93 100 102 119 126 96 125 124 119 126 134 135 145 120 159 172 125 139 154 156 156 146 168 165 149 171 158 144 147 127 160 148 153 153 159 141 140 131 144 145 110 123 140 103 118 132 107 122 99 95 87 94 90 91 88 83 71 65 72 78 66 57 63 40 54 69 67 52 59 52 54 43 48 47 53
-1.000000 -0.980000 -0.960000 -0.940000 -0.920000 -0.900000 -0.880000 -0.860000 -0.840000 -0.820000 -0.800000 -0.780000 -0.760000 -0.740000 -0.720000 -0.700000 -0.680000 -0.660000 -0.640000 -0.620000 -0.600000 -0.580000 -0.560000 -0.540000 -0.520000 -0.500000 -0.480000 -0.460000 -0.440000 -0.420000 -0.400000 -0.380000 -0.360000 -0.340000 -0.320000 -0.300000 -0.280000 -0.260000 -0.240000 -0.220000 -0.200000 -0.180000 -0.160000 -0.140000 -0.120000 -0.100000 -0.080000 -0.060000 -0.040000 -0.020000 0.000000 0.020000 0.040000 0.060000 0.080000 0.100000 0.120000 0.140000 0.160000 0.180000 0.200000 0.220000 0.240000 0.260000 0.280000 0.300000 0.320000 0.340000 0.360000 0.380000 0.400000 0.420000 0.440000 0.460000 0.480000 0.500000 0.520000 0.540000 0.560000 0.580000 0.600000 0.620000 0.640000 0.660000 0.680000 0.700000 0.720000 0.740000 0.760000 0.780000 0.800000 0.820000 0.840000 0.860000 0.880000 0.900000 0.920000 0.940000 0.960000 0.980000 1.000000
50 43 52 46 55 48 46 56 47 51 55 65 55 69 86 69 59 80 77 86 89 82 87 90 79 102 108 107 84 127 124 134 110 123 135 137 133 134 136 129 163 149 155 136 146 137 156 164 178 156 151 155 157 153 167 139 145 142 141 157 144 137 139 133 138 128 129 112 121 129 124 117 105 114 96 94 90 92 68 84 88 62 70 76 89 53 83 60 44 56 59 62 58 53 60 47 47 55 41 51
-1.000000 -0.980000 -0.960000 -0.940000 -0.920000 -0.900000 -0.880000 -0.860000 -0.840000 -0.820000 -0.800000 -0.780000 -0.760000 -0.740000 -0.720000 -0.700000 -0.680000 -0.660000 -0.640000 -0.620000 -0.600000 -0.580000 -0.560000 -0.540000 -0.520000 -0.500000 -0.480000 -0.460000 -0.440000 -0.420000 -0.400000 -0.380000 -0.360000 -0.340000 -0.320000 -0.300000 -0.280000 -0.260000 -0.240000 -0.220000 -0.200000 -0.180000 -0.160000 -0.140000 -0.120000 -0.100000 -0.080000 -0.060000 -0.040000 -0.020000 0.000000 0.020000 0.040000 0.060000 0.080000 0.100000 0.120000 0.140000 0.160000 0.180000 0.200000 0.220000 0.240000 0.260000 0.280000 0.300000 0.320000 0.340000 0.360000 0.380000 0.400000 0.420000 0.440000 0.460000 0.480000 0.500000 0.520000 0.540000 0.560000 0.580000 0.600000 0.620000 0.640000 0.660000 0.680000 0.700000 0.720000 0.740000 0.760000 0.780000 0.800000 0.820000 0.840000 0.860000 0.880000 0.900000 0.920000 0.940000 0.960000 0.980000 1.000000
55 47 40 50 47 54 46 43 52 66 53 60 67 83 69 75 75 70 75 75 78 83 73 98 109 92 108 107 115 101 109 113 129 120 132 135 148 138 161 134 142 115 140 153 162 161 141 155 145 146 168 169 160 154 152 141 161 153 148 138 124 131 124 150 129 132 121 132 138 108 133 103 124 98 109 108 88 88 78 72 91 72 63 74 80 70 67 62 57 61 64 46 56 49 56 63 41 50 45 54
-1.000000 -0.980000 -0.960000 -0.940000 -0.920000 -0.900000 -0.880000 -0.860000 -0.840000 -0.820000 -0.800000 -0.780000 -0.760000 -0.740000 -0.720000 -0.700000 -0.680000 -0.660000 -0.640000 -0.620000 -0.600000 -0.580000 -0.560000 -0.540000 -0.520000 -0.500000 -0.480000 -0.460000 -0.440000 -0.420000 -0.400000 -0.380000 -0.360000 -0.340000 -0.320000 -0.300000 -0.280000 -0.260000 -0.240000 -0.220000 -0.200000 -0.180000 -0.160000 -0.140000 -0.120000 -0.100000 -0.080000 -0.060000 -0.040000 -0.020000 0.000000 0.020000 0.040000 0.060000 0.080000 0.100000 0.120000 0.140000 0.160000 0.180000 0.200000 0.220000 0.240000 0.260000 0.280000 0.300000 0.320000 0.340000 0.360000 0.380000 0.400000 0.420000 0.440000 0.460000 0.480000 0.500000 0.520000 0.540000 0.560000 0.580000 0.600000 0.620000 0.640000 0.660000 0.680000 0.700000 0.720000 0.740000 0.760000 0.780000 0.800000 0.820000 0.840000 0.860000 0.880000 0.900000 0.920000 0.940000 0.960000 0.980000 1.000000
53 51 52 34 62 49 51 45 62 43 42 81 61 78 62 73 67 68 90 78 77 81 101 91 88 94 107 122 89 109 118 132 127 121 116 131 149 139 148 148 129 135 143 151 159 144 148 139 160 158 187 163 151 134 152 136 143 152 133 139 137 140 157 135 128 126 115 129 148 128 120 107 113 119 85 103 113 74 82 73 87 86 69 66 52 74 66 48 61 50 60 60 55 70 64 57 66 36 53 42
-1.000000 -0.980000 -0.960000 -0.940000 -0.920000 -0.900000 -0.880000 -0.860000 -0.840000 -0.820000 -0.800000 -0.780000 -0.760000 -0.740000 -0.720000 -0.700000 -0.680000 -0.660000 -0.640000 -0.620000 -0.600000 -0.580000 -0.560000 -0.540000 -0.520000 -0.500000 -0.480000 -0.460000 -0.440000 -0.420000 -0.400000 -0.380000 -0.360000 -0.340000 -0.320000 -0.300000 -0.280000 -0.260000 -0.240000 -0.220000 -0.200000 -0.180000 -0.160000 -0.140000 -0.120000 -0.100000 -0.080000 -0.060000 -0.040000 -0.020000 0.000000 0.020000 0.040000 0.060000 0.080000 0.100000 0.120000 0.140000 0.160000 0.180000 0.200000 0.220000 0.240000 0.260000 0.280000 0.300000 0.320000 0.340000 0.360000 0.380000 0.400000 0.420000 0.440000 0.460000 0.480000 0.500000 0.520000 0.540000 0.560000 0.580000 0.600000 0.620000 0.640000 0.660000 0.680000 0.700000 0.720000 0.740000 0.760000 0.780000 0.800000 0.820000 0.840000 0.860000 0.880000 0.900000 0.920000 0.940000 0.960000 0.980000 1.000000
60 43 47 47 37 58 48 61 43 55 56 64 67 71 68 67 74 80 77 79 84 85 81 92 106 95 102 129 108 101 103 128 119 112 122 131 134 147 160 134 156 148 140 162 127 167 144 135 154 159 166 156 144 141 161 143 143 137 127 151 151 146 128 140 133 140 113 132 142 124 117 107 97 112 106 95 81 99 94 78 90 70 77 69 63 71 55 52 67 46 63 66 74 63 47 63 50 47 53 43
-1.000000 -0.980000 -0.960000 -0.940000 -0.920000 -0.900000 -0.880000 -0.860000 -0.840000 -0.820000 -0.800000 -0.780000 -0.760000 -0.740000 -0.720000 -0.700000 -0.680000 -0.660000 -0.640000 -0.620000 -0.600000 -0.580000 -0.560000 -0.540000 -0.520000 -0.500000 -0.480000 -0.460000 -0.440000 -0.420000 -0.400000 -0.380000 -0.360000 -0.340000 -0.320000 -0.300000 -0.280000 -0.260000 -0.240000 -0.220000 -0.200000 -0.180000 -0.160000 -0.140000 -0.120000 -0.100000 -0.080000 -0.060000 -0.040000 -0.020000 0.000000 0.020000 0.040000 0.060000 0.080000 0.100000 0.120000 0.140000 0.160000 0.180000 0.200000 0.220000 0.240000 0.260000 0.280000 0.300000 0.320000 0.340000 0.360000 0.380000 0.400000 0.420000 0.440000 0.460000 0.480000 0.500000 0.520000 0.540000 0.560000 0.580000 0.600000 0.620000 0.640000 0.660000 0.680000 0.700000 0.720000 0.740000 0.760000 0.780000 0.800000 0.820000 0.840000 0.860000 0.880000 0.900000 0.920000 0.940000 0.960000 0.980000 1.000000
44 65 45 49 35 41 48 63 59 65 63 52 69 63 72 70 65 91 66 82 83 85 86 95 90 103 113 104 95 112 118 116 124 121 136 147 132 148 123 153 172 149 121 137 140 138 151 161 157 154 167 158 159 149 130 142 134 131 169 145 138 130 131 144 148 118 138 134 115 121 115 110 105 102 108 89 103 96 89 89 93 64 71 74 71 57 63 57 66 53 57 65 59 52 52 70 43 51 57 47
-1.000000 -0.980000 -0.960000 -0.940000 -0.920000 -0.900000 -0.880000 -0.860000 -0.840000 -0.820000 -0.800000 -0.780000 -0.760000 -0.740000 -0.720000 -0.700000 -0.680000 -0.660000 -0.640000 -0.620000 -0.600000 -0.580000 -0.560000 -0.540000 -0.520000 -0.500000 -0.480000 -0.460000 -0.440000 -0.420000 -0.400000 -0.380000 -0.360000 -0.340000 -0.320000 -0.300000 -0.280000 -0.260000 -0.240000 -0.220000 -0.200000 -0.180000 -0.160000 -0.140000 -0.120000 -0.100000 -0.080000 -0.060000 -0.040000 -0.020000 0.000000 0.020000 0.040000 0.060000 0.080000 0.100000 0.120000 0.140000 0.160000 0.180000 0.200000 0.220000 0.240000 0.260000 0.280000 0.300000 0.320000 0.340000 0.360000 0.380000 0.400000 0.420000 0.440000 0.460000 0.480000 0.500000 0.520000 0.540000 0.560000 0.580000 0.600000 0.620000 0.640000 0.660000 0.680000 0.700000 0.720000 0.740000 0.760000 0.780000 0.800000 0.820000 0.840000 0.860000 0.880000 0.900000 0.920000 0.940000 0.960000 0.980000 1.000000
48 54 38 66 47 40 54 58 57 64 57 62 65 52 72 62 75 77 78 89 72 94 91 92 97 113 97 89 104 130 107 115 120 123 132 141 132 136 141 150 147 139 156 165 126 141 158 142 150 163 155 154 165 142 139 145 125 162 124 149 125 147 143 148 136 122 129 124 133 123 117 116 94 124 98 91 93 86 90 90 83 72 69 76 66 62 63 65 70 68 51 57 72 53 44 49 53 56 48 56
-1.000000 -0.980000 -0.960000 -0.940000 -0.920000 -0.900000 -0.880000 -0.860000 -0.840000 -0.820000 -0.800000 -0.780000 -0.760000 -0.740000 -0.720000 -0.700000 -0.680000 -0.660000 -0.640000 -0.620000 -0.600000 -0.580000 -0.560000 -0.540000 -0.520000 -0.500000 -0.480000 -0.460000 -0.440000 -0.420000 -0.400000 -0.380000 -0.360000 -0.340000 -0.320000 -0.300000 -0.280000 -0.260000 -0.240000 -0.220000 -0.200000 -0.180000 -0.160000 -0.140000 -0.120000 -0.100000 -0.080000 -0.060000 -0.040000 -0.020000 0.000000 0.020000 0.040000 0.060000 0.080000 0.100000 0.120000 0.140000 0.160000 0.180000 0.200000 0.220000 0.240000 0.260000 0.280000 0.300000 0.320000 0.340000 0.360000 0.380000 0.400000 0.420000 0.440000 0.460000 0.480000 0.500000 0.520000 0.540000 0.560000 0.580000 0.600000 0.620000 0.640000 0.660000 0.680000 0.700000 0.720000 0.740000 0.760000 0.780000 0.800000 0.820000 0.840000 0.860000 0.880000 0.900000 0.920000 0.940000 0.960000 0.980000 1.000000
59 48 37 50 49 51 55 59 66 57 67 56 46 79 69 76 66 85 80 71 83 76 86 93 91 90 116 107 119 123 102 114 109 122 121 128 156 127 153 163 151 143 155 127 145 141 160 142 150 172 169 146 143 142 161 139 136 127 151 125 139 127 140 145 131 135 133 123 126 121 116 103 125 107 117 103 95 94 73 87 85 69 74 72 66 70 48 66 72 62 63 62 55 55 48 50 47 43 67 56
-1.000000 -0.980000 -0.960000 -0.940000 -0.920000 -0.900000 -0.880000 -0.860000 -0.840000 -0.820000 -0.800000 -0.780000 -0.760000 -0.740000 -0.720000 -0.700000 -0.680000 -0.660000 -0.640000 -0.620000 -0.600000 -0.580000 -0.560000 -0.540000 -0.520000 -0.500000 -0.480000 -0.460000 -0.440000 -0.420000 -0.400000 -0.380000 -0.360000 -0.340000 -0.320000 -0.300000 -0.280000 -0.260000 -0.240000 -0.220000 -0.200000 -0.180000 -0.160000 -0.140000 -0.120000 -0.100000 -0.080000 -0.060000 -0.040000 -0.020000 0.000000 0.020000 0.040000 0.060000 0.080000 0.100000 0.120000 0.140000 0.160000 0.180000 0.200000 0.220000 0.240000 0.260000 0.280000 0.300000 0.320000 0.340000 0.360000 0.380000 0.400000 0.420000 0.440000 0.460000 0.480000 0.500000 0.520000 0.540000 0.560000 0.580000 0.600000 0.620000 0.640000 0.660000 0.680000 0.700000 0.720000 0.740000 0.760000 0.780000 0.800000 0.820000 0.840000 0.860000 0.880000 0.900000 0.920000 0.940000 0.960000 0.980000 1.000000
45 50 53 53 51 44 56 63 49 63 56 65 58 70 70 86 80 82 72 91 76 66 72 92 78 111 119 116 93 116 105 111 111 146 133 134 127 150 132 139 145 152 152 141 134 184 141 151 145 149 148 153 153 148 152 156 140 132 128 141 134 152 133 131 146 121 117 141 118 120 126 98 116 94 123 111 91 94 82 82 90 93 72 56 76 62 68 45 57 55 73 61 56 52 57 60 46 62 53 47
-1.000000 -0.980000 -0.960000 -0.940000 -0.920000 -0.900000 -0.880000 -0.860000 -0.840000 -0.820000 -0.800000 -0.780000 -0.760000 -0.740000 -0.720000 -0.700000 -0.680000 -0.660000 -0.640000 -0.620000 -0.600000 -0.580000 -0.560000 -0.540000 -0.520000 -0.500000 -0.480000 -0.460000 -0.440000 -0.420000 -0.400000 -0.380000 -0.360000 -0.340000 -0.320000 -0.300000 -0.280000 -0.260000 -0.240000 -0.220000 -0.200000 -0.180000 -0.160000 -0.140000 -0.120000 -0.100000 -0.080000 -0.060000 -0.040000 -0.020000 0.000000 0.020000 0.040000 0.060000 0.080000 0.100000 0.120000 0.140000 0.160000 0.180000 0.200000 0.220000 0.240000 0.260000 0.280000 0.300000 0.320000 0.340000 0.360000 0.380000 0.400000 0.420000 0.440000 0.460000 0.480000 0.500000 0.520000 0.540000 0.560000 0.580000 0.600000 0.620000 0.640000 0.660000 0.680000 0.700000 0.720000 0.740000 0.760000 0.780000 0.800000 0.820000 0.840000 0.860000 0.880000 0.900000 0.920000 0.940000 0.960000 0.980000 1.000000
54 47 54 46 52 53 60 63 59 61 54 62 68 63 66 61 88 83 78 75 78 78 78 80 97 97 105 115 108 98 118 114 107 140 124 134 138 144 152 134 150 154 142 140 138 142 162 130 169 154 148 181 147 145 132 149 142 129 123 139 150 151 146 137 132 135 134 117 111 113 123 129 117 118 79 97 102 97 91 88 91 64 64 72 59 63 82 60 65 71 54 51 60 52 54 59 54 58 45 53
-1.000000 -0.980000 -0.960000 -0.940000 -0.920000 -0.900000 -0.880000 -0.860000 -0.840000 -0.820000 -0.800000 -0.780000 -0.760000 -0.740000 -0.720000 -0.700000 -0.680000 -0.660000 -0.640000 -0.620000 -0.600000 -0.580000 -0.560000 -0.540000 -0.520000 -0.500000 -0.480000 -0.460000 -0.440000 -0.420000 -0.400000 -0.380000 -0.360000 -0.340000 -0.320000 -0.300000 -0.280000 -0.260000 -0.240000 -0.220000 -0.200000 -0.180000 -0.160000 -0.140000 -0.120000 -0.100000 -0.080000 -0.060000 -0.040000 -0.020000 0.000000 0.020000 0.040000 0.060000 0.080000 0.100000 0.120000 0.140000 0.160000 0.180000 0.200000 0.220000 0.240000 0.260000 0.280000 0.300000 0.320000 0.340000 0.360000 0.380000 0.400000 0.420000 0.440000 0.460000 0.480000 0.500000 0.520000 0.540000 0.560000 0.580000 0.600000 0.620000 0.640000 0.660000 0.680000 0.700000 0.720000 0.740000 0.760000 0.780000 0.800000 0.820000 0.840000 0.860000 0.880000 0.900000 0.920000 0.940000 0.960000 0.980000 1.000000
45 36 51 64 65 45 68 67 58 65 56 47 62 63 61 74 88 90 73 86 80 68 78 69 94 109 100 109 105 108 108 121 130 127 114 135 122 146 163 141 157 148 138 140 136 142 143 157 158 172 149 156 135 152 145 134 130 139 143 141 141 147 154 132 132 121 132 116 114 121 115 124 115 127 80 102 91 95 86 99 65 93 83 74 68 58 68 62 71 52 59 46 67 57 56 70 53 57 41 50
-1.000000 -0.980000 -0.960000 -0.940000 -0.920000 -0.900000 -0.880000 -0.860000 -0.840000 -0.820000 -0.800000 -0.780000 -0.760000 -0.740000 -0.720000 -0.700000 -0.680000 -0.660000 -0.640000 -0.620000 -0.600000 -0.580000 -0.560000 -0.540000 -0.520000 -0.500000 -0.480000 -0.460000 -0.440000 -0.420000 -0.400000 -0.380000 -0.360000 -0.340000 -0.320000 -0.300000 -0.280000 -0.260000 -0.240000 -0.220000 -0.200000 -0.180000 -0.160000 -0.140000 -0.120000 -0.100000 -0.080000 -0.060000 -0.040000 -0.020000 0.000000 0.020000 0.040000 0.060000 0.080000 0.100000 0.120000 0.140000 0.160000 0.180000 0.200000 0.220000 0.240000 0.260000 0.280000 0.300000 0.320000 0.340000 0.360000 0.380000 0.400000 0.420000 0.440000 0.460000 0.480000 0.500000 0.520000 0.540000 0.560000 0.580000 0.600000 0.620000 0.640000 0.660000 0.680000 0.700000 0.720000 0.740000 0.760000 0.780000 0.800000 0.820000 0.840000 0.860000 0.880000 0.900000 0.920000 0.940000 0.960000 0.980000 1.000000
46 39 60 47 50 56 58 72 70 53 71 54 49 67 77 83 67 76 76 69 95 83 85 88 76 102 96 104 108 105 130 127 129 118 108 121 130 156 152 144 144 162 138 157 156 139 150 153 136 134 142 152 155 147 132 142 126 155 138 141 152 133 136 140 127 132 135 126 114 127 121 107 107 118 105 79 95 90 91 91 87 75 82 83 65 66 63 70 70 63 66 58 44 61 62 51 61 53 49 49
-1.000000 -0.980000 -0.960000 -0.940000 -0.920000 -0.900000 -0.880000 -0.860000 -0.840000 -0.820000 -0.800000 -0.780000 -0.760000 -0.740000 -0.720000 -0.700000 -0.680000 -0.660000 -0.640000 -0.620000 -0.600000 -0.580000 -0.560000 -0.540000 -0.520000 -0.500000 -0.480000 -0.460000 -0.440000 -0.420000 -0.400000 -0.380000 -0.360000 -0.340000 -0.320000 -0.300000 -0.280000 -0.260000 -0.240000 -0.220000 -0.200000 -0.180000 -0.160000 -0.140000 -0.120000 -0.100000 -0.080000 -0.060000 -0.040000 -0.020000 0.000000 0.020000 0.040000 0.060000 0.080000 0.100000 0.120000 0.140000 0.160000 0.180000 0.200000 0.220000 0.240000 0.260000 0.280000 0.300000 0.320000 0.340000 0.360000 0.380000 0.400000 0.420000 0.440000 0.460000 0.480000 0.500000 0.520000 0.540000 0.560000 0.580000 0.600000 0.620000 0.640000 0.660000 0.680000 0.700000 0.720000 0.740000 0.760000 0.780000 0.800000 0.820000 0.840000 0.860000 0.880000 0.900000 0.920000 0.940000 0.960000 0.980000 1.000000
41 62 51 43 67 45 56 65 54 64 53 68 53 76 77 69 81 76 75 75 81 86 85 95 84 104 84 108 106 95 127 126 123 126 131 139 133 126 146 149 137 154 166 159 125 138 133 156 148 127 149 145 145 137 148 135 186 141 139 138 140 135 132 117 139 140 126 122 115 132 100 127 108 111 113 82 101 92 86 88 77 87 77 74 82 60 69 68 81 65 60 58 49 66 55 50 55 63 48 39
-1.000000 -0.980000 -0.960000 -0.940000 -0.920000 -0.900000 -0.880000 -0.860000 -0.840000 -0.820000 -0.800000 -0.780000 -0.760000 -0.740000 -0.720000 -0.700000 -0.680000 -0.660000 -0.640000 -0.620000 -0.600000 -0.580000 -0.560000 -0.540000 -0.520000 -0.500000 -0.480000 -0.460000 -0.440000 -0.420000 -0.400000 -0.380000 -0.360000 -0.340000 -0.320000 -0.300000 -0.280000 -0.260000 -0.240000 -0.220000 -0.200000 -0.180000 -0.160000 -0.140000 -0.120000 -0.100000 -0.080000 -0.060000 -0.040000 -0.020000 0.000000 0.020000 0.040000 0.060000 0.080000 0.100000 0.120000 0.140000 0.160000 0.180000 0.200000 0.220000 0.240000 0.260000 0.280000 0.300000 0.320000 0.340000 0.360000 0.380000 0.400000 0.420000 0.440000 0.460000 0.480000 0.500000 0.520000 0.540000 0.560000 0.580000 0.600000 0.620000 0.640000 0.660000 0.680000 0.700000 0.720000 0.740000 0.760000 0.780000 0.800000 0.820000 0.840000 0.860000 0.880000 0.900000 0.920000 0.940000 0.960000 0.980000 1.000000
48 52 52 48 46 54 64 61 65 53 51 53 72 68 73 93 72 82 87 74 72 95 90 81 84 84 101 100 113 112 111 126 127 119 122 155 139 145 145 147 117 148 161 146 143 151 145 139 132 132 142 163 148 141 134 146 143 137 162 144 152 140 110 130 140 132 128 133 115 108 101 118 114 113 106 99 85 102 85 79 72 86 89 81 74 59 80 64 73 64 65 64 58 50 57 53 61 51 51 48
-1.000000 -0.980000 -0.960000 -0.940000 -0.920000 -0.900000 -0.880000 -0.860000 -0.840000 -0.820000 -0.800000 -0.780000 -0.760000 -0.740000 -0.720000 -0.700000 -0.680000 -0.660000 -0.640000 -0.620000 -0.600000 -0.580000 -0.560000 -0.540000 -0.520000 -0.500000 -0.480000 -0.460000 -0.440000 -0.420000 -0.400000 -0.380000 -0.360000 -0.340000 -0.320000 -0.300000 -0.280000 -0.260000 -0.240000 -0.220000 -0.200000 -0.180000 -0.160000 -0.140000 -0.120000 -0.100000 -0.080000 -0.060000 -0.040000 -0.020000 0.000000 0.020000 0.040000 0.060000 0.080000 0.100000 0.120000 0.140000 0.160000 0.180000 0.200000 0.220000 0.240000 0.260000 0.280000 0.300000 0.320000 0.340000 0.360000 0.380000 0.400000 0.420000 0.440000 0.460000 0.480000 0.500000 0.520000 0.540000 0.560000 0.580000 0.600000 0.620000 0.640000 0.660000 0.680000 0.700000 0.720000 0.740000 0.760000 0.780000 0.800000 0.820000 0.840000 0.860000 0.880000 0.900000 0.920000 0.940000 0.960000 0.980000 1.000000
53 53 52 46 53 41 55 69 67 56 67 58 73 73 67 59 83 91 73 70 78 87 91 85 109 114 97 93 81 93 108 126 138 124 139 140 132 150 137 154 144 120 126 152 162 158 140 128 148 130 135 155 157 148 125 160 147 141 152 142 139 124 137 125 129 139 117 138 117 118 102 113 112 115 95 95 98 103 105 70 75 100 79 66 84 64 65 81 63 71 63 62 42 63 61 69 52 48 51 45
-1.000000 -0.980000 -0.960000 -0.940000 -0.920000 -0.900000 -0.880000 -0.860000 -0.840000 -0.820000 -0.800000 -0.780000 -0.760000 -0.740000 -0.720000 -0.700000 -0.680000 -0.660000 -0.640000 -0.620000 -0.600000 -0.580000 -0.560000 -0.540000 -0.520000 -0.500000 -0.480000 -0.460000 -0.440000 -0.420000 -0.400000 -0.380000 -0.360000 -0.340000 -0.320000 -0.300000 -0.280000 -0.260000 -0.240000 -0.220000 -0.200000 -0.180000 -0.160000 -0.140000 -0.120000 -0.100000 -0.080000 -0.060000 -0.040000 -0.020000 0.000000 0.020000 0.040000 0.060000 0.080000 0.100000 0.120000 0.140000 0.160000 0.180000 0.200000 0.220000 0.240000 0.260000 0.280000 0.300000 0.320000 0.340000 0.360000 0.380000 0.400000 0.420000 0.440000 0.460000 0.480000 0.500000 0.520000 0.540000 0.560000 0.580000 0.600000 0.620000 0.640000 0.660000 0.680000 0.700000 0.720000 0.740000 0.760000 0.780000 0.800000 0.820000 0.840000 0.860000 0.880000 0.900000 0.920000 0.940000 0.960000 0.980000 1.000000
43 54 45 55 44 65 69 56 55 63 70 60 66 56 84 86 71 75 86 84 75 74 95 71 106 95 103 105 110 103 106 127 138 126 129 130 130 141 143 149 156 132 119 135 153 134 142 126 165 144 146 143 122 164 147 153 140 157 143 137 133 150 133 118 127 146 128 116 116 97 122 121 100 94 113 107 111 73 86 86 86 96 77 79 70 91 56 61 61 74 73 59 54 58 45 53 73 48 57 51
-1.000000 -0.980000 -0.960000 -0.940000 -0.920000 -0.900000 -0.880000 -0.860000 -0.840000 -0.820000 -0.800000 -0.780000 -0.760000 -0.740000 -0.720000 -0.700000 -0.680000 -0.660000 -0.640000 -0.620000 -0.600000 -0.580000 -0.560000 -0.540000 -0.520000 -0.500000 -0.480000 -0.460000 -0.440000 -0.420000 -0.400000 -0.380000 -0.360000 -0.340000 -0.320000 -0.300000 -0.280000 -0.260000 -0.240000 -0.220000 -0.200000 -0.180000 -0.160000 -0.140000 -0.120000 -0.100000 -0.080000 -0.060000 -0.040000 -0.020000 0.000000 0.020000 0.040000 0.060000 0.080000 0.100000 0.120000 0.140000 0.160000 0.180000 0.200000 0.220000 0.240000 0.260000 0.280000 0.300000 0.320000 0.340000 0.360000 0.380000 0.400000 0.420000 0.440000 0.460000 0.480000 0.500000 0.520000 0.540000 0.560000 0.580000 0.600000 0.620000 0.640000 0.660000 0.680000 0.700000 0.720000 0.740000 0.760000 0.780000 0.800000 0.820000 0.840000 0.860000 0.880000 0.900000 0.920000 0.940000 0.960000 0.980000 1.000000
53 55 43 54 64 65 50 55 61 66 63 58 56 84 60 88 80 77 74 78 87 80 87 73 86 96 107 103 118 124 106 131 120 109 126 132 145 132 158 157 146 136 126 134 146 136 131 119 136 141 164 156 142 143 148 155 144 148 143 144 137 136 146 127 139 129 124 114 112 125 106 117 112 117 89 82 93 91 98 97 81 86 90 73 64 63 75 66 69 65 57 79 69 49 55 54 58 52 47 58
-1.000000 -0.980000 -0.960000 -0.940000 -0.920000 -0.900000 -0.880000 -0.860000 -0.840000 -0.820000 -0.800000 -0.780000 -0.760000 -0.740000 -0.720000 -0.700000 -0.680000 -0.660000 -0.640000 -0.620000 -0.600000 -0.580000 -0.560000 -0.540000 -0.520000 -0.500000 -0.480000 -0.460000 -0.440000 -0.420000 -0.400000 -0.380000 -0.360000 -0.340000 -0.320000 -0.300000 -0.280000 -0.260000 -0.240000 -0.220000 -0.200000 -0.180000 -0.160000 -0.140000 -0.120000 -0.100000 -0.080000 -0.060000 -0.040000 -0.020000 0.000000 0.020000 0.040000 0.060000 0.080000 0.100000 0.120000 0.140000 0.160000 0.180000 0.200000 0.220000 0.240000 0.260000 0.280000 0.300000 0.320000 0.340000 0.360000 0.380000 0.400000 0.420000 0.440000 0.460000 0.480000 0.500000 0.520000 0.540000 0.560000 0.580000 0.600000 0.620000 0.640000 0.660000 0.680000 0.700000 0.720000 0.740000 0.760000 0.780000 0.800000 0.820000 0.840000 0.860000 0.880000 0.900000 0.920000 0.940000 0.960000 0.980000 1.000000
45 58 41 67 56 52 63 51 64 57 68 74 64 66 72 70 79 92 76 91 84 61 82 92 77 87 114 113 105 128 122 103 134 110 126 125 148 148 158 147 132 128 135 139 138 115 141 141 163 147 136 149 132 142 159 162 137 143 136 142 148 125 142 131 142 130 137 123 120 102 112 98 108 119 98 100 94 90 84 90 79 84 84 66 83 70 83 76 65 68 55 61 64 62 58 50 57 45 61 49
-1.000000 -0.980000 -0.960000 -0.940000 -0.920000 -0.900000 -0.880000 -0.860000 -0.840000 -0.820000 -0.800000 -0.780000 -0.760000 -0.740000 -0.720000 -0.700000 -0.680000 -0.660000 -0.640000 -0.620000 -0.600000 -0.580000 -0.560000 -0.540000 -0.520000 -0.500000 -0.480000 -0.460000 -0.440000 -0.420000 -0.400000 -0.380000 -0.360000 -0.340000 -0.320000 -0.300000 -0.280000 -0.260000 -0.240000 -0.220000 -0.200000 -0.180000 -0.160000 -0.140000 -0.120000 -0.100000 -0.080000 -0.060000 -0.040000 -0.020000 0.000000 0.020000 0.040000 0.060000 0.080000 0.100000 0.120000 0.140000 0.160000 0.180000 0.200000 0.220000 0.240000 0.260000 0.280000 0.300000 0.320000 0.340000 0.360000 0.380000 0.400000 0.420000 0.440000 0.460000 0.480000 0.500000 0.520000 0.540000 0.560000 0.580000 0.600000 0.620000 0.640000 0.660000 0.680000 0.700000 0.720000 0.740000 0.760000 0.780000 0.800000 0.820000 0.840000 0.860000 0.880000 0.900000 0.920000 0.940000 0.960000 0.980000 1.000000
51 41 57 47 68 51 59 60 54 73 64 66 76 77 67 71 76 75 80 80 84 85 76 91 103 89 100 111 99 103 124 127 105 119 146 129 150 147 145 129 145 120 151 136 150 126 139 137 132 150 151 139 151 143 140 134 149 160 147 157 131 136 133 143 121 131 112 141 115 106 96 110 113 124 98 112 84 75 93 99 83 81 73 66 74 78 67 82 73 68 65 55 69 54 59 56 51 41 69 51
-1.000000 -0.980000 -0.960000 -0.940000 -0.920000 -0.900000 -0.880000 -0.860000 -0.840000 -0.820000 -0.800000 -0.780000 -0.760000 -0.740000 -0.720000 -0.700000 -0.680000 -0.660000 -0.640000 -0.620000 -0.600000 -0.580000 -0.560000 -0.540000 -0.520000 -0.500000 -0.480000 -0.460000 -0.440000 -0.420000 -0.400000 -0.380000 -0.360000 -0.340000 -0.320000 -0.300000 -0.280000 -0.260000 -0.240000 -0.220000 -0.200000 -0.180000 -0.160000 -0.140000 -0.120000 -0.100000 -0.080000 -0.060000 -0.040000 -0.020000 0.000000 0.020000 0.040000 0.060000 0.080000 0.100000 0.120000 0.140000 0.160000 0.180000 0.200000 0.220000 0.240000 0.260000 0.280000 0.300000 0.320000 0.340000 0.360000 0.380000 0.400000 0.420000 0.440000 0.460000 0.480000 0.500000 0.520000 0.540000 0.560000 0.580000 0.600000 0.620000 0.640000 0.660000 0.680000 0.700000 0.720000 0.740000 0.760000 0.780000 0.800000 0.820000 0.840000 0.860000 0.880000 0.900000 0.920000 0.940000 0.960000 0.980000 1.000000
44 60 53 50 52 59 56 60 52 68 74 58 74 70 82 61 78 75 86 87 86 88 87 93 83 83 111 100 120 108 117 119 102 122 121 129 131 157 167 148 127 142 156 133 115 137 135 144 139 150 127 172 146 130 146 143 151 151 149 138 131 124 147 135 129 126 125 128 108 143 104 105 101 98 111 106 91 81 82 96 76 78 75 80 85 70 67 76 71 76 74 56 55 55 70 54 51 44 64 50
-1.000000 -0.980000 -0.960000 -0.940000 -0.920000 -0.900000 -0.880000 -0.860000 -0.840000 -0.820000 -0.800000 -0.780000 -0.760000 -0.740000 -0.720000 -0.700000 -0.680000 -0.660000 -0.640000 -0.620000 -0.600000 -0.580000 -0.560000 -0.540000 -0.520000 -0.500000 -0.480000 -0.460000 -0.440000 -0.420000 -0.400000 -0.380000 -0.360000 -0.340000 -0.320000 -0.300000 -0.280000 -0.260000 -0.240000 -0.220000 -0.200000 -0.180000 -0.160000 -0.140000 -0.120000 -0.100000 -0.080000 -0.060000 -0.040000 -0.020000 0.000000 0.020000 0.040000 0.060000 0.080000 0.100000 0.120000 0.140000 0.160000 0.180000 0.200000 0.220000 0.240000 0.260000 0.280000 0.300000 0.320000 0.340000 0.360000 0.380000 0.400000 0.420000 0.440000 0.460000 0.480000 0.500000 0.520000 0.540000 0.560000 0.580000 0.600000 0.620000 0.640000 0.660000 0.680000 0.700000 0.720000 0.740000 0.760000 0.780000 0.800000 0.820000 0.840000 0.860000 0.880000 0.900000 0.920000 0.940000 0.960000 0.980000 1.000000
41 59 49 59 51 61 57 55 63 68 56 78 71 63 73 79 70 106 79 90 65 75 91 71 106 85 88 103 102 135 131 116 127 111 139 129 137 132 144 160 148 140 141 129 128 137 129 134 144 161 152 143 139 152 125 143 125 158 134 144 133 169 126 125 112 145 130 111 130 109 105 122 128 103 97 100 77 90 84 91 101 86 62 82 65 84 78 59 73 60 57 67 61 60 58 66 62 48 48 55
-1.000000 -0.980000 -0.960000 -0.940000 -0.920000 -0.900000 -0.880000 -0.860000 -0.840000 -0.820000 -0.800000 -0.780000 -0.760000 -0.740000 -0.720000 -0.700000 -0.680000 -0.660000 -0.640000 -0.620000 -0.600000 -0.580000 -0.560000 -0.540000 -0.520000 -0.500000 -0.480000 -0.460000 -0.440000 -0.420000 -0.400000 -0.380000 -0.360000 -0.340000 -0.320000 -0.300000 -0.280000 -0.260000 -0.240000 -0.220000 -0.200000 -0.180000 -0.160000 -0.140000 -0.120000 -0.100000 -0.080000 -0.060000 -0.040000 -0.020000 0.000000 0.020000 0.040000 0.060000 0.080000 0.100000 0.120000 0.140000 0.160000 0.180000 0.200000 0.220000 0.240000 0.260000 0.280000 0.300000 0.320000 0.340000 0.360000 0.380000 0.400000 0.420000 0.440000 0.460000 0.480000 0.500000 0.520000 0.540000 0.560000 0.580000 0.600000 0.620000 0.640000 0.660000 0.680000 0.700000 0.720000 0.740000 0.760000 0.780000 0.800000 0.820000 0.840000 0.860000 0.880000 0.900000 0.920000 0.940000 0.960000 0.980000 1.000000
56 58 49 52 57 37 69 64 67 55 65 70 66 76 83 77 71 88 87 75 76 89 71 81 85 93 106 90 118 108 131 125 123 135 133 130 116 131 151 147 155 139 144 132 133 144 116 129 128 162 164 127 162 137 147 134 146 135 134 140 151 140 129 136 145 117 132 108 123 113 121 111 119 90 120 99 90 86 86 82 89 88 75 87 66 75 65 68 81 60 70 66 45 54 69 65 62 56 46 46
-1.000000 -0.980000 -0.960000 -0.940000 -0.920000 -0.900000 -0.880000 -0.860000 -0.840000 -0.820000 -0.800000 -0.780000 -0.760000 -0.740000 -0.720000 -0.700000 -0.680000 -0.660000 -0.640000 -0.620000 -0.600000 -0.580000 -0.560000 -0.540000 -0.520000 -0.500000 -0.480000 -0.460000 -0.440000 -0.420000 -0.400000 -0.380000 -0.360000 -0.340000 -0.320000 -0.300000 -0.280000 -0.260000 -0.240000 -0.220000 -0.200000 -0.180000 -0.160000 -0.140000 -0.120000 -0.100000 -0.080000 -0.060000 -0.040000 -0.020000 0.000000 0.020000 0.040000 0.060000 0.080000 0.100000 0.120000 0.140000 0.160000 0.180000 0.200000 0.220000 0.240000 0.260000 0.280000 0.300000 0.320000 0.340000 0.360000 0.380000 0.400000 0.420000 0.440000 0.460000 0.480000 0.500000 0.520000 0.540000 0.560000 0.580000 0.600000 0.620000 0.640000 0.660000 0.680000 0.700000 0.720000 0.740000 0.760000 0.780000 0.800000 0.820000 0.840000 0.860000 0.880000 0.900000 0.920000 0.940000 0.960000 0.980000 1.000000
48 54 67 42 57 57 50 69 61 64 70 66 84 63 79 72 87 65 93 79 79 64 94 73 95 79 108 102 124 107 121 123 118 125 131 117 154 154 137 147 148 139 138 138 135 137 117 132 149 159 129 148 152 152 124 137 155 141 129 139 126 148 134 121 159 130 125 120 123 104 112 106 108 107 94 121 86 84 90 104 85 63 70 90 85 77 70 59 59 52 76 64 66 65 56 67 47 60 57 53
-1.000000 -0.980000 -0.960000 -0.940000 -0.920000 -0.900000 -0.880000 -0.860000 -0.840000 -0.820000 -0.800000 -0.780000 -0.760000 -0.740000 -0.720000 -0.700000 -0.680000 -0.660000 -0.640000 -0.620000 -0.600000 -0.580000 -0.560000 -0.540000 -0.520000 -0.500000 -0.480000 -0.460000 -0.440000 -0.420000 -0.400000 -0.380000 -0.360000 -0.340000 -0.320000 -0.300000 -0.280000 -0.260000 -0.240000 -0.220000 -0.200000 -0.180000 -0.160000 -0.140000 -0.120000 -0.100000 -0.080000 -0.060000 -0.040000 -0.020000 0.000000 0.020000 0.040000 0.060000 0.080000 0.100000 0.120000 0.140000 0.160000 0.180000 0.200000 0.220000 0.240000 0.260000 0.280000 0.300000 0.320000 0.340000 0.360000 0.380000 0.400000 0.420000 0.440000 0.460000 0.480000 0.500000 0.520000 0.540000 0.560000 0.580000 0.600000 0.620000 0.640000 0.660000 0.680000 0.700000 0.720000 0.740000 0.760000 0.780000 0.800000 0.820000 0.840000 0.860000 0.880000 0.900000 0.920000 0.940000 0.960000 0.980000 1.000000
61 56 51 62 53 48 63 76 60 52 64 66 58 70 85 69 81 73 73 87 97 80 83 98 93 90 93 105 106 119 117 118 131 130 120 146 129 120 153 145 128 151 132 129 128 160 132 159 117 143 138 145 170 152 128 145 122 141 145 137 116 138 144 139 130 125 111 140 127 108 116 121 92 104 97 114 111 91 73 97 77 80 69 88 75 80 74 53 55 69 59 66 65 59 80 44 65 62 53 50
-1.000000 -0.980000 -0.960000 -0.940000 -0.920000 -0.900000 -0.880000 -0.860000 -0.840000 -0.820000 -0.800000 -0.780000 -0.760000 -0.740000 -0.720000 -0.700000 -0.680000 -0.660000 -0.640000 -0.620000 -0.600000 -0.580000 -0.560000 -0.540000 -0.520000 -0.500000 -0.480000 -0.460000 -0.440000 -0.420000 -0.400000 -0.380000 -0.360000 -0.340000 -0.320000 -0.300000 -0.280000 -0.260000 -0.240000 -0.220000 -0.200000 -0.180000 -0.160000 -0.140000 -0.120000 -0.100000 -0.080000 -0.060000 -0.040000 -0.020000 0.000000 0.020000 0.040000 0.060000 0.080000 0.100000 0.120000 0.140000 0.160000 0.180000 0.200000 0.220000 0.240000 0.260000 0.280000 0.300000 0.320000 0.340000 0.360000 0.380000 0.400000 0.420000 0.440000 0.460000 0.480000 0.500000 0.520000 0.540000 0.560000 0.580000 0.600000 0.620000 0.640000 0.660000 0.680000 0.700000 0.720000 0.740000 0.760000 0.780000 0.800000 0.820000 0.840000 0.860000 0.880000 0.900000 0.920000 0.940000 0.960000 0.980000 1.000000
52 54 43 65 74 58 54 66 57 65 56 58 59 67 90 74 82 84 80 75 95 78 82 88 86 91 102 120 96 129 118 134 130 124 127 135 120 134 149 136 137 130 137 132 142 123 163 141 133 145 148 137 148 143 130 136 136 137 146 131 129 133 139 133 139 125 129 112 131 123 113 112 106 97 125 102 101 78 87 80 95 76 72 85 91 70 69 61 51 78 73 52 70 62 67 48 47 61 55 61
-1.000000 -0.980000 -0.960000 -0.940000 -0.920000 -0.900000 -0.880000 -0.860000 -0.840000 -0.820000 -0.800000 -0.780000 -0.760000 -0.740000 -0.720000 -0.700000 -0.680000 -0.660000 -0.640000 -0.620000 -0.600000 -0.580000 -0.560000 -0.540000 -0.520000 -0.500000 -0.480000 -0.460000 -0.440000 -0.420000 -0.400000 -0.380000 -0.360000 -0.340000 -0.320000 -0.300000 -0.280000 -0.260000 -0.240000 -0.220000 -0.200000 -0.180000 -0.160000 -0.140000 -0.120000 -0.100000 -0.080000 -0.060000 -0.040000 -0.020000 0.000000 0.020000 0.040000 0.060000 0.080000 0.100000 0.120000 0.140000 0.160000 0.180000 0.200000 0.220000 0.240000 0.260000 0.280000 0.300000 0.320000 0.340000 0.360000 0.380000 0.400000 0.420000 0.440000 0.460000 0.480000 0.500000 0.520000 0.540000 0.560000 0.580000 0.600000 0.620000 0.640000 0.660000 0.680000 0.700000 0.720000 0.740000 0.760000 0.780000 0.800000 0.820000 0.840000 0.860000 0.880000 0.900000 0.920000 0.940000 0.960000 0.980000 1.000000
58 51 56 52 62 55 55 62 60 57 62 77 63 77 68 70 76 90 86 75 87 73 108 86 99 101 102 105 102 111 143 103 114 140 116 115 144 148 133 141 150 145 122 131 133 117 151 143 148 147 147 138 158 142 122 139 133 119 153 143 133 120 134 148 129 107 146 127 127 106 122 102 100 104 126 97 101 86 90 89 82 77 98 67 78 73 76 72 58 56 62 60 79 61 70 52 59 51 55 56
-1.000000 -0.980000 -0.960000 -0.940000 -0.920000 -0.900000 -0.880000 -0.860000 -0.840000 -0.820000 -0.800000 -0.780000 -0.760000 -0.740000 -0.720000 -0.700000 -0.680000 -0.660000 -0.640000 -0.620000 -0.600000 -0.580000 -0.560000 -0.540000 -0.520000 -0.500000 -0.480000 -0.460000 -0.440000 -0.420000 -0.400000 -0.380000 -0.360000 -0.340000 -0.320000 -0.300000 -0.280000 -0.260000 -0.240000 -0.220000 -0.200000 -0.180000 -0.160000 -0.140000 -0.120000 -0.100000 -0.080000 -0.060000 -0.040000 -0.020000 0.000000 0.020000 0.040000 0.060000 0.080000 0.100000 0.120000 0.140000 0.160000 0.180000 0.200000 0.220000 0.240000 0.260000 0.280000 0.300000 0.320000 0.340000 0.360000 0.380000 0.400000 0.420000 0.440000 0.460000 0.480000 0.500000 0.520000 0.540000 0.560000 0.580000 0.600000 0.620000 0.640000 0.660000 0.680000 0.700000 0.720000 0.740000 0.760000 0.780000 0.800000 0.820000 0.840000 0.860000 0.880000 0.900000 0.920000 0.940000 0.960000 0.980000 1.000000
59 46 58 67 55 61 53 51 71 70 59 74 61 61 72 78 76 73 93 84 86 97 100 97 86 106 91 112 80 96 124 133 114 124 135 128 136 137 140 120 145 133 144 141 124 145 146 132 148 142 152 141 136 149 132 144 131 138 116 141 135 141 142 131 121 145 137 123 109 103 134 80 129 101 99 98 100 103 91 73 97 86 89 72 73 75 69 68 61 75 56 66 64 68 59 56 55 62 59 51
-1.000000 -0.980000 -0.960000 -0.940000 -0.920000 -0.900000 -0.880000 -0.860000 -0.840000 -0.820000 -0.800000 -0.780000 -0.760000 -0.740000 -0.720000 -0.700000 -0.680000 -0.660000 -0.640000 -0.620000 -0.600000 -0.580000 -0.560000 -0.540000 -0.520000 -0.500000 -0.480000 -0.460000 -0.440000 -0.420000 -0.400000 -0.380000 -0.360000 -0.340000 -0.320000 -0.300000 -0.280000 -0.260000 -0.240000 -0.220000 -0.200000 -0.180000 -0.160000 -0.140000 -0.120000 -0.100000 -0.080000 -0.060000 -0.040000 -0.020000 0.000000 0.020000 0.040000 0.060000 0.080000 0.100000 0.120000 0.140000 0.160000 0.180000 0.200000 0.220000 0.240000 0.260000 0.280000 0.300000 0.320000 0.340000 0.360000 0.380000 0.400000 0.420000 0.440000 0.460000 0.480000 0.500000 0.520000 0.540000 0.560000 0.580000 0.600000 0.620000 0.640000 0.660000 0.680000 0.700000 0.720000 0.740000 0.760000 0.780000 0.800000 0.820000 0.840000 0.860000 0.880000 0.900000 0.920000 0.940000 0.960000 0.980000 1.000000
63 49 51 63 65 56 56 68 65 64 60 65 70 66 70 77 86 66 86 82 87 90 101 104 84 88 101 99 94 112 110 140 113 144 119 122 130 140 138 150 133 121 139 142 132 136 133 134 152 146 149 145 145 147 132 136 158 126 143 119 127 123 144 145 124 148 115 121 125 110 109 107 112 97 116 97 97 90 89 85 91 79 77 83 74 78 76 63 72 55 75 75 52 62 63 47 65 63 50 57
-1.000000 -0.980000 -0.960000 -0.940000 -0.920000 -0.900000 -0.880000 -0.860000 -0.840000 -0.820000 -0.800000 -0.780000 -0.760000 -0.740000 -0.720000 -0.700000 -0.680000 -0.660000 -0.640000 -0.620000 -0.600000 -0.580000 -0.560000 -0.540000 -0.520000 -0.500000 -0.480000 -0.460000 -0.440000 -0.420000 -0.400000 -0.380000 -0.360000 -0.340000 -0.320000 -0.300000 -0.280000 -0.260000 -0.240000 -0.220000 -0.200000 -0.180000 -0.160000 -0.140000 -0.120000 -0.100000 -0.080000 -0.060000 -0.040000 -0.020000 0.000000 0.020000 0.040000 0.060000 0.080000 0.100000 0.120000 0.140000 0.160000 0.180000 0.200000 0.220000 0.240000 0.260000 0.280000 0.300000 0.320000 0.340000 0.360000 0.380000 0.400000 0.420000 0.440000 0.460000 0.480000 0.500000 0.520000 0.540000 0.560000 0.580000 0.600000 0.620000 0.640000 0.660000 0.680000 0.700000 0.720000 0.740000 0.760000 0.780000 0.800000 0.820000 0.840000 0.860000 0.880000 0.900000 0.920000 0.940000 0.960000 0.980000 1.000000
58 48 51 56 61 61 80 66 48 77 70 75 52 63 74 76 78 75 87 89 88 80 116 76 94 103 84 102 110 123 100 115 137 123 122 121 147 126 160 118 135 124 134 141 146 146 136 123 137 148 143 161 128 131 149 149 121 138 148 141 130 135 122 132 130 129 122 130 113 102 116 111 105 108 112 100 95 99 91 91 81 66 80 82 76 93 71 59 80 65 63 66 59 58 73 57 53 58 63 55
-1.000000 -0.980000 -0.960000 -0.940000 -0.920000 -0.900000 -0.880000 -0.860000 -0.840000 -0.820000 -0.800000 -0.780000 -0.760000 -0.740000 -0.720000 -0.700000 -0.680000 -0.660000 -0.640000 -0.620000 -0.600000 -0.580000 -0.560000 -0.540000 -0.520000 -0.500000 -0.480000 -0.460000 -0.440000 -0.420000 -0.400000 -0.380000 -0.360000 -0.340000 -0.320000 -0.300000 -0.280000 -0.260000 -0.240000 -0.220000 -0.200000 -0.180000 -0.160000 -0.140000 -0.120000 -0.100000 -0.080000 -0.060000 -0.040000 -0.020000 0.000000 0.020000 0.040000 0.060000 0.080000 0.100000 0.120000 0.140000 0.160000 0.180000 0.200000 0.220000 0.240000 0.260000 0.280000 0.300000 0.320000 0.340000 0.360000 0.380000 0.400000 0.420000 0.440000 0.460000 0.480000 0.500000 0.520000 0.540000 0.560000 0.580000 0.600000 0.620000 0.640000 0.660000 0.680000 0.700000 0.720000 0.740000 0.760000 0.780000 0.800000 0.820000 0.840000 0.860000 0.880000 0.900000 0.920000 0.940000 0.960000 0.980000 1.000000
46 62 56 64 48 64 59 67 73 62 79 59 56 78 85 65 76 77 92 92 100 81 86 82 101 107 102 98 94 102 124 109 115 134 151 126 125 146 116 142 132 135 134 151 141 131 146 127 139 140 144 143 138 145 136 114 146 131 148 137 128 140 143 139 119 137 121 111 111 96 112 116 122 110 99 98 107 81 88 98 89 63 82 79 66 83 74 73 66 75 79 60 59 55 63 64 72 53 58 52
-1.000000 -0.980000 -0.960000 -0.940000 -0.920000 -0.900000 -0.880000 -0.860000 -0.840000 -0.820000 -0.800000 -0.780000 -0.760000 -0.740000 -0.720000 -0.700000 -0.680000 -0.660000 -0.640000 -0.620000 -0.600000 -0.580000 -0.560000 -0.540000 -0.520000 -0.500000 -0.480000 -0.460000 -0.440000 -0.420000 -0.400000 -0.380000 -0.360000 -0.340000 -0.320000 -0.300000 -0.280000 -0.260000 -0.240000 -0.220000 -0.200000 -0.180000 -0.160000 -0.140000 -0.120000 -0.100000 -0.080000 -0.060000 -0.040000 -0.020000 0.000000 0.020000 0.040000 0.060000 0.080000 0.100000 0.120000 0.140000 0.160000 0.180000 0.200000 0.220000 0.240000 0.260000 0.280000 0.300000 0.320000 0.340000 0.360000 0.380000 0.400000 0.420000 0.440000 0.460000 0.480000 0.500000 0.520000 0.540000 0.560000 0.580000 0.600000 0.620000 0.640000 0.660000 0.680000 0.700000 0.720000 0.740000 0.760000 0.780000 0.800000 0.820000 0.840000 0.860000 0.880000 0.900000 0.920000 0.940000 0.960000 0.980000 1.000000
59 64 53 57 66 59 60 64 55 61 84 70 74 63 75 67 97 75 83 73 85 91 96 85 116 96 87 100 112 114 111 133 116 111 134 136 130 126 155 119 128 137 154 140 130 138 129 136 151 128 127 147 143 141 135 134 136 147 147 122 134 134 137 149 112 121 122 117 116 113 115 96 109 117 113 94 105 98 71 74 100 81 78 78 75 82 72 72 65 76 75 52 68 71 46 61 58 66 50 65
-1.000000 -0.980000 -0.960000 -0.940000 -0.920000 -0.900000 -0.880000 -0.860000 -0.840000 -0.820000 -0.800000 -0.780000 -0.760000 -0.740000 -0.720000 -0.700000 -0.680000 -0.660000 -0.640000 -0.620000 -0.600000 -0.580000 -0.560000 -0.540000 -0.520000 -0.500000 -0.480000 -0.460000 -0.440000 -0.420000 -0.400000 -0.380000 -0.360000 -0.340000 -0.320000 -0.300000 -0.280000 -0.260000 -0.240000 -0.220000 -0.200000 -0.180000 -0.160000 -0.140000 -0.120000 -0.100000 -0.080000 -0.060000 -0.040000 -0.020000 0.000000 0.020000 0.040000 0.060000 0.080000 0.100000 0.120000 0.140000 0.160000 0.180000 0.200000 0.220000 0.240000 0.260000 0.280000 0.300000 0.320000 0.340000 0.360000 0.380000 0.400000 0.420000 0.440000 0.460000 0.480000 0.500000 0.520000 0.540000 0.560000 0.580000 0.600000 0.620000 0.640000 0.660000 0.680000 0.700000 0.720000 0.740000 0.760000 0.780000 0.800000 0.820000 0.840000 0.860000 0.880000 0.900000 0.920000 0.940000 0.960000 0.980000 1.000000
64 64 61 52 62 48 64 58 68 73 70 64 67 66 84 62 90 81 91 81 96 85 96 102 85 103 92 114 105 109 123 123 108 103 135 135 124 132 132 135 120 125 164 143 138 115 155 146 131 132 145 131 145 147 140 159 135 131 125 148 134 124 142 129 96 119 144 126 107 102 110 100 118 110 90 86 105 114 88 86 82 84 84 85 84 73 78 72 67 60 65 57 61 61 68 66 73 52 57 59
-1.000000 -0.980000 -0.960000 -0.940000 -0.920000 -0.900000 -0.880000 -0.860000 -0.840000 -0.820000 -0.800000 -0.780000 -0.760000 -0.740000 -0.720000 -0.700000 -0.680000 -0.660000 -0.640000 -0.620000 -0.600000 -0.580000 -0.560000 -0.540000 -0.520000 -0.500000 -0.480000 -0.460000 -0.440000 -0.420000 -0.400000 -0.380000 -0.360000 -0.340000 -0.320000 -0.300000 -0.280000 -0.260000 -0.240000 -0.220000 -0.200000 -0.180000 -0.160000 -0.140000 -0.120000 -0.100000 -0.080000 -0.060000 -0.040000 -0.020000 0.000000 0.020000 0.040000 0.060000 0.080000 0.100000 0.120000 0.140000 0.160000 0.180000 0.200000 0.220000 0.240000 0.260000 0.280000 0.300000 0.320000 0.340000 0.360000 0.380000 0.400000 0.420000 0.440000 0.460000 0.480000 0.500000 0.520000 0.540000 0.560000 0.580000 0.600000 0.620000 0.640000 0.660000 0.680000 0.700000 0.720000 0.740000 0.760000 0.780000 0.800000 0.820000 0.840000 0.860000 0.880000 0.900000 0.920000 0.940000 0.960000 0.980000 1.000000
58 63 61 62 43 59 66 67 75 51 78 73 79 90 73 74 63 75 80 62 81 108 102 90 92 123 115 86 97 104 120 130 138 124 124 125 117 127 135 110 127 139 131 163 136 155 123 126 126 157 148 135 136 130 159 131 142 135 130 139 125 125 128 126 132 116 118 124 115 116 107 115 112 91 108 115 89 102 73 92 87 97 82 91 73 74 81 66 74 55 62 80 63 59 65 59 61 48 65 61
-1.000000 -0.980000 -0.960000 -0.940000 -0.920000 -0.900000 -0.880000 -0.860000 -0.840000 -0.820000 -0.800000 -0.780000 -0.760000 -0.740000 -0.720000 -0.700000 -0.680000 -0.660000 -0.640000 -0.620000 -0.600000 -0.580000 -0.560000 -0.540000 -0.520000 -0.500000 -0.480000 -0.460000 -0.440000 -0.420000 -0.400000 -0.380000 -0.360000 -0.340000 -0.320000 -0.300000 -0.280000 -0.260000 -0.240000 -0.220000 -0.200000 -0.180000 -0.160000 -0.140000 -0.120000 -0.100000 -0.080000 -0.060000 -0.040000 -0.020000 0.000000 0.020000 0.040000 0.060000 0.080000 0.100000 0.120000 0.140000 0.160000 0.180000 0.200000 0.220000 0.240000 0.260000 0.280000 0.300000 0.320000 0.340000 0.360000 0.380000 0.400000 0.420000 0.440000 0.460000 0.480000 0.500000 0.520000 0.540000 0.560000 0.580000 0.600000 0.620000 0.640000 0.660000 0.680000 0.700000 0.720000 0.740000 0.760000 0.780000 0.800000 0.820000 0.840000 0.860000 0.880000 0.900000 0.920000 0.940000 0.960000 0.980000 1.000000
56 63 65 60 65 44 59 70 77 57 71 84 63 82 64 85 67 81 85 69 84 89 93 107 104 94 106 88 118 106 115 124 134 117 146 112 120 108 151 125 134 127 140 144 150 146 129 133 141 146 143 150 137 144 122 135 131 162 128 120 115 130 128 131 120 117 110 108 119 131 107 107 111 118 105 106 87 101 90 83 83 91 91 81 84 70 70 58 90 55 73 81 70 54 52 66 58 55 54 70
-1.000000 -0.980000 -0.960000 -0.940000 -0.920000 -0.900000 -0.880000 -0.860000 -0.840000 -0.820000 -0.800000 -0.780000 -0.760000 -0.740000 -0.720000 -0.700000 -0.680000 -0.660000 -0.640000 -0.620000 -0.600000 -0.580000 -0.560000 -0.540000 -0.520000 -0.500000 -0.480000 -0.460000 -0.440000 -0.420000 -0.400000 -0.380000 -0.360000 -0.340000 -0.320000 -0.300000 -0.280000 -0.260000 -0.240000 -0.220000 -0.200000 -0.180000 -0.160000 -0.140000 -0.120000 -0.100000 -0.080000 -0.060000 -0.040000 -0.020000 0.000000 0.020000 0.040000 0.060000 0.080000 0.100000 0.120000 0.140000 0.160000 0.180000 0.200000 0.220000 0.240000 0.260000 0.280000 0.300000 0.320000 0.340000 0.360000 0.380000 0.400000 0.420000 0.440000 0.460000 0.480000 0.500000 0.520000 0.540000 0.560000 0.580000 0.600000 0.620000 0.640000 0.660000 0.680000 0.700000 0.720000 0.740000 0.760000 0.780000 0.800000 0.820000 0.840000 0.860000 0.880000 0.900000 0.920000 0.940000 0.960000 0.980000 1.000000
51 48 65 71 57 63 61 70 73 73 58 59 69 77 74 74 83 91 94 75 103 74 88 90 96 102 101 105 108 124 120 125 114 126 125 132 121 121 112 119 144 141 144 147 139 126 133 139 122 153 148 145 136 131 147 154 131 131 134 123 118 120 119 149 129 100 131 115 118 103 115 125 122 95 103 107 89 108 83 92 90 83 71 91 84 85 64 78 66 56 66 68 68 69 76 48 55 62 59 60
-1.000000 -0.980000 -0.960000 -0.940000 -0.920000 -0.900000 -0.880000 -0.860000 -0.840000 -0.820000 -0.800000 -0.780000 -0.760000 -0.740000 -0.720000 -0.700000 -0.680000 -0.660000 -0.640000 -0.620000 -0.600000 -0.580000 -0.560000 -0.540000 -0.520000 -0.500000 -0.480000 -0.460000 -0.440000 -0.420000 -0.400000 -0.380000 -0.360000 -0.340000 -0.320000 -0.300000 -0.280000 -0.260000 -0.240000 -0.220000 -0.200000 -0.180000 -0.160000 -0.140000 -0.120000 -0.100000 -0.080000 -0.060000 -0.040000 -0.020000 0.000000 0.020000 0.040000 0.060000 0.080000 0.100000 0.120000 0.140000 0.160000 0.180000 0.200000 0.220000 0.240000 0.260000 0.280000 0.300000 0.320000 0.340000 0.360000 0.380000 0.400000 0.420000 0.440000 0.460000 0.480000 0.500000 0.520000 0.540000 0.560000 0.580000 0.600000 0.620000 0.640000 0.660000 0.680000 0.700000 0.720000 0.740000 0.760000 0.780000 0.800000 0.820000 0.840000 0.860000 0.880000 0.900000 0.920000 0.940000 0.960000 0.980000 1.000000
42 62 57 69 60 79 63 48 78 77 56 70 75 61 93 85 86 74 72 98 83 85 96 77 83 107 105 116 110 126 117 111 112 140 118 124 134 122 113 128 129 143 127 127 136 135 152 147 149 116 135 146 134 141 143 141 151 133 133 131 120 126 114 130 121 119 109 132 116 101 118 129 111 93 109 117 87 96 101 96 85 79 89 65 86 87 71 75 70 67 64 54 67 67 55 64 61 60 65 63
-1.000000 -0.980000 -0.960000 -0.940000 -0.920000 -0.900000 -0.880000 -0.860000 -0.840000 -0.820000 -0.800000 -0.780000 -0.760000 -0.740000 -0.720000 -0.700000 -0.680000 -0.660000 -0.640000 -0.620000 -0.600000 -0.580000 -0.560000 -0.540000 -0.520000 -0.500000 -0.480000 -0.460000 -0.440000 -0.420000 -0.400000 -0.380000 -0.360000 -0.340000 -0.320000 -0.300000 -0.280000 -0.260000 -0.240000 -0.220000 -0.200000 -0.180000 -0.160000 -0.140000 -0.120000 -0.100000 -0.080000 -0.060000 -0.040000 -0.020000 0.000000 0.020000 0.040000 0.060000 0.080000 0.100000 0.120000 0.140000 0.160000 0.180000 0.200000 0.220000 0.240000 0.260000 0.280000 0.300000 0.320000 0.340000 0.360000 0.380000 0.400000 0.420000 0.440000 0.460000 0.480000 0.500000 0.520000 0.540000 0.560000 0.580000 0.600000 0.620000 0.640000 0.660000 0.680000 0.700000 0.720000 0.740000 0.760000 0.780000 0.800000 0.820000 0.840000 0.860000 0.880000 0.900000 0.920000 0.940000 0.960000 0.980000 1.000000
52 70 62 52 58 74 57 53 69 78 78 65 78 66 82 78 78 86 89 91 77 77 82 109 93 85 104 100 128 124 125 115 138 103 134 111 116 123 129 135 123 146 127 128 144 143 137 129 137 124 161 135 154 142 125 125 140 141 128 131 122 143 130 106 106 110 125 109 125 112 118 117 124 114 104 101 101 95 83 90 106 96 73 84 72 66 80 74 77 71 68 62 55 56 52 62 66 61 75 65
-1.000000 -0.980000 -0.960000 -0.940000 -0.920000 -0.900000 -0.880000 -0.860000 -0.840000 -0.820000 -0.800000 -0.780000 -0.760000 -0.740000 -0.720000 -0.700000 -0.680000 -0.660000 -0.640000 -0.620000 -0.600000 -0.580000 -0.560000 -0.540000 -0.520000 -0.500000 -0.480000 -0.460000 -0.440000 -0.420000 -0.400000 -0.380000 -0.360000 -0.340000 -0.320000 -0.300000 -0.280000 -0.260000 -0.240000 -0.220000 -0.200000 -0.180000 -0.160000 -0.140000 -0.120000 -0.100000 -0.080000 -0.060000 -0.040000 -0.020000 0.000000 0.020000 0.040000 0.060000 0.080000 0.100000 0.120000 0.140000 0.160000 0.180000 0.200000 0.220000 0.240000 0.260000 0.280000 0.300000 0.320000 0.340000 0.360000 0.380000 0.400000 0.420000 0.440000 0.460000 0.480000 0.500000 0.520000 0.540000 0.560000 0.580000 0.600000 0.620000 0.640000 0.660000 0.680000 0.700000 0.720000 0.740000 0.760000 0.780000 0.800000 0.820000 0.840000 0.860000 0.880000 0.900000 0.920000 0.940000 0.960000 0.980000 1.000000
54 57 72 57 69 68 60 64 69 64 66 64 72 81 76 83 77 82 93 78 96 84 93 93 96 84 101 127 92 116 130 123 121 118 117 131 125 122 138 128 124 123 108 156 147 133 121 137 147 155 140 127 131 141 146 138 144 143 132 120 128 113 122 117 118 120 119 98 115 108 133 106 120 112 119 100 85 93 90 102 94 89 72 91 88 69 75 69 78 71 65 62 63 64 54 66 64 69 67 58
-1.000000 -0.980000 -0.960000 -0.940000 -0.920000 -0.900000 -0.880000 -0.860000 -0.840000 -0.820000 -0.800000 -0.780000 -0.760000 -0.740000 -0.720000 -0.700000 -0.680000 -0.660000 -0.640000 -0.620000 -0.600000 -0.580000 -0.560000 -0.540000 -0.520000 -0.500000 -0.480000 -0.460000 -0.440000 -0.420000 -0.400000 -0.380000 -0.360000 -0.340000 -0.320000 -0.300000 -0.280000 -0.260000 -0.240000 -0.220000 -0.200000 -0.180000 -0.160000 -0.140000 -0.120000 -0.100000 -0.080000 -0.060000 -0.040000 -0.020000 0.000000 0.020000 0.040000 0.060000 0.080000 0.100000 0.120000 0.140000 0.160000 0.180000 0.200000 0.220000 0.240000 0.260000 0.280000 0.300000 0.320000 0.340000 0.360000 0.380000 0.400000 0.420000 0.440000 0.460000 0.480000 0.500000 0.520000 0.540000 0.560000 0.580000 0.600000 0.620000 0.640000 0.660000 0.680000 0.700000 0.720000 0.740000 0.760000 0.780000 0.800000 0.820000 0.840000 0.860000 0.880000 0.900000 0.920000 0.940000 0.960000 0.980000 1.000000
61 61 71 64 55 67 58 78 66 57 60 69 66 85 77 74 82 87 92 77 89 102 93 87 91 102 109 100 118 109 113 127 130 114 112 117 132 134 148 132 120 114 129 132 134 145 129 127 135 128 144 144 149 149 142 142 132 122 153 113 125 109 112 106 115 130 118 126 111 107 130 116 94 124 112 102 102 102 90 87 91 90 83 89 80 80 71 70 86 53 63 63 68 62 68 71 51 63 65 66
-1.000000 -0.980000 -0.960000 -0.940000 -0.920000 -0.900000 -0.880000 -0.860000 -0.840000 -0.820000 -0.800000 -0.780000 -0.760000 -0.740000 -0.720000 -0.700000 -0.680000 -0.660000 -0.640000 -0.620000 -0.600000 -0.580000 -0.560000 -0.540000 -0.520000 -0.500000 -0.480000 -0.460000 -0.440000 -0.420000 -0.400000 -0.380000 -0.360000 -0.340000 -0.320000 -0.300000 -0.280000 -0.260000 -0.240000 -0.220000 -0.200000 -0.180000 -0.160000 -0.140000 -0.120000 -0.100000 -0.080000 -0.060000 -0.040000 -0.020000 0.000000 0.020000 0.040000 0.060000 0.080000 0.100000 0.120000 0.140000 0.160000 0.180000 0.200000 0.220000 0.240000 0.260000 0.280000 0.300000 0.320000 0.340000 0.360000 0.380000 0.400000 0.420000 0.440000 0.460000 0.480000 0.500000 0.520000 0.540000 0.560000 0.580000 0.600000 0.620000 0.640000 0.660000 0.680000 0.700000 0.720000 0.740000 0.760000 0.780000 0.800000 0.820000 0.840000 0.860000 0.880000 0.900000 0.920000 0.940000 0.960000 0.980000 1.000000
60 64 63 64 61 63 86 74 53 63 68 60 67 68 73 70 91 81 84 95 87 87 100 94 98 95 102 110 120 125 114 109 105 120 113 137 147 139 132 109 118 149 127 136 120 128 116 141 144 136 148 138 140 128 150 138 137 127 146 123 113 129 113 114 119 107 106 134 106 127 125 99 110 101 115 115 114 111 86 76 97 82 86 78 82 76 83 80 69 61 70 63 71 66 65 61 61 72 53 63
-1.000000 -0.980000 -0.960000 -0.940000 -0.920000 -0.900000 -0.880000 -0.860000 -0.840000 -0.820000 -0.800000 -0.780000 -0.760000 -0.740000 -0.720000 -0.700000 -0.680000 -0.660000 -0.640000 -0.620000 -0.600000 -0.580000 -0.560000 -0.540000 -0.520000 -0.500000 -0.480000 -0.460000 -0.440000 -0.420000 -0.400000 -0.380000 -0.360000 -0.340000 -0.320000 -0.300000 -0.280000 -0.260000 -0.240000 -0.220000 -0.200000 -0.180000 -0.160000 -0.140000 -0.120000 -0.100000 -0.080000 -0.060000 -0.040000 -0.020000 0.000000 0.020000 0.040000 0.060000 0.080000 0.100000 0.120000 0.140000 0.160000 0.180000 0.200000 0.220000 0.240000 0.260000 0.280000 0.300000 0.320000 0.340000 0.360000 0.380000 0.400000 0.420000 0.440000 0.460000 0.480000 0.500000 0.520000 0.540000 0.560000 0.580000 0.600000 0.620000 0.640000 0.660000 0.680000 0.700000 0.720000 0.740000 0.760000 0.780000 0.800000 0.820000 0.840000 0.860000 0.880000 0.900000 0.920000 0.940000 0.960000 0.980000 1.000000
67 57 66 59 58 78 71 70 58 72 64 66 65 62 90 72 80 68 83 91 99 85 94 96 97 103 117 124 99 107 119 114 115 108 136 132 143 131 131 127 120 105 137 130 134 144 130 116 143 134 120 155 144 128 132 131 136 138 119 138 137 115 133 118 117 115 113 107 121 121 108 129 115 102 131 80 111 95 97 88 81 102 70 87 106 67 82 75 57 68 62 77 60 81 59 76 51 60 62 56
-1.000000 -0.980000 -0.960000 -0.940000 -0.920000 -0.900000 -0.880000 -0.860000 -0.840000 -0.820000 -0.800000 -0.780000 -0.760000 -0.740000 -0.720000 -0.700000 -0.680000 -0.660000 -0.640000 -0.620000 -0.600000 -0.580000 -0.560000 -0.540000 -0.520000 -0.500000 -0.480000 -0.460000 -0.440000 -0.420000 -0.400000 -0.380000 -0.360000 -0.340000 -0.320000 -0.300000 -0.280000 -0.260000 -0.240000 -0.220000 -0.200000 -0.180000 -0.160000 -0.140000 -0.120000 -0.100000 -0.080000 -0.060000 -0.040000 -0.020000 0.000000 0.020000 0.040000 0.060000 0.080000 0.100000 0.120000 0.140000 0.160000 0.180000 0.200000 0.220000 0.240000 0.260000 0.280000 0.300000 0.320000 0.340000 0.360000 0.380000 0.400000 0.420000 0.440000 0.460000 0.480000 0.500000 0.520000 0.540000 0.560000 0.580000 0.600000 0.620000 0.640000 0.660000 0.680000 0.700000 0.720000 0.740000 0.760000 0.780000 0.800000 0.820000 0.840000 0.860000 0.880000 0.900000 0.920000 0.940000 0.960000 0.980000 1.000000
63 66 67 49 74 70 70 60 74 72 63 68 64 77 73 84 77 78 72 98 83 87 84 101 95 108 87 105 109 118 137 122 103 125 127 123 135 135 127 118 130 100 140 144 143 118 127 132 136 154 123 144 136 169 125 130 134 123 117 131 138 117 112 115 119 125 121 126 118 128 104 111 101 105 107 103 103 98 102 98 90 89 84 82 97 62 90 69 67 78 63 61 66 71 62 58 77 67 50 62
-1.000000 -0.980000 -0.960000 -0.940000 -0.920000 -0.900000 -0.880000 -0.860000 -0.840000 -0.820000 -0.800000 -0.780000 -0.760000 -0.740000 -0.720000 -0.700000 -0.680000 -0.660000 -0.640000 -0.620000 -0.600000 -0.580000 -0.560000 -0.540000 -0.520000 -0.500000 -0.480000 -0.460000 -0.440000 -0.420000 -0.400000 -0.380000 -0.360000 -0.340000 -0.320000 -0.300000 -0.280000 -0.260000 -0.240000 -0.220000 -0.200000 -0.180000 -0.160000 -0.140000 -0.120000 -0.100000 -0.080000 -0.060000 -0.040000 -0.020000 0.000000 0.020000 0.040000 0.060000 0.080000 0.100000 0.120000 0.140000 0.160000 0.180000 0.200000 0.220000 0.240000 0.260000 0.280000 0.300000 0.320000 0.340000 0.360000 0.380000 0.400000 0.420000 0.440000 0.460000 0.480000 0.500000 0.520000 0.540000 0.560000 0.580000 0.600000 0.620000 0.640000 0.660000 0.680000 0.700000 0.720000 0.740000 0.760000 0.780000 0.800000 0.820000 0.840000 0.860000 0.880000 0.900000 0.920000 0.940000 0.960000 0.980000 1.000000
63 70 61 53 63 73 91 75 60 61 61 66 76 69 69 71 88 82 98 87 79 91 79 105 94 94 114 103 107 89 129 118 114 124 122 150 128 128 128 131 118 123 139 126 107 134 138 135 127 126 128 145 145 144 151 141 135 118 148 140 119 102 111 125 119 116 125 111 117 125 120 106 108 127 105 102 96 82 103 101 80 95 83 90 74 79 78 73 79 69 61 66 69 72 58 66 72 67 63 54
-1.000000 -0.980000 -0.960000 -0.940000 -0.920000 -0.900000 -0.880000 -0.860000 -0.840000 -0.820000 -0.800000 -0.780000 -0.760000 -0.740000 -0.720000 -0.700000 -0.680000 -0.660000 -0.640000 -0.620000 -0.600000 -0.580000 -0.560000 -0.540000 -0.520000 -0.500000 -0.480000 -0.460000 -0.440000 -0.420000 -0.400000 -0.380000 -0.360000 -0.340000 -0.320000 -0.300000 -0.280000 -0.260000 -0.240000 -0.220000 -0.200000 -0.180000 -0.160000 -0.140000 -0.120000 -0.100000 -0.080000 -0.060000 -0.040000 -0.020000 0.000000 0.020000 0.040000 0.060000 0.080000 0.100000 0.120000 0.140000 0.160000 0.180000 0.200000 0.220000 0.240000 0.260000 0.280000 0.300000 0.320000 0.340000 0.360000 0.380000 0.400000 0.420000 0.440000 0.460000 0.480000 0.500000 0.520000 0.540000 0.560000 0.580000 0.600000 0.620000 0.640000 0.660000 0.680000 0.700000 0.720000 0.740000 0.760000 0.780000 0.800000 0.820000 0.840000 0.860000 0.880000 0.900000 0.920000 0.940000 0.960000 0.980000 1.000000
69 60 74 70 61 65 61 66 74 61 68 56 89 82 73 74 88 83 88 82 91 80 100 100 92 78 110 109 117 112 108 101 128 105 129 116 129 146 137 133 121 130 113 134 150 130 112 132 131 126 137 157 139 143 121 131 151 134 131 112 122 138 121 123 123 114 118 102 129 115 111 100 119 101 112 108 100 97 90 88 97 88 92 80 83 79 67 66 85 61 76 63 71 66 68 69 74 64 54 66
-1.000000 -0.980000 -0.960000 -0.940000 -0.920000 -0.900000 -0.880000 -0.860000 -0.840000 -0.820000 -0.800000 -0.780000 -0.760000 -0.740000 -0.720000 -0.700000 -0.680000 -0.660000 -0.640000 -0.620000 -0.600000 -0.580000 -0.560000 -0.540000 -0.520000 -0.500000 -0.480000 -0.460000 -0.440000 -0.420000 -0.400000 -0.380000 -0.360000 -0.340000 -0.320000 -0.300000 -0.280000 -0.260000 -0.240000 -0.220000 -0.200000 -0.180000 -0.160000 -0.140000 -0.120000 -0.100000 -0.080000 -0.060000 -0.040000 -0.020000 0.000000 0.020000 0.040000 0.060000 0.080000 0.100000 0.120000 0.140000 0.160000 0.180000 0.200000 0.220000 0.240000 0.260000 0.280000 0.300000 0.320000 0.340000 0.360000 0.380000 0.400000 0.420000 0.440000 0.460000 0.480000 0.500000 0.520000 0.540000 0.560000 0.580000 0.600000 0.620000 0.640000 0.660000 0.680000 0.700000 0.720000 0.740000 0.760000 0.780000 0.800000 0.820000 0.840000 0.860000 0.880000 0.900000 0.920000 0.940000 0.960000 0.980000 1.000000
72 66 67 51 76 63 59 62 75 77 77 74 67 72 94 58 92 104 77 76 95 87 84 87 92 89 98 107 102 113 113 107 107 125 125 120 135 137 144 141 119 126 132 134 144 127 125 115 130 130 150 141 132 144 130 116 144 146 123 139 127 124 130 135 97 121 123 118 93 132 103 130 97 108 100 103 90 87 94 88 96 95 78 87 76 83 79 76 72 73 62 65 77 64 72 64 66 73 57 71
-1.000000 -0.980000 -0.960000 -0.940000 -0.920000 -0.900000 -0.880000 -0.860000 -0.840000 -0.820000 -0.800000 -0.780000 -0.760000 -0.740000 -0.720000 -0.700000 -0.680000 -0.660000 -0.640000 -0.620000 -0.600000 -0.580000 -0.560000 -0.540000 -0.520000 -0.500000 -0.480000 -0.460000 -0.440000 -0.420000 -0.400000 -0.380000 -0.360000 -0.340000 -0.320000 -0.300000 -0.280000 -0.260000 -0.240000 -0.220000 -0.200000 -0.180000 -0.160000 -0.140000 -0.120000 -0.100000 -0.080000 -0.060000 -0.040000 -0.020000 0.000000 0.020000 0.040000 0.060000 0.080000 0.100000 0.120000 0.140000 0.160000 0.180000 0.200000 0.220000 0.240000 0.260000 0.280000 0.300000 0.320000 0.340000 0.360000 0.380000 0.400000 0.420000 0.440000 0.460000 0.480000 0.500000 0.520000 0.540000 0.560000 0.580000 0.600000 0.620000 0.640000 0.660000 0.680000 0.700000 0.720000 0.740000 0.760000 0.780000 0.800000 0.820000 0.840000 0.860000 0.880000 0.900000 0.920000 0.940000 0.960000 0.980000 1.000000
55 63 78 65 65 67 71 66 83 73 80 61 83 71 70 92 78 81 85 80 79 76 82 93 86 115 106 106 114 99 97 114 111 136 116 135 132 130 133 114 143 143 145 105 126 114 135 144 145 136 126 133 122 141 126 146 130 140 138 131 123 137 101 133 132 118 126 109 123 109 108 114 103 110 98 91 94 89 99 94 78 77 87 106 76 81 77 77 73 65 79 78 55 65 82 56 76 64 65 62
-1.000000 -0.980000 -0.960000 -0.940000 -0.920000 -0.900000 -0.880000 -0.860000 -0.840000 -0.820000 -0.800000 -0.780000 -0.760000 -0.740000 -0.720000 -0.700000 -0.680000 -0.660000 -0.640000 -0.620000 -0.600000 -0.580000 -0.560000 -0.540000 -0.520000 -0.500000 -0.480000 -0.460000 -0.440000 -0.420000 -0.400000 -0.380000 -0.360000 -0.340000 -0.320000 -0.300000 -0.280000 -0.260000 -0.240000 -0.220000 -0.200000 -0.180000 -0.160000 -0.140000 -0.120000 -0.100000 -0.080000 -0.060000 -0.040000 -0.020000 0.000000 0.020000 0.040000 0.060000 0.080000 0.100000 0.120000 0.140000 0.160000 0.180000 0.200000 0.220000 0.240000 0.260000 0.280000 0.300000 0.320000 0.340000 0.360000 0.380000 0.400000 0.420000 0.440000 0.460000 0.480000 0.500000 0.520000 0.540000 0.560000 0.580000 0.600000 0.620000 0.640000 0.660000 0.680000 0.700000 0.720000 0.740000 0.760000 0.780000 0.800000 0.820000 0.840000 0.860000 0.880000 0.900000 0.920000 0.940000 0.960000 0.980000 1.000000
63 60 58 71 73 64 66 72 69 83 86 71 73 82 90 73 76 82 80 76 77 108 80 93 80 87 114 97 119 115 93 120 112 130 119 123 133 129 152 125 117 125 129 115 130 118 147 134 139 133 137 140 136 121 132 139 137 125 139 133 115 153 121 119 125 115 129 118 125 97 102 110 128 101 99 91 99 77 98 68 104 95 73 84 93 64 77 68 91 92 56 61 71 77 75 72 66 64 65 62
-1.000000 -0.980000 -0.960000 -0.940000 -0.920000 -0.900000 -0.880000 -0.860000 -0.840000 -0.820000 -0.800000 -0.780000 -0.760000 -0.740000 -0.720000 -0.700000 -0.680000 -0.660000 -0.640000 -0.620000 -0.600000 -0.580000 -0.560000 -0.540000 -0.520000 -0.500000 -0.480000 -0.460000 -0.440000 -0.420000 -0.400000 -0.380000 -0.360000 -0.340000 -0.320000 -0.300000 -0.280000 -0.260000 -0.240000 -0.220000 -0.200000 -0.180000 -0.160000 -0.140000 -0.120000 -0.100000 -0.080000 -0.060000 -0.040000 -0.020000 0.000000 0.020000 0.040000 0.060000 0.080000 0.100000 0.120000 0.140000 0.160000 0.180000 0.200000 0.220000 0.240000 0.260000 0.280000 0.300000 0.320000 0.340000 0.360000 0.380000 0.400000 0.420000 0.440000 0.460000 0.480000 0.500000 0.520000 0.540000 0.560000 0.580000 0.600000 0.620000 0.640000 0.660000 0.680000 0.700000 0.720000 0.740000 0.760000 0.780000 0.800000 0.820000 0.840000 0.860000 0.880000 0.900000 0.920000 0.940000 0.960000 0.980000 1.000000
72 56 64 72 66 67 73 80 77 73 76 86 70 74 85 70 82 77 74 85 83 78 94 90 94 92 92 108 111 119 115 119 136 112 106 130 121 126 132 130 133 129 142 113 124 134 113 104 134 157 131 138 153 131 139 142 113 150 120 131 140 131 114 119 101 139 120 126 105 112 118 111 97 99 105 104 95 99 79 83 81 90 94 90 82 79 79 63 80 83 80 77 64 70 70 77 58 58 65 65
-1.000000 -0.980000 -0.960000 -0.940000 -0.920000 -0.900000 -0.880000 -0.860000 -0.840000 -0.820000 -0.800000 -0.780000 -0.760000 -0.740000 -0.720000 -0.700000 -0.680000 -0.660000 -0.640000 -0.620000 -0.600000 -0.580000 -0.560000 -0.540000 -0.520000 -0.500000 -0.480000 -0.460000 -0.440000 -0.420000 -0.400000 -0.380000 -0.360000 -0.340000 -0.320000 -0.300000 -0.280000 -0.260000 -0.240000 -0.220000 -0.200000 -0.180000 -0.160000 -0.140000 -0.120000 -0.100000 -0.080000 -0.060000 -0.040000 -0.020000 0.000000 0.020000 0.040000 0.060000 0.080000 0.100000 0.120000 0.140000 0.160000 0.180000 0.200000 0.220000 0.240000 0.260000 0.280000 0.300000 0.320000 0.340000 0.360000 0.380000 0.400000 0.420000 0.440000 0.460000 0.480000 0.500000 0.520000 0.540000 0.560000 0.580000 0.600000 0.620000 0.640000 0.660000 0.680000 0.700000 0.720000 0.740000 0.760000 0.780000 0.800000 0.820000 0.840000 0.860000 0.880000 0.900000 0.920000 0.940000 0.960000 0.980000 1.000000
62 75 82 65 63 70 70 66 71 68 66 99 77 77 79 74 63 93 67 92 98 79 83 86 95 117 97 103 83 106 132 127 127 114 150 120 106 112 113 134 142 110 150 129 127 107 139 111 133 131 150 131 146 133 129 125 130 144 122 125 139 123 142 111 113 123 140 120 109 117 107 101 101 110 118 93 92 87 86 76 94 73 95 90 84 66 88 78 79 85 77 77 70 82 58 76 59 61 66 59
-1.000000 -0.980000 -0.960000 -0.940000 -0.920000 -0.900000 -0.880000 -0.860000 -0.840000 -0.820000 -0.800000 -0.780000 -0.760000 -0.740000 -0.720000 -0.700000 -0.680000 -0.660000 -0.640000 -0.620000 -0.600000 -0.580000 -0.560000 -0.540000 -0.520000 -0.500000 -0.480000 -0.460000 -0.440000 -0.420000 -0.400000 -0.380000 -0.360000 -0.340000 -0.320000 -0.300000 -0.280000 -0.260000 -0.240000 -0.220000 -0.200000 -0.180000 -0.160000 -0.140000 -0.120000 -0.100000 -0.080000 -0.060000 -0.040000 -0.020000 0.000000 0.020000 0.040000 0.060000 0.080000 0.100000 0.120000 0.140000 0.160000 0.180000 0.200000 0.220000 0.240000 0.260000 0.280000 0.300000 0.320000 0.340000 0.360000 0.380000 0.400000 0.420000 0.440000 0.460000 0.480000 0.500000 0.520000 0.540000 0.560000 0.580000 0.600000 0.620000 0.640000 0.660000 0.680000 0.700000 0.720000 0.740000 0.760000 0.780000 0.800000 0.820000 0.840000 0.860000 0.880000 0.900000 0.920000 0.940000 0.960000 0.980000 1.000000
77 64 72 77 58 69 63 88 60 68 75 73 88 81 74 75 86 78 77 77 90 100 86 91 96 96 96 103 104 119 123 111 120 124 119 129 119 120 108 146 120 122 141 139 115 133 121 130 105 143 142 143 111 130 131 131 144 143 110 126 140 128 148 120 121 130 106 107 129 108 111 106 104 112 109 83 102 93 87 77 74 97 73 90 86 92 72 81 75 100 71 82 68 72 74 63 62 63 66 58
-1.000000 -0.980000 -0.960000 -0.940000 -0.920000 -0.900000 -0.880000 -0.860000 -0.840000 -0.820000 -0.800000 -0.780000 -0.760000 -0.740000 -0.720000 -0.700000 -0.680000 -0.660000 -0.640000 -0.620000 -0.600000 -0.580000 -0.560000 -0.540000 -0.520000 -0.500000 -0.480000 -0.460000 -0.440000 -0.420000 -0.400000 -0.380000 -0.360000 -0.340000 -0.320000 -0.300000 -0.280000 -0.260000 -0.240000 -0.220000 -0.200000 -0.180000 -0.160000 -0.140000 -0.120000 -0.100000 -0.080000 -0.060000 -0.040000 -0.020000 0.000000 0.020000 0.040000 0.060000 0.080000 0.100000 0.120000 0.140000 0.160000 0.180000 0.200000 0.220000 0.240000 0.260000 0.280000 0.300000 0.320000 0.340000 0.360000 0.380000 0.400000 0.420000 0.440000 0.460000 0.480000 0.500000 0.520000 0.540000 0.560000 0.580000 0.600000 0.620000 0.640000 0.660000 0.680000 0.700000 0.720000 0.740000 0.760000 0.780000 0.800000 0.820000 0.840000 0.860000 0.880000 0.900000 0.920000 0.940000 0.960000 0.980000 1.000000
70 72 63 66 68 71 82 71 74 58 76 73 78 70 85 75 82 80 90 98 83 91 93 95 89 97 99 93 103 111 127 127 125 106 136 132 103 106 128 126 121 127 121 129 133 145 132 138 129 136 117 153 133 105 136 125 125 107 129 131 130 122 145 142 117 122 130 111 96 109 122 118 108 97 90 123 105 88 93 81 79 79 71 92 85 93 79 76 81 74 72 75 84 75 73 72 52 67 72 56
-1.000000 -0.980000 -0.960000 -0.940000 -0.920000 -0.900000 -0.880000 -0.860000 -0.840000 -0.820000 -0.800000 -0.780000 -0.760000 -0.740000 -0.720000 -0.700000 -0.680000 -0.660000 -0.640000 -0.620000 -0.600000 -0.580000 -0.560000 -0.540000 -0.520000 -0.500000 -0.480000 -0.460000 -0.440000 -0.420000 -0.400000 -0.380000 -0.360000 -0.340000 -0.320000 -0.300000 -0.280000 -0.260000 -0.240000 -0.220000 -0.200000 -0.180000 -0.160000 -0.140000 -0.120000 -0.100000 -0.080000 -0.060000 -0.040000 -0.020000 0.000000 0.020000 0.040000 0.060000 0.080000 0.100000 0.120000 0.140000 0.160000 0.180000 0.200000 0.220000 0.240000 0.260000 0.280000 0.300000 0.320000 0.340000 0.360000 0.380000 0.400000 0.420000 0.440000 0.460000 0.480000 0.500000 0.520000 0.540000 0.560000 0.580000 0.600000 0.620000 0.640000 0.660000 0.680000 0.700000 0.720000 0.740000 0.760000 0.780000 0.800000 0.820000 0.840000 0.860000 0.880000 0.900000 0.920000 0.940000 0.960000 0.980000 1.000000
89 52 72 75 74 81 56 57 75 60 69 84 74 87 78 81 88 82 77 91 95 82 100 87 96 97 114 112 108 116 102 120 97 127 136 135 113 109 110 117 121 114 126 124 144 143 121 127 138 143 116 138 132 139 128 144 116 120 120 102 126 125 138 146 137 125 111 122 105 120 99 109 107 96 106 108 106 111 85 76 83 70 76 78 78 87 90 79 96 76 74 65 71 77 72 72 68 60 65 74
-1.000000 -0.980000 -0.960000 -0.940000 -0.920000 -0.900000 -0.880000 -0.860000 -0.840000 -0.820000 -0.800000 -0.780000 -0.760000 -0.740000 -0.720000 -0.700000 -0.680000 -0.660000 -0.640000 -0.620000 -0.600000 -0.580000 -0.560000 -0.540000 -0.520000 -0.500000 -0.480000 -0.460000 -0.440000 -0.420000 -0.400000 -0.380000 -0.360000 -0.340000 -0.320000 -0.300000 -0.280000 -0.260000 -0.240000 -0.220000 -0.200000 -0.180000 -0.160000 -0.140000 -0.120000 -0.100000 -0.080000 -0.060000 -0.040000 -0.020000 0.000000 0.020000 0.040000 0.060000 0.080000 0.100000 0.120000 0.140000 0.160000 0.180000 0.200000 0.220000 0.240000 0.260000 0.280000 0.300000 0.320000 0.340000 0.360000 0.380000 0.400000 0.420000 0.440000 0.460000 0.480000 0.500000 0.520000 0.540000 0.560000 0.580000 0.600000 0.620000 0.640000 0.660000 0.680000 0.700000 0.720000 0.740000 0.760000 0.780000 0.800000 0.820000 0.840000 0.860000 0.880000 0.900000 0.920000 0.940000 0.960000 0.980000 1.000000
67 74 71 74 77 51 69 65 68 75 70 76 75 97 83 83 82 71 77 81 99 94 90 94 92 92 125 114 114 106 94 137 107 132 122 114 106 122 111 119 117 118 118 132 133 126 132 134 123 147 119 149 148 133 129 131 120 120 137 95 141 120 128 105 138 127 129 141 105 121 108 101 107 110 92 97 110 80 110 89 79 75 73 84 88 62 76 79 97 78 86 67 76 82 72 74 64 72 70 56
-1.000000 -0.980000 -0.960000 -0.940000 -0.920000 -0.900000 -0.880000 -0.860000 -0.840000 -0.820000 -0.800000 -0.780000 -0.760000 -0.740000 -0.720000 -0.700000 -0.680000 -0.660000 -0.640000 -0.620000 -0.600000 -0.580000 -0.560000 -0.540000 -0.520000 -0.500000 -0.480000 -0.460000 -0.440000 -0.420000 -0.400000 -0.380000 -0.360000 -0.340000 -0.320000 -0.300000 -0.280000 -0.260000 -0.240000 -0.220000 -0.200000 -0.180000 -0.160000 -0.140000 -0.120000 -0.100000 -0.080000 -0.060000 -0.040000 -0.020000 0.000000 0.020000 0.040000 0.060000 0.080000 0.100000 0.120000 0.140000 0.160000 0.180000 0.200000 0.220000 0.240000 0.260000 0.280000 0.300000 0.320000 0.340000 0.360000 0.380000 0.400000 0.420000 0.440000 0.460000 0.480000 0.500000 0.520000 0.540000 0.560000 0.580000 0.600000 0.620000 0.640000 0.660000 0.680000 0.700000 0.720000 0.740000 0.760000 0.780000 0.800000 0.820000 0.840000 0.860000 0.880000 0.900000 0.920000 0.940000 0.960000 0.980000 1.000000
70 68 74 76 57 81 58 65 63 86 67 71 92 90 77 76 70 82 93 91 77 98 87 86 109 95 100 107 105 125 111 96 137 131 125 140 94 127 94 106 118 128 112 147 119 113 146 150 116 128 152 141 126 130 119 143 113 135 132 119 118 96 148 149 96 122 145 117 117 140 103 101 96 100 98 95 110 98 92 95 86 80 74 82 94 71 68 75 81 91 87 76 61 63 80 73 65 69 68 76
-1.000000 -0.980000 -0.960000 -0.940000 -0.920000 -0.900000 -0.880000 -0.860000 -0.840000 -0.820000 -0.800000 -0.780000 -0.760000 -0.740000 -0.720000 -0.700000 -0.680000 -0.660000 -0.640000 -0.620000 -0.600000 -0.580000 -0.560000 -0.540000 -0.520000 -0.500000 -0.480000 -0.460000 -0.440000 -0.420000 -0.400000 -0.380000 -0.360000 -0.340000 -0.320000 -0.300000 -0.280000 -0.260000 -0.240000 -0.220000 -0.200000 -0.180000 -0.160000 -0.140000 -0.120000 -0.100000 -0.080000 -0.060000 -0.040000 -0.020000 0.000000 0.020000 0.040000 0.060000 0.080000 0.100000 0.120000 0.140000 0.160000 0.180000 0.200000 0.220000 0.240000 0.260000 0.280000 0.300000 0.320000 0.340000 0.360000 0.380000 0.400000 0.420000 0.440000 0.460000 0.480000 0.500000 0.520000 0.540000 0.560000 0.580000 0.600000 0.620000 0.640000 0.660000 0.680000 0.700000 0.720000 0.740000 0.760000 0.780000 0.800000 0.820000 0.840000 0.860000 0.880000 0.900000 0.920000 0.940000 0.960000 0.980000 1.000000
71 69 71 68 68 64 75 68 74 57 73 79 87 85 74 82 78 87 92 88 110 78 86 85 78 122 96 105 100 123 121 112 114 121 117 126 124 121 102 124 113 115 115 130 132 127 138 117 138 140 126 139 152 124 127 127 110 142 132 126 109 117 129 145 117 116 118 111 127 143 123 108 83 107 91 87 83 116 91 109 87 75 77 83 82 80 77 89 82 76 82 70 71 80 62 76 64 68 72 72
-1.000000 -0.980000 -0.960000 -0.940000 -0.920000 -0.900000 -0.880000 -0.860000 -0.840000 -0.820000 -0.800000 -0.780000 -0.760000 -0.740000 -0.720000 -0.700000 -0.680000 -0.660000 -0.640000 -0.620000 -0.600000 -0.580000 -0.560000 -0.540000 -0.520000 -0.500000 -0.480000 -0.460000 -0.440000 -0.420000 -0.400000 -0.380000 -0.360000 -0.340000 -0.320000 -0.300000 -0.280000 -0.260000 -0.240000 -0.220000 -0.200000 -0.180000 -0.160000 -0.140000 -0.120000 -0.100000 -0.080000 -0.060000 -0.040000 -0.020000 0.000000 0.020000 0.040000 0.060000 0.080000 0.100000 0.120000 0.140000 0.160000 0.180000 0.200000 0.220000 0.240000 0.260000 0.280000 0.300000 0.320000 0.340000 0.360000 0.380000 0.400000 0.420000 0.440000 0.460000 0.480000 0.500000 0.520000 0.540000 0.560000 0.580000 0.600000 0.620000 0.640000 0.660000 0.680000 0.700000 0.720000 0.740000 0.760000 0.780000 0.800000 0.820000 0.840000 0.860000 0.880000 0.900000 0.920000 0.940000 0.960000 0.980000 1.000000
59 72 77 61 71 89 70 69 65 61 81 73 72 83 79 93 84 97 94 78 84 88 84 91 98 96 95 102 127 110 112 125 125 95 113 127 103 120 125 134 124 105 130 129 129 123 106 125 133 134 129 140 141 133 151 143 116 130 131 118 112 117 111 124 123 113 123 141 110 122 117 124 116 84 95 84 111 95 95 96 79 90 93 87 70 78 72 92 79 86 76 84 69 64 70 59 73 61 78 75
-1.000000 -0.980000 -0.960000 -0.940000 -0.920000 -0.900000 -0.880000 -0.860000 -0.840000 -0.820000 -0.800000 -0.780000 -0.760000 -0.740000 -0.720000 -0.700000 -0.680000 -0.660000 -0.640000 -0.620000 -0.600000 -0.580000 -0.560000 -0.540000 -0.520000 -0.500000 -0.480000 -0.460000 -0.440000 -0.420000 -0.400000 -0.380000 -0.360000 -0.340000 -0.320000 -0.300000 -0.280000 -0.260000 -0.240000 -0.220000 -0.200000 -0.180000 -0.160000 -0.140000 -0.120000 -0.100000 -0.080000 -0.060000 -0.040000 -0.020000 0.000000 0.020000 0.040000 0.060000 0.080000 0.100000 0.120000 0.140000 0.160000 0.180000 0.200000 0.220000 0.240000 0.260000 0.280000 0.300000 0.320000 0.340000 0.360000 0.380000 0.400000 0.420000 0.440000 0.460000 0.480000 0.500000 0.520000 0.540000 0.560000 0.580000 0.600000 0.620000 0.640000 0.660000 0.680000 0.700000 0.720000 0.740000 0.760000 0.780000 0.800000 0.820000 0.840000 0.860000 0.880000 0.900000 0.920000 0.940000 0.960000 0.980000 1.000000
74 65 66 84 68 60 87 63 58 62 77 80 81 76 93 80 83 92 99 73 83 101 89 85 93 95 108 104 117 116 113 119 129 108 107 123 111 103 130 127 107 133 123 126 120 120 119 135 120 120 142 143 141 123 144 127 138 117 124 122 112 120 155 139 110 105 119 120 110 110 118 113 111 98 109 93 112 89 93 103 89 78 94 76 69 88 83 74 89 95 73 71 58 75 81 69 63 59 74 77
-1.000000 -0.980000 -0.960000 -0.940000 -0.920000 -0.900000 -0.880000 -0.860000 -0.840000 -0.820000 -0.800000 -0.780000 -0.760000 -0.740000 -0.720000 -0.700000 -0.680000 -0.660000 -0.640000 -0.620000 -0.600000 -0.580000 -0.560000 -0.540000 -0.520000 -0.500000 -0.480000 -0.460000 -0.440000 -0.420000 -0.400000 -0.380000 -0.360000 -0.340000 -0.320000 -0.300000 -0.280000 -0.260000 -0.240000 -0.220000 -0.200000 -0.180000 -0.160000 -0.140000 -0.120000 -0.100000 -0.080000 -0.060000 -0.040000 -0.020000 0.000000 0.020000 0.040000 0.060000 0.080000 0.100000 0.120000 0.140000 0.160000 0.180000 0.200000 0.220000 0.240000 0.260000 0.280000 0.300000 0.320000 0.340000 0.360000 0.380000 0.400000 0.420000 0.440000 0.460000 0.480000 0.500000 0.520000 0.540000 0.560000 0.580000 0.600000 0.620000 0.640000 0.660000 0.680000 0.700000 0.720000 0.740000 0.760000 0.780000 0.800000 0.820000 0.840000 0.860000 0.880000 0.900000 0.920000 0.940000 0.960000 0.980000 1.000000
63 74 63 92 72 74 74 66 70 62 70 69 88 88 78 76 80 82 89 80 79 95 96 102 92 92 119 118 93 110 122 121 112 108 121 125 108 129 115 100 116 115 127 127 111 133 129 147 134 118 121 140 127 130 141 136 127 118 121 138 125 110 134 122 136 111 119 118 120 119 113 107 93 106 104 125 97 95 94 91 81 92 82 59 96 80 85 102 79 68 82 73 79 63 65 66 77 66 80 63
-1.000000 -0.980000 -0.960000 -0.940000 -0.920000 -0.900000 -0.880000 -0.860000 -0.840000 -0.820000 -0.800000 -0.780000 -0.760000 -0.740000 -0.720000 -0.700000 -0.680000 -0.660000 -0.640000 -0.620000 -0.600000 -0.580000 -0.560000 -0.540000 -0.520000 -0.500000 -0.480000 -0.460000 -0.440000 -0.420000 -0.400000 -0.380000 -0.360000 -0.340000 -0.320000 -0.300000 -0.280000 -0.260000 -0.240000 -0.220000 -0.200000 -0.180000 -0.160000 -0.140000 -0.120000 -0.100000 -0.080000 -0.060000 -0.040000 -0.020000 0.000000 0.020000 0.040000 0.060000 0.080000 0.100000 0.120000 0.140000 0.160000 0.180000 0.200000 0.220000 0.240000 0.260000 0.280000 0.300000 0.320000 0.340000 0.360000 0.380000 0.400000 0.420000 0.440000 0.460000 0.480000 0.500000 0.520000 0.540000 0.560000 0.580000 0.600000 0.620000 0.640000 0.660000 0.680000 0.700000 0.720000 0.740000 0.760000 0.780000 0.800000 0.820000 0.840000 0.860000 0.880000 0.900000 0.920000 0.940000 0.960000 0.980000 1.000000
64 72 71 75 73 73 66 68 77 83 81 63 74 97 69 84 85 80 68 83 106 94 101 91 105 91 99 96 98 114 124 125 126 104 116 101 138 102 118 134 110 121 116 129 125 135 116 121 118 131 148 134 116 118 153 128 123 125 119 132 145 123 113 133 152 84 131 115 112 125 113 93 103 94 95 108 96 103 92 98 99 79 81 90 79 80 89 98 75 76 74 86 68 79 67 61 71 76 66 71
-1.000000 -0.980000 -0.960000 -0.940000 -0.920000 -0.900000 -0.880000 -0.860000 -0.840000 -0.820000 -0.800000 -0.780000 -0.760000 -0.740000 -0.720000 -0.700000 -0.680000 -0.660000 -0.640000 -0.620000 -0.600000 -0.580000 -0.560000 -0.540000 -0.520000 -0.500000 -0.480000 -0.460000 -0.440000 -0.420000 -0.400000 -0.380000 -0.360000 -0.340000 -0.320000 -0.300000 -0.280000 -0.260000 -0.240000 -0.220000 -0.200000 -0.180000 -0.160000 -0.140000 -0.120000 -0.100000 -0.080000 -0.060000 -0.040000 -0.020000 0.000000 0.020000 0.040000 0.060000 0.080000 0.100000 0.120000 0.140000 0.160000 0.180000 0.200000 0.220000 0.240000 0.260000 0.280000 0.300000 0.320000 0.340000 0.360000 0.380000 0.400000 0.420000 0.440000 0.460000 0.480000 0.500000 0.520000 0.540000 0.560000 0.580000 0.600000 0.620000 0.640000 0.660000 0.680000 0.700000 0.720000 0.740000 0.760000 0.780000 0.800000 0.820000 0.840000 0.860000 0.880000 0.900000 0.920000 0.940000 0.960000 0.980000 1.000000
83 70 63 65 72 87 66 68 83 86 60 78 76 83 86 65 79 93 92 89 83 96 103 84 102 99 98 108 103 120 100 113 103 130 107 109 118 122 133 118 111 125 130 101 126 109 123 136 139 119 138 118 136 123 135 131 128 121 140 140 126 110 126 138 128 117 132 96 124 128 94 109 102 86 97 100 102 89 108 86 90 96 81 88 87 84 97 74 70 75 88 74 63 71 83 83 66 67 83 60
-1.000000 -0.980000 -0.960000 -0.940000 -0.920000 -0.900000 -0.880000 -0.860000 -0.840000 -0.820000 -0.800000 -0.780000 -0.760000 -0.740000 -0.720000 -0.700000 -0.680000 -0.660000 -0.640000 -0.620000 -0.600000 -0.580000 -0.560000 -0.540000 -0.520000 -0.500000 -0.480000 -0.460000 -0.440000 -0.420000 -0.400000 -0.380000 -0.360000 -0.340000 -0.320000 -0.300000 -0.280000 -0.260000 -0.240000 -0.220000 -0.200000 -0.180000 -0.160000 -0.140000 -0.120000 -0.100000 -0.080000 -0.060000 -0.040000 -0.020000 0.000000 0.020000 0.040000 0.060000 0.080000 0.100000 0.120000 0.140000 0.160000 0.180000 0.200000 0.220000 0.240000 0.260000 0.280000 0.300000 0.320000 0.340000 0.360000 0.380000 0.400000 0.420000 0.440000 0.460000 0.480000 0.500000 0.520000 0.540000 0.560000 0.580000 0.600000 0.620000 0.640000 0.660000 0.680000 0.700000 0.720000 0.740000 0.760000 0.780000 0.800000 0.820000 0.840000 0.860000 0.880000 0.900000 0.920000 0.940000 0.960000 0.980000 1.000000
73 57 84 82 77 78 73 69 69 77 79 81 81 77 69 80 81 86 97 79 95 72 92 104 94 108 109 115 91 115 85 110 126 112 122 111 95 124 132 113 116 135 119 114 131 109 144 140 133 124 122 114 126 133 127 125 155 118 131 127 138 108 120 134 127 121 122 104 113 112 111 107 104 97 91 90 105 91 109 91 98 101 86 81 66 76 103 95 75 76 89 66 76 82 64 72 77 67 80 58
-1.000000 -0.980000 -0.960000 -0.940000 -0.920000 -0.900000 -0.880000 -0.860000 -0.840000 -0.820000 -0.800000 -0.780000 -0.760000 -0.740000 -0.720000 -0.700000 -0.680000 -0.660000 -0.640000 -0.620000 -0.600000 -0.580000 -0.560000 -0.540000 -0.520000 -0.500000 -0.480000 -0.460000 -0.440000 -0.420000 -0.400000 -0.380000 -0.360000 -0.340000 -0.320000 -0.300000 -0.280000 -0.260000 -0.240000 -0.220000 -0.200000 -0.180000 -0.160000 -0.140000 -0.120000 -0.100000 -0.080000 -0.060000 -0.040000 -0.020000 0.000000 0.020000 0.040000 0.060000 0.080000 0.100000 0.120000 0.140000 0.160000 0.180000 0.200000 0.220000 0.240000 0.260000 0.280000 0.300000 0.320000 0.340000 0.360000 0.380000 0.400000 0.420000 0.440000 0.460000 0.480000 0.500000 0.520000 0.540000 0.560000 0.580000 0.600000 0.620000 0.640000 0.660000 0.680000 0.700000 0.720000 0.740000 0.760000 0.780000 0.800000 0.820000 0.840000 0.860000 0.880000 0.900000 0.920000 0.940000 0.960000 0.980000 1.000000
78 66 81 81 62 71 80 79 71 92 80 75 70 85 88 68 75 87 92 85 91 78 100 100 94 86 104 97 115 88 108 109 112 113 114 116 119 115 125 132 114 112 139 112 148 119 112 130 129 125 120 116 128 131 138 137 128 142 133 109 133 125 125 142 103 116 117 122 126 102 110 117 99 94 78 88 95 105 108 104 95 86 94 85 74 91 93 91 58 78 81 79 78 92 51 85 70 68 73 65
-1.000000 -0.980000 -0.960000 -0.940000 -0.920000 -0.900000 -0.880000 -0.860000 -0.840000 -0.820000 -0.800000 -0.780000 -0.760000 -0.740000 -0.720000 -0.700000 -0.680000 -0.660000 -0.640000 -0.620000 -0.600000 -0.580000 -0.560000 -0.540000 -0.520000 -0.500000 -0.480000 -0.460000 -0.440000 -0.420000 -0.400000 -0.380000 -0.360000 -0.340000 -0.320000 -0.300000 -0.280000 -0.260000 -0.240000 -0.220000 -0.200000 -0.180000 -0.160000 -0.140000 -0.120000 -0.100000 -0.080000 -0.060000 -0.040000 -0.020000 0.000000 0.020000 0.040000 0.060000 0.080000 0.100000 0.120000 0.140000 0.160000 0.180000 0.200000 0.220000 0.240000 0.260000 0.280000 0.300000 0.320000 0.340000 0.360000 0.380000 0.400000 0.420000 0.440000 0.460000 0.480000 0.500000 0.520000 0.540000 0.560000 0.580000 0.600000 0.620000 0.640000 0.660000 0.680000 0.700000 0.720000 0.740000 0.760000 0.780000 0.800000 0.820000 0.840000 0.860000 0.880000 0.900000 0.920000 0.940000 0.960000 0.980000 1.000000
77 73 89 66 76 68 74 89 62 65 84 91 71 78 93 83 81 91 73 89 74 97 90 98 97 101 96 105 79 103 113 113 120 123 107 110 108 110 123 112 129 125 136 138 122 125 117 130 121 116 127 128 139 118 124 125 159 132 119 123 144 124 123 111 133 118 101 107 122 126 107 100 104 100 98 79 96 104 97 99 103 87 81 88 96 85 89 80 70 94 68 84 70 91 66 55 85 79 69 62
-1.000000 -0.980000 -0.960000 -0.940000 -0.920000 -0.900000 -0.880000 -0.860000 -0.840000 -0.820000 -0.800000 -0.780000 -0.760000 -0.740000 -0.720000 -0.700000 -0.680000 -0.660000 -0.640000 -0.620000 -0.600000 -0.580000 -0.560000 -0.540000 -0.520000 -0.500000 -0.480000 -0.460000 -0.440000 -0.420000 -0.400000 -0.380000 -0.360000 -0.340000 -0.320000 -0.300000 -0.280000 -0.260000 -0.240000 -0.220000 -0.200000 -0.180000 -0.160000 -0.140000 -0.120000 -0.100000 -0.080000 -0.060000 -0.040000 -0.020000 0.000000 0.020000 0.040000 0.060000 0.080000 0.100000 0.120000 0.140000 0.160000 0.180000 0.200000 0.220000 0.240000 0.260000 0.280000 0.300000 0.320000 0.340000 0.360000 0.380000 0.400000 0.420000 0.440000 0.460000 0.480000 0.500000 0.520000 0.540000 0.560000 0.580000 0.600000 0.620000 0.640000 0.660000 0.680000 0.700000 0.720000 0.740000 0.760000 0.780000 0.800000 0.820000 0.840000 0.860000 0.880000 0.900000 0.920000 0.940000 0.960000 0.980000 1.000000
83 82 67 76 76 80 67 72 71 86 77 84 81 88 73 82 64 102 75 85 90 87 96 83 97 110 91 99 94 106 102 107 121 111 117 115 119 117 125 126 118 132 103 106 151 117 132 113 120 118 119 152 123 155 126 109 136 137 132 120 120 138 125 124 123 108 124 110 100 103 118 97 111 99 87 110 94 97 106 105 97 80 92 90 95 93 83 76 64 94 76 88 79 69 71 66 79 74 66 66
-1.000000 -0.980000 -0.960000 -0.940000 -0.920000 -0.900000 -0.880000 -0.860000 -0.840000 -0.820000 -0.800000 -0.780000 -0.760000 -0.740000 -0.720000 -0.700000 -0.680000 -0.660000 -0.640000 -0.620000 -0.600000 -0.580000 -0.560000 -0.540000 -0.520000 -0.500000 -0.480000 -0.460000 -0.440000 -0.420000 -0.400000 -0.380000 -0.360000 -0.340000 -0.320000 -0.300000 -0.280000 -0.260000 -0.240000 -0.220000 -0.200000 -0.180000 -0.160000 -0.140000 -0.120000 -0.100000 -0.080000 -0.060000 -0.040000 -0.020000 0.000000 0.020000 0.040000 0.060000 0.080000 0.100000 0.120000 0.140000 0.160000 0.180000 0.200000 0.220000 0.240000 0.260000 0.280000 0.300000 0.320000 0.340000 0.360000 0.380000 0.400000 0.420000 0.440000 0.460000 0.480000 0.500000 0.520000 0.540000 0.560000 0.580000 0.600000 0.620000 0.640000 0.660000 0.680000 0.700000 0.720000 0.740000 0.760000 0.780000 0.800000 0.820000 0.840000 0.860000 0.880000 0.900000 0.920000 0.940000 0.960000 0.980000 1.000000
69 93 67 84 72 76 75 74 70 75 78 89 79 81 67 88 81 77 92 83 90 98 73 90 103 91 104 105 106 87 105 114 112 114 128 118 104 119 110 122 108 113 131 140 129 128 120 122 116 114 144 147 127 123 122 143 135 133 128 114 141 126 109 136 107 126 109 96 100 111 121 111 103 112 106 89 110 89 107 98 82 96 87 94 94 85 81 83 88 78 78 81 73 66 79 70 67 73 61 77
-1.000000 -0.980000 -0.960000 -0.940000 -0.920000 -0.900000 -0.880000 -0.860000 -0.840000 -0.820000 -0.800000 -0.780000 -0.760000 -0.740000 -0.720000 -0.700000 -0.680000 -0.660000 -0.640000 -0.620000 -0.600000 -0.580000 -0.560000 -0.540000 -0.520000 -0.500000 -0.480000 -0.460000 -0.440000 -0.420000 -0.400000 -0.380000 -0.360000 -0.340000 -0.320000 -0.300000 -0.280000 -0.260000 -0.240000 -0.220000 -0.200000 -0.180000 -0.160000 -0.140000 -0.120000 -0.100000 -0.080000 -0.060000 -0.040000 -0.020000 0.000000 0.020000 0.040000 0.060000 0.080000 0.100000 0.120000 0.140000 0.160000 0.180000 0.200000 0.220000 0.240000 0.260000 0.280000 0.300000 0.320000 0.340000 0.360000 0.380000 0.400000 0.420000 0.440000 0.460000 0.480000 0.500000 0.520000 0.540000 0.560000 0.580000 0.600000 0.620000 0.640000 0.660000 0.680000 0.700000 0.720000 0.740000 0.760000 0.780000 0.800000 0.820000 0.840000 0.860000 0.880000 0.900000 0.920000 0.940000 0.960000 0.980000 1.000000
77 78 64 71 75 76 69 97 77 85 72 91 74 69 78 71 76 94 90 89 92 89 87 94 107 86 85 109 118 81 93 119 105 111 120 138 111 121 131 100 118 122 105 133 146 112 120 110 122 134 132 138 131 129 123 144 123 123 128 141 144 124 122 115 104 131 101 116 94 94 113 129 113 94 115 103 104 86 105 96 81 94 91 88 95 87 72 86 90 84 77 81 60 75 80 77 73 65 79 58
-1.000000 -0.980000 -0.960000 -0.940000 -0.920000 -0.900000 -0.880000 -0.860000 -0.840000 -0.820000 -0.800000 -0.780000 -0.760000 -0.740000 -0.720000 -0.700000 -0.680000 -0.660000 -0.640000 -0.620000 -0.600000 -0.580000 -0.560000 -0.540000 -0.520000 -0.500000 -0.480000 -0.460000 -0.440000 -0.420000 -0.400000 -0.380000 -0.360000 -0.340000 -0.320000 -0.300000 -0.280000 -0.260000 -0.240000 -0.220000 -0.200000 -0.180000 -0.160000 -0.140000 -0.120000 -0.100000 -0.080000 -0.060000 -0.040000 -0.020000 0.000000 0.020000 0.040000 0.060000 0.080000 0.100000 0.120000 0.140000 0.160000 0.180000 0.200000 0.220000 0.240000 0.260000 0.280000 0.300000 0.320000 0.340000 0.360000 0.380000 0.400000 0.420000 0.440000 0.460000 0.480000 0.500000 0.520000 0.540000 0.560000 0.580000 0.600000 0.620000 0.640000 0.660000 0.680000 0.700000 0.720000 0.740000 0.760000 0.780000 0.800000 0.820000 0.840000 0.860000 0.880000 0.900000 0.920000 0.940000 0.960000 0.980000 1.000000
82 77 73 74 74 74 65 76 83 88 88 63 83 83 88 75 84 76 90 88 81 89 93 97 103 87 90 101 97 113 85 111 113 124 106 133 124 112 103 125 124 141 133 106 115 107 133 115 136 124 113 129 134 152 122 125 136 121 157 135 122 121 110 139 116 110 99 105 103 102 124 100 103 115 116 102 103 101 108 85 89 72 90 100 87 93 93 90 78 78 75 81 70 71 71 70 78 54 68 79
-1.000000 -0.980000 -0.960000 -0.940000 -0.920000 -0.900000 -0.880000 -0.860000 -0.840000 -0.820000 -0.800000 -0.780000 -0.760000 -0.740000 -0.720000 -0.700000 -0.680000 -0.660000 -0.640000 -0.620000 -0.600000 -0.580000 -0.560000 -0.540000 -0.520000 -0.500000 -0.480000 -0.460000 -0.440000 -0.420000 -0.400000 -0.380000 -0.360000 -0.340000 -0.320000 -0.300000 -0.280000 -0.260000 -0.240000 -0.220000 -0.200000 -0.180000 -0.160000 -0.140000 -0.120000 -0.100000 -0.080000 -0.060000 -0.040000 -0.020000 0.000000 0.020000 0.040000 0.060000 0.080000 0.100000 0.120000 0.140000 0.160000 0.180000 0.200000 0.220000 0.240000 0.260000 0.280000 0.300000 0.320000 0.340000 0.360000 0.380000 0.400000 0.420000 0.440000 0.460000 0.480000 0.500000 0.520000 0.540000 0.560000 0.580000 0.600000 0.620000 0.640000 0.660000 0.680000 0.700000 0.720000 0.740000 0.760000 0.780000 0.800000 0.820000 0.840000 0.860000 0.880000 0.900000 0.920000 0.940000 0.960000 0.980000 1.000000
82 78 64 73 75 75 73 82 77 94 69 79 70 70 87 89 77 84 89 81 91 93 98 98 87 99 105 108 85 100 93 107 121 110 126 130 114 128 107 123 118 125 137 122 118 108 121 123 110 118 134 115 133 133 160 143 124 132 153 123 104 122 112 113 126 108 110 116 75 135 124 96 99 120 113 94 85 95 116 105 93 89 94 82 82 108 84 69 91 87 65 62 77 81 69 85 79 60 66 68
-1.000000 -0.980000 -0.960000 -0.940000 -0.920000 -0.900000 -0.880000 -0.860000 -0.840000 -0.820000 -0.800000 -0.780000 -0.760000 -0.740000 -0.720000 -0.700000 -0.680000 -0.660000 -0.640000 -0.620000 -0.600000 -0.580000 -0.560000 -0.540000 -0.520000 -0.500000 -0.480000 -0.460000 -0.440000 -0.420000 -0.400000 -0.380000 -0.360000 -0.340000 -0.320000 -0.300000 -0.280000 -0.260000 -0.240000 -0.220000 -0.200000 -0.180000 -0.160000 -0.140000 -0.120000 -0.100000 -0.080000 -0.060000 -0.040000 -0.020000 0.000000 0.020000 0.040000 0.060000 0.080000 0.100000 0.120000 0.140000 0.160000 0.180000 0.200000 0.220000 0.240000 0.260000 0.280000 0.300000 0.320000 0.340000 0.360000 0.380000 0.400000 0.420000 0.440000 0.460000 0.480000 0.500000 0.520000 0.540000 0.560000 0.580000 0.600000 0.620000 0.640000 0.660000 0.680000 0.700000 0.720000 0.740000 0.760000 0.780000 0.800000 0.820000 0.840000 0.860000 0.880000 0.900000 0.920000 0.940000 0.960000 0.980000 1.000000
80 60 77 89 72 78 72 72 96 76 73 77 71 86 71 80 75 94 80 99 82 100 93 89 83 100 97 108 105 116 97 104 107 106 123 112 120 136 103 119 113 128 125 131 129 125 119 131 124 112 117 121 127 138 128 150 149 139 118 130 118 121 114 118 103 125 107 101 107 105 113 115 105 96 99 103 123 99 107 97 97 90 80 87 75 101 78 100 99 71 68 75 65 72 65 75 76 69 74 75
-1.000000 -0.980000 -0.960000 -0.940000 -0.920000 -0.900000 -0.880000 -0.860000 -0.840000 -0.820000 -0.800000 -0.780000 -0.760000 -0.740000 -0.720000 -0.700000 -0.680000 -0.660000 -0.640000 -0.620000 -0.600000 -0.580000 -0.560000 -0.540000 -0.520000 -0.500000 -0.480000 -0.460000 -0.440000 -0.420000 -0.400000 -0.380000 -0.360000 -0.340000 -0.320000 -0.300000 -0.280000 -0.260000 -0.240000 -0.220000 -0.200000 -0.180000 -0.160000 -0.140000 -0.120000 -0.100000 -0.080000 -0.060000 -0.040000 -0.020000 0.000000 0.020000 0.040000 0.060000 0.080000 0.100000 0.120000 0.140000 0.160000 0.180000 0.200000 0.220000 0.240000 0.260000 0.280000 0.300000 0.320000 0.340000 0.360000 0.380000 0.400000 0.420000 0.440000 0.460000 0.480000 0.500000 0.520000 0.540000 0.560000 0.580000 0.600000 0.620000 0.640000 0.660000 0.680000 0.700000 0.720000 0.740000 0.760000 0.780000 0.800000 0.820000 0.840000 0.860000 0.880000 0.900000 0.920000 0.940000 0.960000 0.980000 1.000000
