0 0 0 0 0 0 0 0 0 0 0 0 0 0 0 0 0 0 0 0 0 0 0 0 0 0 0 0 0 0 0 0 0 0 0 0 0 0 0 1 0 0 10 25 92 223 509 927 1398 1815 1661 1469 957 539 250 93 23 7 1 0 0 0 0 0 0 0 0 0 0 0 0 0 0 0 0 0 0 0 0 0 0 0 0 0 0 0 0 0 0 0 0 0 0 0 0 0 0 0 0 0
-1.000000 -0.980000 -0.960000 -0.940000 -0.920000 -0.900000 -0.880000 -0.860000 -0.840000 -0.820000 -0.800000 -0.780000 -0.760000 -0.740000 -0.720000 -0.700000 -0.680000 -0.660000 -0.640000 -0.620000 -0.600000 -0.580000 -0.560000 -0.540000 -0.520000 -0.500000 -0.480000 -0.460000 -0.440000 -0.420000 -0.400000 -0.380000 -0.360000 -0.340000 -0.320000 -0.300000 -0.280000 -0.260000 -0.240000 -0.220000 -0.200000 -0.180000 -0.160000 -0.140000 -0.120000 -0.100000 -0.080000 -0.060000 -0.040000 -0.020000 0.000000 0.020000 0.040000 0.060000 0.080000 0.100000 0.120000 0.140000 0.160000 0.180000 0.200000 0.220000 0.240000 0.260000 0.280000 0.300000 0.320000 0.340000 0.360000 0.380000 0.400000 0.420000 0.440000 0.460000 0.480000 0.500000 0.520000 0.540000 0.560000 0.580000 0.600000 0.620000 0.640000 0.660000 0.680000 0.700000 0.720000 0.740000 0.760000 0.780000 0.800000 0.820000 0.840000 0.860000 0.880000 0.900000 0.920000 0.940000 0.960000 0.980000 1.000000
0 0 0 0 0 0 0 0 0 0 0 0 0 0 0 0 0 0 0 0 0 0 0 0 0 0 0 0 0 0 0 0 0 0 0 0 2 2 0 3 11 35 75 148 291 435 659 932 1120 1230 1242 1174 921 701 448 287 151 83 34 8 6 2 0 0 0 0 0 0 0 0 0 0 0 0 0 0 0 0 0 0 0 0 0 0 0 0 0 0 0 0 0 0 0 0 0 0 0 0 0 0
-1.000000 -0.980000 -0.960000 -0.940000 -0.920000 -0.900000 -0.880000 -0.860000 -0.840000 -0.820000 -0.800000 -0.780000 -0.760000 -0.740000 -0.720000 -0.700000 -0.680000 -0.660000 -0.640000 -0.620000 -0.600000 -0.580000 -0.560000 -0.540000 -0.520000 -0.500000 -0.480000 -0.460000 -0.440000 -0.420000 -0.400000 -0.380000 -0.360000 -0.340000 -0.320000 -0.300000 -0.280000 -0.260000 -0.240000 -0.220000 -0.200000 -0.180000 -0.160000 -0.140000 -0.120000 -0.100000 -0.080000 -0.060000 -0.040000 -0.020000 0.000000 0.020000 0.040000 0.060000 0.080000 0.100000 0.120000 0.140000 0.160000 0.180000 0.200000 0.220000 0.240000 0.260000 0.280000 0.300000 0.320000 0.340000 0.360000 0.380000 0.400000 0.420000 0.440000 0.460000 0.480000 0.500000 0.520000 0.540000 0.560000 0.580000 0.600000 0.620000 0.640000 0.660000 0.680000 0.700000 0.720000 0.740000 0.760000 0.780000 0.800000 0.820000 0.840000 0.860000 0.880000 0.900000 0.920000 0.940000 0.960000 0.980000 1.000000
0 0 0 0 0 0 0 0 0 0 0 0 0 0 0 0 0 0 0 0 0 0 0 0 0 0 0 0 0 0 0 0 0 0 2 2 6 7 11 30 54 95 159 260 381 538 659 804 935 1044 1050 944 829 699 537 359 258 164 75 41 31 17 7 1 0 1 0 0 0 0 0 0 0 0 0 0 0 0 0 0 0 0 0 0 0 0 0 0 0 0 0 0 0 0 0 0 0 0 0 0
-1.000000 -0.980000 -0.960000 -0.940000 -0.920000 -0.900000 -0.880000 -0.860000 -0.840000 -0.820000 -0.800000 -0.780000 -0.760000 -0.740000 -0.720000 -0.700000 -0.680000 -0.660000 -0.640000 -0.620000 -0.600000 -0.580000 -0.560000 -0.540000 -0.520000 -0.500000 -0.480000 -0.460000 -0.440000 -0.420000 -0.400000 -0.380000 -0.360000 -0.340000 -0.320000 -0.300000 -0.280000 -0.260000 -0.240000 -0.220000 -0.200000 -0.180000 -0.160000 -0.140000 -0.120000 -0.100000 -0.080000 -0.060000 -0.040000 -0.020000 0.000000 0.020000 0.040000 0.060000 0.080000 0.100000 0.120000 0.140000 0.160000 0.180000 0.200000 0.220000 0.240000 0.260000 0.280000 0.300000 0.320000 0.340000 0.360000 0.380000 0.400000 0.420000 0.440000 0.460000 0.480000 0.500000 0.520000 0.540000 0.560000 0.580000 0.600000 0.620000 0.640000 0.660000 0.680000 0.700000 0.720000 0.740000 0.760000 0.780000 0.800000 0.820000 0.840000 0.860000 0.880000 0.900000 0.920000 0.940000 0.960000 0.980000 1.000000
0 0 0 0 0 0 0 0 0 0 0 0 0 0 0 0 0 0 0 0 0 0 0 0 0 0 0 0 0 0 0 0 0 2 3 8 16 21 38 54 108 171 221 302 414 511 671 755 834 846 920 856 754 689 510 421 288 222 146 100 57 27 14 11 4 2 1 3 0 0 0 0 0 0 0 0 0 0 0 0 0 0 0 0 0 0 0 0 0 0 0 0 0 0 0 0 0 0 0 0
-1.000000 -0.980000 -0.960000 -0.940000 -0.920000 -0.900000 -0.880000 -0.860000 -0.840000 -0.820000 -0.800000 -0.780000 -0.760000 -0.740000 -0.720000 -0.700000 -0.680000 -0.660000 -0.640000 -0.620000 -0.600000 -0.580000 -0.560000 -0.540000 -0.520000 -0.500000 -0.480000 -0.460000 -0.440000 -0.420000 -0.400000 -0.380000 -0.360000 -0.340000 -0.320000 -0.300000 -0.280000 -0.260000 -0.240000 -0.220000 -0.200000 -0.180000 -0.160000 -0.140000 -0.120000 -0.100000 -0.080000 -0.060000 -0.040000 -0.020000 0.000000 0.020000 0.040000 0.060000 0.080000 0.100000 0.120000 0.140000 0.160000 0.180000 0.200000 0.220000 0.240000 0.260000 0.280000 0.300000 0.320000 0.340000 0.360000 0.380000 0.400000 0.420000 0.440000 0.460000 0.480000 0.500000 0.520000 0.540000 0.560000 0.580000 0.600000 0.620000 0.640000 0.660000 0.680000 0.700000 0.720000 0.740000 0.760000 0.780000 0.800000 0.820000 0.840000 0.860000 0.880000 0.900000 0.920000 0.940000 0.960000 0.980000 1.000000
0 0 0 0 0 0 0 0 0 0 0 0 0 0 0 0 0 0 0 0 0 0 0 0 0 0 0 0 0 0 2 1 1 7 7 6 31 38 64 77 153 202 267 344 435 524 602 730 768 743 800 763 687 623 541 424 362 275 167 142 87 52 36 16 8 8 2 2 2 1 0 0 0 0 0 0 0 0 0 0 0 0 0 0 0 0 0 0 0 0 0 0 0 0 0 0 0 0 0 0
-1.000000 -0.980000 -0.960000 -0.940000 -0.920000 -0.900000 -0.880000 -0.860000 -0.840000 -0.820000 -0.800000 -0.780000 -0.760000 -0.740000 -0.720000 -0.700000 -0.680000 -0.660000 -0.640000 -0.620000 -0.600000 -0.580000 -0.560000 -0.540000 -0.520000 -0.500000 -0.480000 -0.460000 -0.440000 -0.420000 -0.400000 -0.380000 -0.360000 -0.340000 -0.320000 -0.300000 -0.280000 -0.260000 -0.240000 -0.220000 -0.200000 -0.180000 -0.160000 -0.140000 -0.120000 -0.100000 -0.080000 -0.060000 -0.040000 -0.020000 0.000000 0.020000 0.040000 0.060000 0.080000 0.100000 0.120000 0.140000 0.160000 0.180000 0.200000 0.220000 0.240000 0.260000 0.280000 0.300000 0.320000 0.340000 0.360000 0.380000 0.400000 0.420000 0.440000 0.460000 0.480000 0.500000 0.520000 0.540000 0.560000 0.580000 0.600000 0.620000 0.640000 0.660000 0.680000 0.700000 0.720000 0.740000 0.760000 0.780000 0.800000 0.820000 0.840000 0.860000 0.880000 0.900000 0.920000 0.940000 0.960000 0.980000 1.000000
0 0 0 0 0 0 0 0 0 0 0 0 0 0 0 0 0 0 0 0 0 0 0 0 0 0 0 2 0 0 1 5 4 9 15 27 39 56 84 115 144 225 275 396 425 520 625 633 697 764 700 696 609 622 498 461 352 283 233 168 118 67 44 36 20 14 10 1 6 1 0 0 0 0 0 0 0 0 0 0 0 0 0 0 0 0 0 0 0 0 0 0 0 0 0 0 0 0 0 0
-1.000000 -0.980000 -0.960000 -0.940000 -0.920000 -0.900000 -0.880000 -0.860000 -0.840000 -0.820000 -0.800000 -0.780000 -0.760000 -0.740000 -0.720000 -0.700000 -0.680000 -0.660000 -0.640000 -0.620000 -0.600000 -0.580000 -0.560000 -0.540000 -0.520000 -0.500000 -0.480000 -0.460000 -0.440000 -0.420000 -0.400000 -0.380000 -0.360000 -0.340000 -0.320000 -0.300000 -0.280000 -0.260000 -0.240000 -0.220000 -0.200000 -0.180000 -0.160000 -0.140000 -0.120000 -0.100000 -0.080000 -0.060000 -0.040000 -0.020000 0.000000 0.020000 0.040000 0.060000 0.080000 0.100000 0.120000 0.140000 0.160000 0.180000 0.200000 0.220000 0.240000 0.260000 0.280000 0.300000 0.320000 0.340000 0.360000 0.380000 0.400000 0.420000 0.440000 0.460000 0.480000 0.500000 0.520000 0.540000 0.560000 0.580000 0.600000 0.620000 0.640000 0.660000 0.680000 0.700000 0.720000 0.740000 0.760000 0.780000 0.800000 0.820000 0.840000 0.860000 0.880000 0.900000 0.920000 0.940000 0.960000 0.980000 1.000000
0 0 0 0 0 0 0 0 0 0 0 0 0 0 0 0 0 0 0 0 0 0 0 0 0 0 0 1 2 5 4 2 14 12 25 36 50 83 102 135 185 208 304 383 443 549 543 604 664 653 653 671 632 554 504 433 361 320 248 184 134 104 64 36 33 18 19 13 4 4 2 2 0 0 0 0 0 0 0 0 0 0 0 0 0 0 0 0 0 0 0 0 0 0 0 0 0 0 0 0
-1.000000 -0.980000 -0.960000 -0.940000 -0.920000 -0.900000 -0.880000 -0.860000 -0.840000 -0.820000 -0.800000 -0.780000 -0.760000 -0.740000 -0.720000 -0.700000 -0.680000 -0.660000 -0.640000 -0.620000 -0.600000 -0.580000 -0.560000 -0.540000 -0.520000 -0.500000 -0.480000 -0.460000 -0.440000 -0.420000 -0.400000 -0.380000 -0.360000 -0.340000 -0.320000 -0.300000 -0.280000 -0.260000 -0.240000 -0.220000 -0.200000 -0.180000 -0.160000 -0.140000 -0.120000 -0.100000 -0.080000 -0.060000 -0.040000 -0.020000 0.000000 0.020000 0.040000 0.060000 0.080000 0.100000 0.120000 0.140000 0.160000 0.180000 0.200000 0.220000 0.240000 0.260000 0.280000 0.300000 0.320000 0.340000 0.360000 0.380000 0.400000 0.420000 0.440000 0.460000 0.480000 0.500000 0.520000 0.540000 0.560000 0.580000 0.600000 0.620000 0.640000 0.660000 0.680000 0.700000 0.720000 0.740000 0.760000 0.780000 0.800000 0.820000 0.840000 0.860000 0.880000 0.900000 0.920000 0.940000 0.960000 0.980000 1.000000
0 0 0 0 0 0 0 0 0 0 0 0 0 0 0 0 0 0 0 0 0 0 0 0 0 0 0 2 4 3 9 10 14 20 35 46 65 79 121 172 181 260 330 378 441 488 540 570 631 623 599 608 602 561 480 429 374 301 262 197 169 119 83 62 37 29 18 20 12 6 5 1 3 1 0 0 0 0 0 0 0 0 0 0 0 0 0 0 0 0 0 0 0 0 0 0 0 0 0 0
-1.000000 -0.980000 -0.960000 -0.940000 -0.920000 -0.900000 -0.880000 -0.860000 -0.840000 -0.820000 -0.800000 -0.780000 -0.760000 -0.740000 -0.720000 -0.700000 -0.680000 -0.660000 -0.640000 -0.620000 -0.600000 -0.580000 -0.560000 -0.540000 -0.520000 -0.500000 -0.480000 -0.460000 -0.440000 -0.420000 -0.400000 -0.380000 -0.360000 -0.340000 -0.320000 -0.300000 -0.280000 -0.260000 -0.240000 -0.220000 -0.200000 -0.180000 -0.160000 -0.140000 -0.120000 -0.100000 -0.080000 -0.060000 -0.040000 -0.020000 0.000000 0.020000 0.040000 0.060000 0.080000 0.100000 0.120000 0.140000 0.160000 0.180000 0.200000 0.220000 0.240000 0.260000 0.280000 0.300000 0.320000 0.340000 0.360000 0.380000 0.400000 0.420000 0.440000 0.460000 0.480000 0.500000 0.520000 0.540000 0.560000 0.580000 0.600000 0.620000 0.640000 0.660000 0.680000 0.700000 0.720000 0.740000 0.760000 0.780000 0.800000 0.820000 0.840000 0.860000 0.880000 0.900000 0.920000 0.940000 0.960000 0.980000 1.000000
0 0 0 0 0 0 0 0 0 0 0 0 0 0 0 0 0 0 0 0 0 0 0 0 0 1 1 6 3 10 8 15 16 41 35 61 66 104 151 167 217 291 318 362 434 497 516 533 584 574 597 556 580 521 479 437 353 316 296 205 144 145 99 86 58 34 29 17 11 10 10 2 0 1 3 0 0 0 0 0 0 0 0 0 0 0 0 0 0 0 0 0 0 0 0 0 0 0 0 0
-1.000000 -0.980000 -0.960000 -0.940000 -0.920000 -0.900000 -0.880000 -0.860000 -0.840000 -0.820000 -0.800000 -0.780000 -0.760000 -0.740000 -0.720000 -0.700000 -0.680000 -0.660000 -0.640000 -0.620000 -0.600000 -0.580000 -0.560000 -0.540000 -0.520000 -0.500000 -0.480000 -0.460000 -0.440000 -0.420000 -0.400000 -0.380000 -0.360000 -0.340000 -0.320000 -0.300000 -0.280000 -0.260000 -0.240000 -0.220000 -0.200000 -0.180000 -0.160000 -0.140000 -0.120000 -0.100000 -0.080000 -0.060000 -0.040000 -0.020000 0.000000 0.020000 0.040000 0.060000 0.080000 0.100000 0.120000 0.140000 0.160000 0.180000 0.200000 0.220000 0.240000 0.260000 0.280000 0.300000 0.320000 0.340000 0.360000 0.380000 0.400000 0.420000 0.440000 0.460000 0.480000 0.500000 0.520000 0.540000 0.560000 0.580000 0.600000 0.620000 0.640000 0.660000 0.680000 0.700000 0.720000 0.740000 0.760000 0.780000 0.800000 0.820000 0.840000 0.860000 0.880000 0.900000 0.920000 0.940000 0.960000 0.980000 1.000000
0 0 0 0 0 0 0 0 0 0 0 0 0 0 0 0 0 0 0 0 0 0 0 2 0 0 5 6 4 9 13 19 23 39 51 79 81 131 144 187 222 297 318 378 409 458 486 593 573 549 535 567 549 461 458 414 355 320 274 208 190 167 103 93 60 61 39 19 18 10 11 7 0 1 2 1 1 0 0 0 0 0 0 0 0 0 0 0 0 0 0 0 0 0 0 0 0 0 0 0
-1.000000 -0.980000 -0.960000 -0.940000 -0.920000 -0.900000 -0.880000 -0.860000 -0.840000 -0.820000 -0.800000 -0.780000 -0.760000 -0.740000 -0.720000 -0.700000 -0.680000 -0.660000 -0.640000 -0.620000 -0.600000 -0.580000 -0.560000 -0.540000 -0.520000 -0.500000 -0.480000 -0.460000 -0.440000 -0.420000 -0.400000 -0.380000 -0.360000 -0.340000 -0.320000 -0.300000 -0.280000 -0.260000 -0.240000 -0.220000 -0.200000 -0.180000 -0.160000 -0.140000 -0.120000 -0.100000 -0.080000 -0.060000 -0.040000 -0.020000 0.000000 0.020000 0.040000 0.060000 0.080000 0.100000 0.120000 0.140000 0.160000 0.180000 0.200000 0.220000 0.240000 0.260000 0.280000 0.300000 0.320000 0.340000 0.360000 0.380000 0.400000 0.420000 0.440000 0.460000 0.480000 0.500000 0.520000 0.540000 0.560000 0.580000 0.600000 0.620000 0.640000 0.660000 0.680000 0.700000 0.720000 0.740000 0.760000 0.780000 0.800000 0.820000 0.840000 0.860000 0.880000 0.900000 0.920000 0.940000 0.960000 0.980000 1.000000
0 0 0 0 0 0 0 0 0 0 0 0 0 0 0 0 0 0 0 0 0 1 1 1 1 0 3 7 12 17 18 29 35 41 67 79 95 142 156 196 231 301 306 373 402 459 469 516 533 570 511 533 501 480 449 415 322 340 286 218 190 169 135 95 82 69 46 36 15 19 11 4 2 4 3 3 0 0 1 0 0 0 0 0 0 0 0 0 0 0 0 0 0 0 0 0 0 0 0 0
-1.000000 -0.980000 -0.960000 -0.940000 -0.920000 -0.900000 -0.880000 -0.860000 -0.840000 -0.820000 -0.800000 -0.780000 -0.760000 -0.740000 -0.720000 -0.700000 -0.680000 -0.660000 -0.640000 -0.620000 -0.600000 -0.580000 -0.560000 -0.540000 -0.520000 -0.500000 -0.480000 -0.460000 -0.440000 -0.420000 -0.400000 -0.380000 -0.360000 -0.340000 -0.320000 -0.300000 -0.280000 -0.260000 -0.240000 -0.220000 -0.200000 -0.180000 -0.160000 -0.140000 -0.120000 -0.100000 -0.080000 -0.060000 -0.040000 -0.020000 0.000000 0.020000 0.040000 0.060000 0.080000 0.100000 0.120000 0.140000 0.160000 0.180000 0.200000 0.220000 0.240000 0.260000 0.280000 0.300000 0.320000 0.340000 0.360000 0.380000 0.400000 0.420000 0.440000 0.460000 0.480000 0.500000 0.520000 0.540000 0.560000 0.580000 0.600000 0.620000 0.640000 0.660000 0.680000 0.700000 0.720000 0.740000 0.760000 0.780000 0.800000 0.820000 0.840000 0.860000 0.880000 0.900000 0.920000 0.940000 0.960000 0.980000 1.000000
0 0 0 0 0 0 0 0 0 0 0 0 0 0 0 0 0 0 0 0 2 0 3 0 1 2 11 4 16 19 28 36 30 46 87 73 113 129 178 223 236 286 320 361 386 431 464 490 528 533 499 536 496 436 459 392 352 315 267 266 204 153 139 123 82 68 53 39 27 20 12 7 6 3 2 3 4 1 0 0 0 0 0 0 0 0 0 0 0 0 0 0 0 0 0 0 0 0 0 0
-1.000000 -0.980000 -0.960000 -0.940000 -0.920000 -0.900000 -0.880000 -0.860000 -0.840000 -0.820000 -0.800000 -0.780000 -0.760000 -0.740000 -0.720000 -0.700000 -0.680000 -0.660000 -0.640000 -0.620000 -0.600000 -0.580000 -0.560000 -0.540000 -0.520000 -0.500000 -0.480000 -0.460000 -0.440000 -0.420000 -0.400000 -0.380000 -0.360000 -0.340000 -0.320000 -0.300000 -0.280000 -0.260000 -0.240000 -0.220000 -0.200000 -0.180000 -0.160000 -0.140000 -0.120000 -0.100000 -0.080000 -0.060000 -0.040000 -0.020000 0.000000 0.020000 0.040000 0.060000 0.080000 0.100000 0.120000 0.140000 0.160000 0.180000 0.200000 0.220000 0.240000 0.260000 0.280000 0.300000 0.320000 0.340000 0.360000 0.380000 0.400000 0.420000 0.440000 0.460000 0.480000 0.500000 0.520000 0.540000 0.560000 0.580000 0.600000 0.620000 0.640000 0.660000 0.680000 0.700000 0.720000 0.740000 0.760000 0.780000 0.800000 0.820000 0.840000 0.860000 0.880000 0.900000 0.920000 0.940000 0.960000 0.980000 1.000000
0 0 0 0 0 0 0 0 0 0 0 0 0 0 0 0 1 0 1 1 0 1 1 2 3 3 4 17 17 29 26 35 47 56 66 116 139 166 163 220 257 262 320 362 382 430 431 466 478 510 479 487 504 476 414 420 321 318 294 244 202 175 137 126 96 75 61 50 27 20 19 15 5 8 8 4 2 0 0 1 0 0 0 0 0 0 0 0 0 0 0 0 0 0 0 0 0 0 0 0
-1.000000 -0.980000 -0.960000 -0.940000 -0.920000 -0.900000 -0.880000 -0.860000 -0.840000 -0.820000 -0.800000 -0.780000 -0.760000 -0.740000 -0.720000 -0.700000 -0.680000 -0.660000 -0.640000 -0.620000 -0.600000 -0.580000 -0.560000 -0.540000 -0.520000 -0.500000 -0.480000 -0.460000 -0.440000 -0.420000 -0.400000 -0.380000 -0.360000 -0.340000 -0.320000 -0.300000 -0.280000 -0.260000 -0.240000 -0.220000 -0.200000 -0.180000 -0.160000 -0.140000 -0.120000 -0.100000 -0.080000 -0.060000 -0.040000 -0.020000 0.000000 0.020000 0.040000 0.060000 0.080000 0.100000 0.120000 0.140000 0.160000 0.180000 0.200000 0.220000 0.240000 0.260000 0.280000 0.300000 0.320000 0.340000 0.360000 0.380000 0.400000 0.420000 0.440000 0.460000 0.480000 0.500000 0.520000 0.540000 0.560000 0.580000 0.600000 0.620000 0.640000 0.660000 0.680000 0.700000 0.720000 0.740000 0.760000 0.780000 0.800000 0.820000 0.840000 0.860000 0.880000 0.900000 0.920000 0.940000 0.960000 0.980000 1.000000
0 0 0 0 0 0 0 0 0 0 0 0 0 0 0 1 0 0 1 1 3 0 3 2 3 8 9 12 20 17 27 51 55 77 101 111 130 171 190 234 254 288 296 374 366 417 418 478 433 503 416 499 453 447 446 387 358 302 273 215 213 183 157 125 110 87 68 52 48 31 22 14 14 11 2 5 2 4 1 1 0 0 0 0 0 0 0 0 0 0 0 0 0 0 0 0 0 0 0 0
-1.000000 -0.980000 -0.960000 -0.940000 -0.920000 -0.900000 -0.880000 -0.860000 -0.840000 -0.820000 -0.800000 -0.780000 -0.760000 -0.740000 -0.720000 -0.700000 -0.680000 -0.660000 -0.640000 -0.620000 -0.600000 -0.580000 -0.560000 -0.540000 -0.520000 -0.500000 -0.480000 -0.460000 -0.440000 -0.420000 -0.400000 -0.380000 -0.360000 -0.340000 -0.320000 -0.300000 -0.280000 -0.260000 -0.240000 -0.220000 -0.200000 -0.180000 -0.160000 -0.140000 -0.120000 -0.100000 -0.080000 -0.060000 -0.040000 -0.020000 0.000000 0.020000 0.040000 0.060000 0.080000 0.100000 0.120000 0.140000 0.160000 0.180000 0.200000 0.220000 0.240000 0.260000 0.280000 0.300000 0.320000 0.340000 0.360000 0.380000 0.400000 0.420000 0.440000 0.460000 0.480000 0.500000 0.520000 0.540000 0.560000 0.580000 0.600000 0.620000 0.640000 0.660000 0.680000 0.700000 0.720000 0.740000 0.760000 0.780000 0.800000 0.820000 0.840000 0.860000 0.880000 0.900000 0.920000 0.940000 0.960000 0.980000 1.000000
0 0 0 0 0 0 0 0 0 0 0 0 0 0 0 2 0 1 1 0 0 5 3 3 5 9 15 14 12 38 38 50 55 87 100 123 161 167 181 222 257 281 332 392 337 390 424 446 453 451 462 439 463 409 401 410 323 312 268 243 229 195 153 121 112 103 65 47 50 34 27 30 14 14 9 4 2 0 3 2 0 1 0 0 0 0 0 0 0 0 0 0 0 0 0 0 0 0 0 0
-1.000000 -0.980000 -0.960000 -0.940000 -0.920000 -0.900000 -0.880000 -0.860000 -0.840000 -0.820000 -0.800000 -0.780000 -0.760000 -0.740000 -0.720000 -0.700000 -0.680000 -0.660000 -0.640000 -0.620000 -0.600000 -0.580000 -0.560000 -0.540000 -0.520000 -0.500000 -0.480000 -0.460000 -0.440000 -0.420000 -0.400000 -0.380000 -0.360000 -0.340000 -0.320000 -0.300000 -0.280000 -0.260000 -0.240000 -0.220000 -0.200000 -0.180000 -0.160000 -0.140000 -0.120000 -0.100000 -0.080000 -0.060000 -0.040000 -0.020000 0.000000 0.020000 0.040000 0.060000 0.080000 0.100000 0.120000 0.140000 0.160000 0.180000 0.200000 0.220000 0.240000 0.260000 0.280000 0.300000 0.320000 0.340000 0.360000 0.380000 0.400000 0.420000 0.440000 0.460000 0.480000 0.500000 0.520000 0.540000 0.560000 0.580000 0.600000 0.620000 0.640000 0.660000 0.680000 0.700000 0.720000 0.740000 0.760000 0.780000 0.800000 0.820000 0.840000 0.860000 0.880000 0.900000 0.920000 0.940000 0.960000 0.980000 1.000000
0 0 0 0 0 0 0 0 0 0 0 0 0 1 0 0 2 0 2 2 1 3 6 2 11 9 26 18 21 33 42 50 57 77 129 140 161 177 188 230 268 266 337 347 367 379 406 440 428 440 457 412 431 452 397 354 319 327 285 242 233 181 150 133 103 108 69 58 59 41 34 24 21 5 18 8 4 3 1 1 2 1 1 0 0 0 0 0 0 0 0 0 0 0 0 0 0 0 0 0
-1.000000 -0.980000 -0.960000 -0.940000 -0.920000 -0.900000 -0.880000 -0.860000 -0.840000 -0.820000 -0.800000 -0.780000 -0.760000 -0.740000 -0.720000 -0.700000 -0.680000 -0.660000 -0.640000 -0.620000 -0.600000 -0.580000 -0.560000 -0.540000 -0.520000 -0.500000 -0.480000 -0.460000 -0.440000 -0.420000 -0.400000 -0.380000 -0.360000 -0.340000 -0.320000 -0.300000 -0.280000 -0.260000 -0.240000 -0.220000 -0.200000 -0.180000 -0.160000 -0.140000 -0.120000 -0.100000 -0.080000 -0.060000 -0.040000 -0.020000 0.000000 0.020000 0.040000 0.060000 0.080000 0.100000 0.120000 0.140000 0.160000 0.180000 0.200000 0.220000 0.240000 0.260000 0.280000 0.300000 0.320000 0.340000 0.360000 0.380000 0.400000 0.420000 0.440000 0.460000 0.480000 0.500000 0.520000 0.540000 0.560000 0.580000 0.600000 0.620000 0.640000 0.660000 0.680000 0.700000 0.720000 0.740000 0.760000 0.780000 0.800000 0.820000 0.840000 0.860000 0.880000 0.900000 0.920000 0.940000 0.960000 0.980000 1.000000
0 0 0 0 0 0 0 0 0 0 0 0 1 0 0 1 1 1 3 2 3 2 5 5 10 17 22 23 30 37 41 40 85 98 124 135 157 198 189 204 277 295 297 345 348 396 378 438 430 428 437 423 409 387 388 351 340 324 274 282 220 181 176 136 117 95 85 58 53 58 39 25 18 16 15 8 6 4 3 1 2 0 1 1 1 0 0 0 0 0 0 0 0 0 0 0 0 0 0 0
-1.000000 -0.980000 -0.960000 -0.940000 -0.920000 -0.900000 -0.880000 -0.860000 -0.840000 -0.820000 -0.800000 -0.780000 -0.760000 -0.740000 -0.720000 -0.700000 -0.680000 -0.660000 -0.640000 -0.620000 -0.600000 -0.580000 -0.560000 -0.540000 -0.520000 -0.500000 -0.480000 -0.460000 -0.440000 -0.420000 -0.400000 -0.380000 -0.360000 -0.340000 -0.320000 -0.300000 -0.280000 -0.260000 -0.240000 -0.220000 -0.200000 -0.180000 -0.160000 -0.140000 -0.120000 -0.100000 -0.080000 -0.060000 -0.040000 -0.020000 0.000000 0.020000 0.040000 0.060000 0.080000 0.100000 0.120000 0.140000 0.160000 0.180000 0.200000 0.220000 0.240000 0.260000 0.280000 0.300000 0.320000 0.340000 0.360000 0.380000 0.400000 0.420000 0.440000 0.460000 0.480000 0.500000 0.520000 0.540000 0.560000 0.580000 0.600000 0.620000 0.640000 0.660000 0.680000 0.700000 0.720000 0.740000 0.760000 0.780000 0.800000 0.820000 0.840000 0.860000 0.880000 0.900000 0.920000 0.940000 0.960000 0.980000 1.000000
0 0 0 0 0 0 0 0 0 0 0 0 2 0 0 1 2 0 0 2 5 5 7 11 14 12 18 25 33 47 44 67 82 89 115 139 174 184 193 223 276 282 323 310 355 385 389 403 424 406 426 419 445 366 379 349 332 301 280 269 221 200 156 146 115 105 101 73 66 52 37 29 19 16 11 12 7 10 4 2 3 1 0 0 0 1 0 0 0 0 0 0 0 0 0 0 0 0 0 0
-1.000000 -0.980000 -0.960000 -0.940000 -0.920000 -0.900000 -0.880000 -0.860000 -0.840000 -0.820000 -0.800000 -0.780000 -0.760000 -0.740000 -0.720000 -0.700000 -0.680000 -0.660000 -0.640000 -0.620000 -0.600000 -0.580000 -0.560000 -0.540000 -0.520000 -0.500000 -0.480000 -0.460000 -0.440000 -0.420000 -0.400000 -0.380000 -0.360000 -0.340000 -0.320000 -0.300000 -0.280000 -0.260000 -0.240000 -0.220000 -0.200000 -0.180000 -0.160000 -0.140000 -0.120000 -0.100000 -0.080000 -0.060000 -0.040000 -0.020000 0.000000 0.020000 0.040000 0.060000 0.080000 0.100000 0.120000 0.140000 0.160000 0.180000 0.200000 0.220000 0.240000 0.260000 0.280000 0.300000 0.320000 0.340000 0.360000 0.380000 0.400000 0.420000 0.440000 0.460000 0.480000 0.500000 0.520000 0.540000 0.560000 0.580000 0.600000 0.620000 0.640000 0.660000 0.680000 0.700000 0.720000 0.740000 0.760000 0.780000 0.800000 0.820000 0.840000 0.860000 0.880000 0.900000 0.920000 0.940000 0.960000 0.980000 1.000000
0 0 0 0 0 0 0 0 0 0 0 2 0 0 1 1 0 0 3 4 6 9 6 9 17 18 26 26 26 54 53 71 74 103 121 149 160 192 225 231 277 271 318 312 343 336 362 402 416 443 412 407 414 377 358 396 318 293 253 242 228 217 158 134 106 122 112 96 67 47 27 24 32 29 16 14 6 6 5 8 4 1 2 0 0 1 1 0 0 0 0 0 0 0 0 0 0 0 0 0
-1.000000 -0.980000 -0.960000 -0.940000 -0.920000 -0.900000 -0.880000 -0.860000 -0.840000 -0.820000 -0.800000 -0.780000 -0.760000 -0.740000 -0.720000 -0.700000 -0.680000 -0.660000 -0.640000 -0.620000 -0.600000 -0.580000 -0.560000 -0.540000 -0.520000 -0.500000 -0.480000 -0.460000 -0.440000 -0.420000 -0.400000 -0.380000 -0.360000 -0.340000 -0.320000 -0.300000 -0.280000 -0.260000 -0.240000 -0.220000 -0.200000 -0.180000 -0.160000 -0.140000 -0.120000 -0.100000 -0.080000 -0.060000 -0.040000 -0.020000 0.000000 0.020000 0.040000 0.060000 0.080000 0.100000 0.120000 0.140000 0.160000 0.180000 0.200000 0.220000 0.240000 0.260000 0.280000 0.300000 0.320000 0.340000 0.360000 0.380000 0.400000 0.420000 0.440000 0.460000 0.480000 0.500000 0.520000 0.540000 0.560000 0.580000 0.600000 0.620000 0.640000 0.660000 0.680000 0.700000 0.720000 0.740000 0.760000 0.780000 0.800000 0.820000 0.840000 0.860000 0.880000 0.900000 0.920000 0.940000 0.960000 0.980000 1.000000
0 0 0 0 0 0 0 1 0 0 0 1 0 0 1 2 0 3 6 4 2 8 9 14 19 15 29 30 35 43 73 78 87 96 129 151 169 195 202 256 266 261 324 342 294 334 383 378 412 409 397 406 401 388 367 353 337 299 268 232 220 208 154 161 137 112 89 77 80 46 41 23 29 26 24 18 12 7 5 9 2 5 2 2 0 1 0 1 0 0 0 0 0 0 0 0 0 0 0 0
-1.000000 -0.980000 -0.960000 -0.940000 -0.920000 -0.900000 -0.880000 -0.860000 -0.840000 -0.820000 -0.800000 -0.780000 -0.760000 -0.740000 -0.720000 -0.700000 -0.680000 -0.660000 -0.640000 -0.620000 -0.600000 -0.580000 -0.560000 -0.540000 -0.520000 -0.500000 -0.480000 -0.460000 -0.440000 -0.420000 -0.400000 -0.380000 -0.360000 -0.340000 -0.320000 -0.300000 -0.280000 -0.260000 -0.240000 -0.220000 -0.200000 -0.180000 -0.160000 -0.140000 -0.120000 -0.100000 -0.080000 -0.060000 -0.040000 -0.020000 0.000000 0.020000 0.040000 0.060000 0.080000 0.100000 0.120000 0.140000 0.160000 0.180000 0.200000 0.220000 0.240000 0.260000 0.280000 0.300000 0.320000 0.340000 0.360000 0.380000 0.400000 0.420000 0.440000 0.460000 0.480000 0.500000 0.520000 0.540000 0.560000 0.580000 0.600000 0.620000 0.640000 0.660000 0.680000 0.700000 0.720000 0.740000 0.760000 0.780000 0.800000 0.820000 0.840000 0.860000 0.880000 0.900000 0.920000 0.940000 0.960000 0.980000 1.000000
0 0 0 0 0 0 1 0 0 0 0 0 0 0 4 1 3 2 3 2 9 14 9 16 9 18 29 38 44 64 71 78 101 91 130 138 183 190 221 255 266 273 278 314 351 340 342 368 377 410 377 411 391 426 342 358 335 295 272 238 198 197 166 160 143 103 103 85 69 53 51 43 25 26 21 17 8 9 7 3 7 7 4 1 3 2 0 1 0 0 0 0 0 0 0 0 0 0 0 0
-1.000000 -0.980000 -0.960000 -0.940000 -0.920000 -0.900000 -0.880000 -0.860000 -0.840000 -0.820000 -0.800000 -0.780000 -0.760000 -0.740000 -0.720000 -0.700000 -0.680000 -0.660000 -0.640000 -0.620000 -0.600000 -0.580000 -0.560000 -0.540000 -0.520000 -0.500000 -0.480000 -0.460000 -0.440000 -0.420000 -0.400000 -0.380000 -0.360000 -0.340000 -0.320000 -0.300000 -0.280000 -0.260000 -0.240000 -0.220000 -0.200000 -0.180000 -0.160000 -0.140000 -0.120000 -0.100000 -0.080000 -0.060000 -0.040000 -0.020000 0.000000 0.020000 0.040000 0.060000 0.080000 0.100000 0.120000 0.140000 0.160000 0.180000 0.200000 0.220000 0.240000 0.260000 0.280000 0.300000 0.320000 0.340000 0.360000 0.380000 0.400000 0.420000 0.440000 0.460000 0.480000 0.500000 0.520000 0.540000 0.560000 0.580000 0.600000 0.620000 0.640000 0.660000 0.680000 0.700000 0.720000 0.740000 0.760000 0.780000 0.800000 0.820000 0.840000 0.860000 0.880000 0.900000 0.920000 0.940000 0.960000 0.980000 1.000000
0 0 0 0 0 1 0 0 0 0 1 0 1 1 3 0 2 3 4 3 7 8 14 16 20 22 44 41 40 58 72 75 105 130 126 155 173 171 208 260 256 265 276 300 336 348 347 364 378 410 392 393 406 354 383 343 287 305 296 230 214 180 186 153 166 115 92 91 63 64 40 52 27 30 16 19 8 9 9 11 9 1 1 3 2 3 1 1 1 0 0 0 0 0 0 0 0 0 0 0
-1.000000 -0.980000 -0.960000 -0.940000 -0.920000 -0.900000 -0.880000 -0.860000 -0.840000 -0.820000 -0.800000 -0.780000 -0.760000 -0.740000 -0.720000 -0.700000 -0.680000 -0.660000 -0.640000 -0.620000 -0.600000 -0.580000 -0.560000 -0.540000 -0.520000 -0.500000 -0.480000 -0.460000 -0.440000 -0.420000 -0.400000 -0.380000 -0.360000 -0.340000 -0.320000 -0.300000 -0.280000 -0.260000 -0.240000 -0.220000 -0.200000 -0.180000 -0.160000 -0.140000 -0.120000 -0.100000 -0.080000 -0.060000 -0.040000 -0.020000 0.000000 0.020000 0.040000 0.060000 0.080000 0.100000 0.120000 0.140000 0.160000 0.180000 0.200000 0.220000 0.240000 0.260000 0.280000 0.300000 0.320000 0.340000 0.360000 0.380000 0.400000 0.420000 0.440000 0.460000 0.480000 0.500000 0.520000 0.540000 0.560000 0.580000 0.600000 0.620000 0.640000 0.660000 0.680000 0.700000 0.720000 0.740000 0.760000 0.780000 0.800000 0.820000 0.840000 0.860000 0.880000 0.900000 0.920000 0.940000 0.960000 0.980000 1.000000
0 0 0 0 0 0 0 1 1 0 0 0 0 0 2 2 2 0 8 5 10 9 18 14 19 21 41 37 45 69 80 101 104 117 138 167 165 211 222 227 244 253 297 315 302 339 355 351 365 371 395 385 373 381 348 327 317 301 276 259 201 201 177 165 126 122 99 95 91 49 62 48 40 22 24 15 12 13 11 8 7 5 3 5 4 1 1 1 0 1 0 1 0 0 0 0 0 0 0 0
-1.000000 -0.980000 -0.960000 -0.940000 -0.920000 -0.900000 -0.880000 -0.860000 -0.840000 -0.820000 -0.800000 -0.780000 -0.760000 -0.740000 -0.720000 -0.700000 -0.680000 -0.660000 -0.640000 -0.620000 -0.600000 -0.580000 -0.560000 -0.540000 -0.520000 -0.500000 -0.480000 -0.460000 -0.440000 -0.420000 -0.400000 -0.380000 -0.360000 -0.340000 -0.320000 -0.300000 -0.280000 -0.260000 -0.240000 -0.220000 -0.200000 -0.180000 -0.160000 -0.140000 -0.120000 -0.100000 -0.080000 -0.060000 -0.040000 -0.020000 0.000000 0.020000 0.040000 0.060000 0.080000 0.100000 0.120000 0.140000 0.160000 0.180000 0.200000 0.220000 0.240000 0.260000 0.280000 0.300000 0.320000 0.340000 0.360000 0.380000 0.400000 0.420000 0.440000 0.460000 0.480000 0.500000 0.520000 0.540000 0.560000 0.580000 0.600000 0.620000 0.640000 0.660000 0.680000 0.700000 0.720000 0.740000 0.760000 0.780000 0.800000 0.820000 0.840000 0.860000 0.880000 0.900000 0.920000 0.940000 0.960000 0.980000 1.000000
0 0 0 0 0 1 0 1 0 1 0 0 0 0 2 3 4 1 8 6 10 13 16 23 23 35 34 37 46 62 76 121 111 111 126 162 219 179 211 223 257 289 280 292 306 343 360 349 368 357 361 369 400 324 328 349 300 317 241 231 231 201 193 167 149 119 110 97 77 78 59 58 23 33 25 10 17 18 12 5 6 3 4 4 4 4 3 2 0 0 0 1 0 1 0 0 0 0 0 0
-1.000000 -0.980000 -0.960000 -0.940000 -0.920000 -0.900000 -0.880000 -0.860000 -0.840000 -0.820000 -0.800000 -0.780000 -0.760000 -0.740000 -0.720000 -0.700000 -0.680000 -0.660000 -0.640000 -0.620000 -0.600000 -0.580000 -0.560000 -0.540000 -0.520000 -0.500000 -0.480000 -0.460000 -0.440000 -0.420000 -0.400000 -0.380000 -0.360000 -0.340000 -0.320000 -0.300000 -0.280000 -0.260000 -0.240000 -0.220000 -0.200000 -0.180000 -0.160000 -0.140000 -0.120000 -0.100000 -0.080000 -0.060000 -0.040000 -0.020000 0.000000 0.020000 0.040000 0.060000 0.080000 0.100000 0.120000 0.140000 0.160000 0.180000 0.200000 0.220000 0.240000 0.260000 0.280000 0.300000 0.320000 0.340000 0.360000 0.380000 0.400000 0.420000 0.440000 0.460000 0.480000 0.500000 0.520000 0.540000 0.560000 0.580000 0.600000 0.620000 0.640000 0.660000 0.680000 0.700000 0.720000 0.740000 0.760000 0.780000 0.800000 0.820000 0.840000 0.860000 0.880000 0.900000 0.920000 0.940000 0.960000 0.980000 1.000000
0 0 1 0 1 0 0 0 0 0 2 1 0 2 2 2 5 5 4 4 14 11 24 19 34 28 42 54 49 76 71 96 115 131 133 149 195 209 209 235 254 238 283 312 323 319 345 360 353 365 354 368 357 330 349 331 305 275 273 232 248 196 184 158 139 148 104 96 97 73 50 58 35 32 26 18 18 21 8 8 3 4 5 7 2 2 3 4 3 0 0 0 0 0 1 0 0 0 0 0
-1.000000 -0.980000 -0.960000 -0.940000 -0.920000 -0.900000 -0.880000 -0.860000 -0.840000 -0.820000 -0.800000 -0.780000 -0.760000 -0.740000 -0.720000 -0.700000 -0.680000 -0.660000 -0.640000 -0.620000 -0.600000 -0.580000 -0.560000 -0.540000 -0.520000 -0.500000 -0.480000 -0.460000 -0.440000 -0.420000 -0.400000 -0.380000 -0.360000 -0.340000 -0.320000 -0.300000 -0.280000 -0.260000 -0.240000 -0.220000 -0.200000 -0.180000 -0.160000 -0.140000 -0.120000 -0.100000 -0.080000 -0.060000 -0.040000 -0.020000 0.000000 0.020000 0.040000 0.060000 0.080000 0.100000 0.120000 0.140000 0.160000 0.180000 0.200000 0.220000 0.240000 0.260000 0.280000 0.300000 0.320000 0.340000 0.360000 0.380000 0.400000 0.420000 0.440000 0.460000 0.480000 0.500000 0.520000 0.540000 0.560000 0.580000 0.600000 0.620000 0.640000 0.660000 0.680000 0.700000 0.720000 0.740000 0.760000 0.780000 0.800000 0.820000 0.840000 0.860000 0.880000 0.900000 0.920000 0.940000 0.960000 0.980000 1.000000
0 0 0 1 0 0 0 0 1 0 2 0 1 1 2 5 2 3 6 11 6 21 25 20 31 39 39 54 63 66 80 95 110 142 129 163 187 219 220 240 229 244 276 285 337 313 337 353 356 357 361 367 332 350 320 306 281 274 282 246 227 206 197 165 148 116 131 104 84 90 64 62 46 35 24 19 16 17 10 8 8 6 7 3 2 1 4 3 3 0 1 1 0 0 0 0 1 0 0 1
-1.000000 -0.980000 -0.960000 -0.940000 -0.920000 -0.900000 -0.880000 -0.860000 -0.840000 -0.820000 -0.800000 -0.780000 -0.760000 -0.740000 -0.720000 -0.700000 -0.680000 -0.660000 -0.640000 -0.620000 -0.600000 -0.580000 -0.560000 -0.540000 -0.520000 -0.500000 -0.480000 -0.460000 -0.440000 -0.420000 -0.400000 -0.380000 -0.360000 -0.340000 -0.320000 -0.300000 -0.280000 -0.260000 -0.240000 -0.220000 -0.200000 -0.180000 -0.160000 -0.140000 -0.120000 -0.100000 -0.080000 -0.060000 -0.040000 -0.020000 0.000000 0.020000 0.040000 0.060000 0.080000 0.100000 0.120000 0.140000 0.160000 0.180000 0.200000 0.220000 0.240000 0.260000 0.280000 0.300000 0.320000 0.340000 0.360000 0.380000 0.400000 0.420000 0.440000 0.460000 0.480000 0.500000 0.520000 0.540000 0.560000 0.580000 0.600000 0.620000 0.640000 0.660000 0.680000 0.700000 0.720000 0.740000 0.760000 0.780000 0.800000 0.820000 0.840000 0.860000 0.880000 0.900000 0.920000 0.940000 0.960000 0.980000 1.000000
0 1 1 0 0 0 0 1 0 1 1 0 4 1 0 4 6 6 9 6 17 23 20 20 37 32 39 57 49 69 91 119 120 125 158 156 194 187 219 230 234 280 281 272 312 307 330 332 334 357 364 328 365 347 299 324 309 239 265 264 222 217 180 174 162 141 106 115 84 76 64 62 50 33 31 30 14 22 13 10 9 7 5 6 4 6 4 0 1 1 1 2 0 2 0 0 0 0 0 0
-1.000000 -0.980000 -0.960000 -0.940000 -0.920000 -0.900000 -0.880000 -0.860000 -0.840000 -0.820000 -0.800000 -0.780000 -0.760000 -0.740000 -0.720000 -0.700000 -0.680000 -0.660000 -0.640000 -0.620000 -0.600000 -0.580000 -0.560000 -0.540000 -0.520000 -0.500000 -0.480000 -0.460000 -0.440000 -0.420000 -0.400000 -0.380000 -0.360000 -0.340000 -0.320000 -0.300000 -0.280000 -0.260000 -0.240000 -0.220000 -0.200000 -0.180000 -0.160000 -0.140000 -0.120000 -0.100000 -0.080000 -0.060000 -0.040000 -0.020000 0.000000 0.020000 0.040000 0.060000 0.080000 0.100000 0.120000 0.140000 0.160000 0.180000 0.200000 0.220000 0.240000 0.260000 0.280000 0.300000 0.320000 0.340000 0.360000 0.380000 0.400000 0.420000 0.440000 0.460000 0.480000 0.500000 0.520000 0.540000 0.560000 0.580000 0.600000 0.620000 0.640000 0.660000 0.680000 0.700000 0.720000 0.740000 0.760000 0.780000 0.800000 0.820000 0.840000 0.860000 0.880000 0.900000 0.920000 0.940000 0.960000 0.980000 1.000000
0 0 2 0 0 0 2 0 0 0 0 3 2 1 3 7 9 7 7 9 16 25 24 30 33 26 35 49 69 86 99 99 143 141 150 163 158 208 234 236 227 238 285 265 290 322 335 316 321 385 364 343 340 333 313 279 283 286 268 267 203 193 190 173 176 139 116 92 87 96 62 76 45 34 26 34 19 20 15 11 10 7 7 9 5 4 4 3 2 1 1 1 1 1 0 0 1 0 0 0
-1.000000 -0.980000 -0.960000 -0.940000 -0.920000 -0.900000 -0.880000 -0.860000 -0.840000 -0.820000 -0.800000 -0.780000 -0.760000 -0.740000 -0.720000 -0.700000 -0.680000 -0.660000 -0.640000 -0.620000 -0.600000 -0.580000 -0.560000 -0.540000 -0.520000 -0.500000 -0.480000 -0.460000 -0.440000 -0.420000 -0.400000 -0.380000 -0.360000 -0.340000 -0.320000 -0.300000 -0.280000 -0.260000 -0.240000 -0.220000 -0.200000 -0.180000 -0.160000 -0.140000 -0.120000 -0.100000 -0.080000 -0.060000 -0.040000 -0.020000 0.000000 0.020000 0.040000 0.060000 0.080000 0.100000 0.120000 0.140000 0.160000 0.180000 0.200000 0.220000 0.240000 0.260000 0.280000 0.300000 0.320000 0.340000 0.360000 0.380000 0.400000 0.420000 0.440000 0.460000 0.480000 0.500000 0.520000 0.540000 0.560000 0.580000 0.600000 0.620000 0.640000 0.660000 0.680000 0.700000 0.720000 0.740000 0.760000 0.780000 0.800000 0.820000 0.840000 0.860000 0.880000 0.900000 0.920000 0.940000 0.960000 0.980000 1.000000
1 0 0 0 1 0 0 2 1 1 0 1 1 6 3 5 6 6 13 9 17 26 33 17 33 39 52 50 72 80 100 115 128 120 154 194 175 208 192 227 274 238 268 285 310 300 282 328 356 310 374 346 348 305 295 305 296 321 255 230 207 183 191 176 178 135 129 105 82 78 77 58 37 37 50 30 20 19 13 12 9 14 11 8 3 5 5 3 1 4 2 1 3 0 0 0 0 0 0 0
-1.000000 -0.980000 -0.960000 -0.940000 -0.920000 -0.900000 -0.880000 -0.860000 -0.840000 -0.820000 -0.800000 -0.780000 -0.760000 -0.740000 -0.720000 -0.700000 -0.680000 -0.660000 -0.640000 -0.620000 -0.600000 -0.580000 -0.560000 -0.540000 -0.520000 -0.500000 -0.480000 -0.460000 -0.440000 -0.420000 -0.400000 -0.380000 -0.360000 -0.340000 -0.320000 -0.300000 -0.280000 -0.260000 -0.240000 -0.220000 -0.200000 -0.180000 -0.160000 -0.140000 -0.120000 -0.100000 -0.080000 -0.060000 -0.040000 -0.020000 0.000000 0.020000 0.040000 0.060000 0.080000 0.100000 0.120000 0.140000 0.160000 0.180000 0.200000 0.220000 0.240000 0.260000 0.280000 0.300000 0.320000 0.340000 0.360000 0.380000 0.400000 0.420000 0.440000 0.460000 0.480000 0.500000 0.520000 0.540000 0.560000 0.580000 0.600000 0.620000 0.640000 0.660000 0.680000 0.700000 0.720000 0.740000 0.760000 0.780000 0.800000 0.820000 0.840000 0.860000 0.880000 0.900000 0.920000 0.940000 0.960000 0.980000 1.000000
0 0 0 0 0 0 1 1 2 1 0 1 1 2 6 3 10 13 8 7 29 23 24 29 39 34 42 66 80 91 106 116 137 132 151 182 178 175 206 230 257 246 278 272 288 317 303 291 322 334 355 357 294 342 327 306 299 243 258 235 218 197 192 183 151 148 137 103 81 80 70 57 58 42 50 32 26 22 15 15 9 14 10 5 9 6 2 2 4 1 1 5 2 2 0 0 0 0 0 1
-1.000000 -0.980000 -0.960000 -0.940000 -0.920000 -0.900000 -0.880000 -0.860000 -0.840000 -0.820000 -0.800000 -0.780000 -0.760000 -0.740000 -0.720000 -0.700000 -0.680000 -0.660000 -0.640000 -0.620000 -0.600000 -0.580000 -0.560000 -0.540000 -0.520000 -0.500000 -0.480000 -0.460000 -0.440000 -0.420000 -0.400000 -0.380000 -0.360000 -0.340000 -0.320000 -0.300000 -0.280000 -0.260000 -0.240000 -0.220000 -0.200000 -0.180000 -0.160000 -0.140000 -0.120000 -0.100000 -0.080000 -0.060000 -0.040000 -0.020000 0.000000 0.020000 0.040000 0.060000 0.080000 0.100000 0.120000 0.140000 0.160000 0.180000 0.200000 0.220000 0.240000 0.260000 0.280000 0.300000 0.320000 0.340000 0.360000 0.380000 0.400000 0.420000 0.440000 0.460000 0.480000 0.500000 0.520000 0.540000 0.560000 0.580000 0.600000 0.620000 0.640000 0.660000 0.680000 0.700000 0.720000 0.740000 0.760000 0.780000 0.800000 0.820000 0.840000 0.860000 0.880000 0.900000 0.920000 0.940000 0.960000 0.980000 1.000000
0 0 0 1 0 1 0 2 2 0 2 1 2 1 2 9 11 7 15 12 17 26 34 25 32 38 64 69 96 87 100 123 120 152 157 162 171 212 207 231 232 257 248 254 291 311 294 318 280 338 383 355 330 324 324 266 286 244 245 251 227 182 181 175 152 144 119 131 89 101 79 57 57 41 43 29 31 27 11 24 8 10 13 7 6 7 8 5 3 3 2 1 0 2 1 2 0 0 0 0
-1.000000 -0.980000 -0.960000 -0.940000 -0.920000 -0.900000 -0.880000 -0.860000 -0.840000 -0.820000 -0.800000 -0.780000 -0.760000 -0.740000 -0.720000 -0.700000 -0.680000 -0.660000 -0.640000 -0.620000 -0.600000 -0.580000 -0.560000 -0.540000 -0.520000 -0.500000 -0.480000 -0.460000 -0.440000 -0.420000 -0.400000 -0.380000 -0.360000 -0.340000 -0.320000 -0.300000 -0.280000 -0.260000 -0.240000 -0.220000 -0.200000 -0.180000 -0.160000 -0.140000 -0.120000 -0.100000 -0.080000 -0.060000 -0.040000 -0.020000 0.000000 0.020000 0.040000 0.060000 0.080000 0.100000 0.120000 0.140000 0.160000 0.180000 0.200000 0.220000 0.240000 0.260000 0.280000 0.300000 0.320000 0.340000 0.360000 0.380000 0.400000 0.420000 0.440000 0.460000 0.480000 0.500000 0.520000 0.540000 0.560000 0.580000 0.600000 0.620000 0.640000 0.660000 0.680000 0.700000 0.720000 0.740000 0.760000 0.780000 0.800000 0.820000 0.840000 0.860000 0.880000 0.900000 0.920000 0.940000 0.960000 0.980000 1.000000
0 1 1 0 0 2 0 1 0 2 0 3 2 2 9 7 10 13 10 14 18 25 27 31 41 49 56 84 75 84 110 132 126 147 149 160 188 191 175 253 240 251 289 253 268 312 300 300 294 331 356 336 331 306 330 274 279 247 264 221 218 213 179 153 146 152 133 125 94 105 81 78 56 43 28 32 36 21 21 14 13 12 13 10 7 9 6 4 2 6 3 2 1 0 3 0 0 0 1 0
-1.000000 -0.980000 -0.960000 -0.940000 -0.920000 -0.900000 -0.880000 -0.860000 -0.840000 -0.820000 -0.800000 -0.780000 -0.760000 -0.740000 -0.720000 -0.700000 -0.680000 -0.660000 -0.640000 -0.620000 -0.600000 -0.580000 -0.560000 -0.540000 -0.520000 -0.500000 -0.480000 -0.460000 -0.440000 -0.420000 -0.400000 -0.380000 -0.360000 -0.340000 -0.320000 -0.300000 -0.280000 -0.260000 -0.240000 -0.220000 -0.200000 -0.180000 -0.160000 -0.140000 -0.120000 -0.100000 -0.080000 -0.060000 -0.040000 -0.020000 0.000000 0.020000 0.040000 0.060000 0.080000 0.100000 0.120000 0.140000 0.160000 0.180000 0.200000 0.220000 0.240000 0.260000 0.280000 0.300000 0.320000 0.340000 0.360000 0.380000 0.400000 0.420000 0.440000 0.460000 0.480000 0.500000 0.520000 0.540000 0.560000 0.580000 0.600000 0.620000 0.640000 0.660000 0.680000 0.700000 0.720000 0.740000 0.760000 0.780000 0.800000 0.820000 0.840000 0.860000 0.880000 0.900000 0.920000 0.940000 0.960000 0.980000 1.000000
2 0 0 1 0 2 0 1 1 2 0 1 2 7 3 14 6 14 10 13 21 26 29 33 42 55 74 85 76 87 118 96 113 141 143 174 179 209 226 217 235 281 276 269 268 271 265 305 313 348 334 337 300 322 316 269 274 258 226 247 210 193 206 175 143 134 130 130 109 87 80 81 54 54 58 28 29 30 14 16 14 11 21 9 10 8 7 5 3 3 3 2 2 2 2 0 0 0 0 0
-1.000000 -0.980000 -0.960000 -0.940000 -0.920000 -0.900000 -0.880000 -0.860000 -0.840000 -0.820000 -0.800000 -0.780000 -0.760000 -0.740000 -0.720000 -0.700000 -0.680000 -0.660000 -0.640000 -0.620000 -0.600000 -0.580000 -0.560000 -0.540000 -0.520000 -0.500000 -0.480000 -0.460000 -0.440000 -0.420000 -0.400000 -0.380000 -0.360000 -0.340000 -0.320000 -0.300000 -0.280000 -0.260000 -0.240000 -0.220000 -0.200000 -0.180000 -0.160000 -0.140000 -0.120000 -0.100000 -0.080000 -0.060000 -0.040000 -0.020000 0.000000 0.020000 0.040000 0.060000 0.080000 0.100000 0.120000 0.140000 0.160000 0.180000 0.200000 0.220000 0.240000 0.260000 0.280000 0.300000 0.320000 0.340000 0.360000 0.380000 0.400000 0.420000 0.440000 0.460000 0.480000 0.500000 0.520000 0.540000 0.560000 0.580000 0.600000 0.620000 0.640000 0.660000 0.680000 0.700000 0.720000 0.740000 0.760000 0.780000 0.800000 0.820000 0.840000 0.860000 0.880000 0.900000 0.920000 0.940000 0.960000 0.980000 1.000000
0 0 1 1 2 0 0 0 3 1 2 2 4 9 8 5 12 13 13 23 18 25 39 38 43 64 60 80 73 110 98 101 133 127 164 174 173 192 224 226 248 265 243 257 261 290 293 328 264 339 328 325 336 291 281 263 273 255 234 233 253 193 204 158 157 146 146 110 97 109 79 77 61 49 49 35 43 29 20 10 16 11 17 12 9 8 5 9 3 4 3 2 3 3 0 0 1 0 0 1
-1.000000 -0.980000 -0.960000 -0.940000 -0.920000 -0.900000 -0.880000 -0.860000 -0.840000 -0.820000 -0.800000 -0.780000 -0.760000 -0.740000 -0.720000 -0.700000 -0.680000 -0.660000 -0.640000 -0.620000 -0.600000 -0.580000 -0.560000 -0.540000 -0.520000 -0.500000 -0.480000 -0.460000 -0.440000 -0.420000 -0.400000 -0.380000 -0.360000 -0.340000 -0.320000 -0.300000 -0.280000 -0.260000 -0.240000 -0.220000 -0.200000 -0.180000 -0.160000 -0.140000 -0.120000 -0.100000 -0.080000 -0.060000 -0.040000 -0.020000 0.000000 0.020000 0.040000 0.060000 0.080000 0.100000 0.120000 0.140000 0.160000 0.180000 0.200000 0.220000 0.240000 0.260000 0.280000 0.300000 0.320000 0.340000 0.360000 0.380000 0.400000 0.420000 0.440000 0.460000 0.480000 0.500000 0.520000 0.540000 0.560000 0.580000 0.600000 0.620000 0.640000 0.660000 0.680000 0.700000 0.720000 0.740000 0.760000 0.780000 0.800000 0.820000 0.840000 0.860000 0.880000 0.900000 0.920000 0.940000 0.960000 0.980000 1.000000
1 1 0 2 0 2 1 1 0 1 5 2 4 9 6 12 8 10 22 17 24 34 38 39 50 62 67 71 82 95 109 113 118 141 155 183 165 217 212 230 225 234 248 259 283 294 292 305 279 344 327 295 313 292 280 275 281 252 210 257 221 206 174 192 157 152 131 120 110 100 84 73 67 61 50 40 36 24 32 17 15 10 9 10 11 12 5 5 3 5 4 4 3 1 0 1 0 1 0 0
-1.000000 -0.980000 -0.960000 -0.940000 -0.920000 -0.900000 -0.880000 -0.860000 -0.840000 -0.820000 -0.800000 -0.780000 -0.760000 -0.740000 -0.720000 -0.700000 -0.680000 -0.660000 -0.640000 -0.620000 -0.600000 -0.580000 -0.560000 -0.540000 -0.520000 -0.500000 -0.480000 -0.460000 -0.440000 -0.420000 -0.400000 -0.380000 -0.360000 -0.340000 -0.320000 -0.300000 -0.280000 -0.260000 -0.240000 -0.220000 -0.200000 -0.180000 -0.160000 -0.140000 -0.120000 -0.100000 -0.080000 -0.060000 -0.040000 -0.020000 0.000000 0.020000 0.040000 0.060000 0.080000 0.100000 0.120000 0.140000 0.160000 0.180000 0.200000 0.220000 0.240000 0.260000 0.280000 0.300000 0.320000 0.340000 0.360000 0.380000 0.400000 0.420000 0.440000 0.460000 0.480000 0.500000 0.520000 0.540000 0.560000 0.580000 0.600000 0.620000 0.640000 0.660000 0.680000 0.700000 0.720000 0.740000 0.760000 0.780000 0.800000 0.820000 0.840000 0.860000 0.880000 0.900000 0.920000 0.940000 0.960000 0.980000 1.000000
0 2 0 1 0 2 1 2 2 5 2 4 5 12 7 5 10 15 14 19 34 40 32 45 50 48 71 76 98 94 100 117 119 146 150 175 173 224 193 213 234 220 271 227 283 299 298 311 321 272 314 305 291 312 288 282 242 284 229 215 232 193 199 177 163 137 148 115 113 98 94 86 73 54 48 46 39 26 24 25 12 15 9 13 11 5 9 6 6 5 4 2 5 1 0 0 1 0 0 2
-1.000000 -0.980000 -0.960000 -0.940000 -0.920000 -0.900000 -0.880000 -0.860000 -0.840000 -0.820000 -0.800000 -0.780000 -0.760000 -0.740000 -0.720000 -0.700000 -0.680000 -0.660000 -0.640000 -0.620000 -0.600000 -0.580000 -0.560000 -0.540000 -0.520000 -0.500000 -0.480000 -0.460000 -0.440000 -0.420000 -0.400000 -0.380000 -0.360000 -0.340000 -0.320000 -0.300000 -0.280000 -0.260000 -0.240000 -0.220000 -0.200000 -0.180000 -0.160000 -0.140000 -0.120000 -0.100000 -0.080000 -0.060000 -0.040000 -0.020000 0.000000 0.020000 0.040000 0.060000 0.080000 0.100000 0.120000 0.140000 0.160000 0.180000 0.200000 0.220000 0.240000 0.260000 0.280000 0.300000 0.320000 0.340000 0.360000 0.380000 0.400000 0.420000 0.440000 0.460000 0.480000 0.500000 0.520000 0.540000 0.560000 0.580000 0.600000 0.620000 0.640000 0.660000 0.680000 0.700000 0.720000 0.740000 0.760000 0.780000 0.800000 0.820000 0.840000 0.860000 0.880000 0.900000 0.920000 0.940000 0.960000 0.980000 1.000000
0 0 4 1 0 3 2 1 4 1 7 9 4 4 14 7 10 16 22 17 26 31 37 50 53 53 84 93 86 76 105 114 119 162 157 150 193 203 196 217 214 233 244 285 267 289 324 294 280 324 284 283 275 289 285 257 284 270 256 227 204 185 196 167 187 145 142 126 113 98 88 89 74 61 67 36 31 28 32 23 12 8 19 14 12 10 6 9 4 2 6 5 2 1 1 2 0 0 0 0
-1.000000 -0.980000 -0.960000 -0.940000 -0.920000 -0.900000 -0.880000 -0.860000 -0.840000 -0.820000 -0.800000 -0.780000 -0.760000 -0.740000 -0.720000 -0.700000 -0.680000 -0.660000 -0.640000 -0.620000 -0.600000 -0.580000 -0.560000 -0.540000 -0.520000 -0.500000 -0.480000 -0.460000 -0.440000 -0.420000 -0.400000 -0.380000 -0.360000 -0.340000 -0.320000 -0.300000 -0.280000 -0.260000 -0.240000 -0.220000 -0.200000 -0.180000 -0.160000 -0.140000 -0.120000 -0.100000 -0.080000 -0.060000 -0.040000 -0.020000 0.000000 0.020000 0.040000 0.060000 0.080000 0.100000 0.120000 0.140000 0.160000 0.180000 0.200000 0.220000 0.240000 0.260000 0.280000 0.300000 0.320000 0.340000 0.360000 0.380000 0.400000 0.420000 0.440000 0.460000 0.480000 0.500000 0.520000 0.540000 0.560000 0.580000 0.600000 0.620000 0.640000 0.660000 0.680000 0.700000 0.720000 0.740000 0.760000 0.780000 0.800000 0.820000 0.840000 0.860000 0.880000 0.900000 0.920000 0.940000 0.960000 0.980000 1.000000
1 1 2 1 2 0 2 4 1 4 10 3 3 6 15 11 7 18 18 20 33 38 37 56 61 78 64 73 100 104 96 115 114 150 170 152 185 182 209 200 228 245 212 261 278 301 325 284 289 296 300 319 272 277 237 276 244 262 268 216 234 192 180 172 193 162 113 125 116 107 79 93 81 64 53 56 37 26 24 23 22 19 15 15 9 8 12 4 7 6 3 3 4 3 1 2 0 0 0 1
-1.000000 -0.980000 -0.960000 -0.940000 -0.920000 -0.900000 -0.880000 -0.860000 -0.840000 -0.820000 -0.800000 -0.780000 -0.760000 -0.740000 -0.720000 -0.700000 -0.680000 -0.660000 -0.640000 -0.620000 -0.600000 -0.580000 -0.560000 -0.540000 -0.520000 -0.500000 -0.480000 -0.460000 -0.440000 -0.420000 -0.400000 -0.380000 -0.360000 -0.340000 -0.320000 -0.300000 -0.280000 -0.260000 -0.240000 -0.220000 -0.200000 -0.180000 -0.160000 -0.140000 -0.120000 -0.100000 -0.080000 -0.060000 -0.040000 -0.020000 0.000000 0.020000 0.040000 0.060000 0.080000 0.100000 0.120000 0.140000 0.160000 0.180000 0.200000 0.220000 0.240000 0.260000 0.280000 0.300000 0.320000 0.340000 0.360000 0.380000 0.400000 0.420000 0.440000 0.460000 0.480000 0.500000 0.520000 0.540000 0.560000 0.580000 0.600000 0.620000 0.640000 0.660000 0.680000 0.700000 0.720000 0.740000 0.760000 0.780000 0.800000 0.820000 0.840000 0.860000 0.880000 0.900000 0.920000 0.940000 0.960000 0.980000 1.000000
2 2 1 1 0 1 3 2 4 5 4 4 10 9 9 12 10 19 19 26 37 40 41 47 66 63 71 102 85 93 101 119 138 146 158 164 160 195 203 199 225 230 246 276 285 289 272 272 278 318 314 274 273 307 245 232 235 271 241 241 243 191 204 186 151 141 143 116 100 120 93 100 71 72 62 44 35 34 30 26 23 19 24 11 14 9 7 6 7 6 2 3 4 2 1 2 1 0 0 2
-1.000000 -0.980000 -0.960000 -0.940000 -0.920000 -0.900000 -0.880000 -0.860000 -0.840000 -0.820000 -0.800000 -0.780000 -0.760000 -0.740000 -0.720000 -0.700000 -0.680000 -0.660000 -0.640000 -0.620000 -0.600000 -0.580000 -0.560000 -0.540000 -0.520000 -0.500000 -0.480000 -0.460000 -0.440000 -0.420000 -0.400000 -0.380000 -0.360000 -0.340000 -0.320000 -0.300000 -0.280000 -0.260000 -0.240000 -0.220000 -0.200000 -0.180000 -0.160000 -0.140000 -0.120000 -0.100000 -0.080000 -0.060000 -0.040000 -0.020000 0.000000 0.020000 0.040000 0.060000 0.080000 0.100000 0.120000 0.140000 0.160000 0.180000 0.200000 0.220000 0.240000 0.260000 0.280000 0.300000 0.320000 0.340000 0.360000 0.380000 0.400000 0.420000 0.440000 0.460000 0.480000 0.500000 0.520000 0.540000 0.560000 0.580000 0.600000 0.620000 0.640000 0.660000 0.680000 0.700000 0.720000 0.740000 0.760000 0.780000 0.800000 0.820000 0.840000 0.860000 0.880000 0.900000 0.920000 0.940000 0.960000 0.980000 1.000000
2 1 2 3 1 2 3 2 0 5 7 5 9 11 11 10 13 14 32 26 35 38 50 64 51 65 79 87 97 98 101 108 133 144 159 176 189 180 188 212 223 251 286 254 260 265 275 295 269 301 287 286 248 285 248 274 247 249 206 245 225 208 181 187 164 145 142 121 100 94 107 89 81 80 61 58 44 37 31 20 24 24 24 14 9 18 10 3 6 7 3 3 2 2 3 0 1 2 1 2
-1.000000 -0.980000 -0.960000 -0.940000 -0.920000 -0.900000 -0.880000 -0.860000 -0.840000 -0.820000 -0.800000 -0.780000 -0.760000 -0.740000 -0.720000 -0.700000 -0.680000 -0.660000 -0.640000 -0.620000 -0.600000 -0.580000 -0.560000 -0.540000 -0.520000 -0.500000 -0.480000 -0.460000 -0.440000 -0.420000 -0.400000 -0.380000 -0.360000 -0.340000 -0.320000 -0.300000 -0.280000 -0.260000 -0.240000 -0.220000 -0.200000 -0.180000 -0.160000 -0.140000 -0.120000 -0.100000 -0.080000 -0.060000 -0.040000 -0.020000 0.000000 0.020000 0.040000 0.060000 0.080000 0.100000 0.120000 0.140000 0.160000 0.180000 0.200000 0.220000 0.240000 0.260000 0.280000 0.300000 0.320000 0.340000 0.360000 0.380000 0.400000 0.420000 0.440000 0.460000 0.480000 0.500000 0.520000 0.540000 0.560000 0.580000 0.600000 0.620000 0.640000 0.660000 0.680000 0.700000 0.720000 0.740000 0.760000 0.780000 0.800000 0.820000 0.840000 0.860000 0.880000 0.900000 0.920000 0.940000 0.960000 0.980000 1.000000
2 1 2 1 3 1 5 3 2 1 9 8 8 6 14 14 19 16 19 28 52 39 53 50 59 75 75 100 105 102 85 119 124 129 147 170 193 179 193 249 245 223 235 258 271 306 237 257 305 266 283 298 281 262 270 239 258 270 231 211 207 216 177 166 147 160 122 126 109 107 112 96 94 72 60 55 52 38 27 30 19 22 19 18 12 15 12 6 9 9 2 4 3 2 3 1 1 1 2 1
-1.000000 -0.980000 -0.960000 -0.940000 -0.920000 -0.900000 -0.880000 -0.860000 -0.840000 -0.820000 -0.800000 -0.780000 -0.760000 -0.740000 -0.720000 -0.700000 -0.680000 -0.660000 -0.640000 -0.620000 -0.600000 -0.580000 -0.560000 -0.540000 -0.520000 -0.500000 -0.480000 -0.460000 -0.440000 -0.420000 -0.400000 -0.380000 -0.360000 -0.340000 -0.320000 -0.300000 -0.280000 -0.260000 -0.240000 -0.220000 -0.200000 -0.180000 -0.160000 -0.140000 -0.120000 -0.100000 -0.080000 -0.060000 -0.040000 -0.020000 0.000000 0.020000 0.040000 0.060000 0.080000 0.100000 0.120000 0.140000 0.160000 0.180000 0.200000 0.220000 0.240000 0.260000 0.280000 0.300000 0.320000 0.340000 0.360000 0.380000 0.400000 0.420000 0.440000 0.460000 0.480000 0.500000 0.520000 0.540000 0.560000 0.580000 0.600000 0.620000 0.640000 0.660000 0.680000 0.700000 0.720000 0.740000 0.760000 0.780000 0.800000 0.820000 0.840000 0.860000 0.880000 0.900000 0.920000 0.940000 0.960000 0.980000 1.000000
1 1 1 6 0 4 6 1 7 5 6 2 9 6 7 20 16 18 38 35 39 47 45 62 61 73 78 80 102 100 111 111 132 123 163 160 193 205 190 211 257 226 260 267 248 267 250 270 264 299 307 272 284 274 259 234 234 218 234 240 215 206 181 166 151 144 112 124 126 100 114 102 95 68 65 62 39 48 32 34 23 25 15 19 18 13 8 12 9 8 8 1 5 1 3 3 0 3 1 2
-1.000000 -0.980000 -0.960000 -0.940000 -0.920000 -0.900000 -0.880000 -0.860000 -0.840000 -0.820000 -0.800000 -0.780000 -0.760000 -0.740000 -0.720000 -0.700000 -0.680000 -0.660000 -0.640000 -0.620000 -0.600000 -0.580000 -0.560000 -0.540000 -0.520000 -0.500000 -0.480000 -0.460000 -0.440000 -0.420000 -0.400000 -0.380000 -0.360000 -0.340000 -0.320000 -0.300000 -0.280000 -0.260000 -0.240000 -0.220000 -0.200000 -0.180000 -0.160000 -0.140000 -0.120000 -0.100000 -0.080000 -0.060000 -0.040000 -0.020000 0.000000 0.020000 0.040000 0.060000 0.080000 0.100000 0.120000 0.140000 0.160000 0.180000 0.200000 0.220000 0.240000 0.260000 0.280000 0.300000 0.320000 0.340000 0.360000 0.380000 0.400000 0.420000 0.440000 0.460000 0.480000 0.500000 0.520000 0.540000 0.560000 0.580000 0.600000 0.620000 0.640000 0.660000 0.680000 0.700000 0.720000 0.740000 0.760000 0.780000 0.800000 0.820000 0.840000 0.860000 0.880000 0.900000 0.920000 0.940000 0.960000 0.980000 1.000000
3 2 2 2 2 3 2 4 4 5 6 4 6 10 11 16 31 26 28 35 45 39 54 47 61 85 82 79 90 114 120 121 128 130 144 147 206 231 198 237 206 231 234 264 214 269 276 247 284 270 277 303 282 276 259 241 229 231 210 234 209 200 186 174 170 144 137 116 134 124 99 99 73 64 68 50 42 49 43 35 28 24 27 13 11 13 13 12 5 9 6 7 3 5 0 1 1 5 0 4
-1.000000 -0.980000 -0.960000 -0.940000 -0.920000 -0.900000 -0.880000 -0.860000 -0.840000 -0.820000 -0.800000 -0.780000 -0.760000 -0.740000 -0.720000 -0.700000 -0.680000 -0.660000 -0.640000 -0.620000 -0.600000 -0.580000 -0.560000 -0.540000 -0.520000 -0.500000 -0.480000 -0.460000 -0.440000 -0.420000 -0.400000 -0.380000 -0.360000 -0.340000 -0.320000 -0.300000 -0.280000 -0.260000 -0.240000 -0.220000 -0.200000 -0.180000 -0.160000 -0.140000 -0.120000 -0.100000 -0.080000 -0.060000 -0.040000 -0.020000 0.000000 0.020000 0.040000 0.060000 0.080000 0.100000 0.120000 0.140000 0.160000 0.180000 0.200000 0.220000 0.240000 0.260000 0.280000 0.300000 0.320000 0.340000 0.360000 0.380000 0.400000 0.420000 0.440000 0.460000 0.480000 0.500000 0.520000 0.540000 0.560000 0.580000 0.600000 0.620000 0.640000 0.660000 0.680000 0.700000 0.720000 0.740000 0.760000 0.780000 0.800000 0.820000 0.840000 0.860000 0.880000 0.900000 0.920000 0.940000 0.960000 0.980000 1.000000
3 4 3 0 6 1 4 2 2 5 9 3 10 11 16 21 22 29 31 41 30 59 45 61 69 65 88 78 82 115 122 108 149 137 151 172 185 195 197 199 226 215 231 256 253 251 254 269 272 286 308 284 256 250 275 245 225 241 226 227 205 199 178 176 163 137 156 133 121 109 101 93 89 70 68 51 56 22 45 41 33 24 25 16 17 15 14 14 12 4 6 8 3 8 1 3 0 2 0 2
-1.000000 -0.980000 -0.960000 -0.940000 -0.920000 -0.900000 -0.880000 -0.860000 -0.840000 -0.820000 -0.800000 -0.780000 -0.760000 -0.740000 -0.720000 -0.700000 -0.680000 -0.660000 -0.640000 -0.620000 -0.600000 -0.580000 -0.560000 -0.540000 -0.520000 -0.500000 -0.480000 -0.460000 -0.440000 -0.420000 -0.400000 -0.380000 -0.360000 -0.340000 -0.320000 -0.300000 -0.280000 -0.260000 -0.240000 -0.220000 -0.200000 -0.180000 -0.160000 -0.140000 -0.120000 -0.100000 -0.080000 -0.060000 -0.040000 -0.020000 0.000000 0.020000 0.040000 0.060000 0.080000 0.100000 0.120000 0.140000 0.160000 0.180000 0.200000 0.220000 0.240000 0.260000 0.280000 0.300000 0.320000 0.340000 0.360000 0.380000 0.400000 0.420000 0.440000 0.460000 0.480000 0.500000 0.520000 0.540000 0.560000 0.580000 0.600000 0.620000 0.640000 0.660000 0.680000 0.700000 0.720000 0.740000 0.760000 0.780000 0.800000 0.820000 0.840000 0.860000 0.880000 0.900000 0.920000 0.940000 0.960000 0.980000 1.000000
5 2 1 1 3 2 3 6 6 4 8 7 7 12 11 27 20 30 27 39 37 47 58 63 82 69 82 87 89 100 106 110 152 154 157 165 180 188 202 202 235 203 208 251 230 272 268 283 252 282 288 283 273 270 238 227 237 227 229 230 204 184 188 169 167 140 170 137 109 120 98 95 96 76 65 54 56 42 38 40 24 27 23 17 21 18 11 15 12 11 7 5 4 3 5 3 5 0 0 4
-1.000000 -0.980000 -0.960000 -0.940000 -0.920000 -0.900000 -0.880000 -0.860000 -0.840000 -0.820000 -0.800000 -0.780000 -0.760000 -0.740000 -0.720000 -0.700000 -0.680000 -0.660000 -0.640000 -0.620000 -0.600000 -0.580000 -0.560000 -0.540000 -0.520000 -0.500000 -0.480000 -0.460000 -0.440000 -0.420000 -0.400000 -0.380000 -0.360000 -0.340000 -0.320000 -0.300000 -0.280000 -0.260000 -0.240000 -0.220000 -0.200000 -0.180000 -0.160000 -0.140000 -0.120000 -0.100000 -0.080000 -0.060000 -0.040000 -0.020000 0.000000 0.020000 0.040000 0.060000 0.080000 0.100000 0.120000 0.140000 0.160000 0.180000 0.200000 0.220000 0.240000 0.260000 0.280000 0.300000 0.320000 0.340000 0.360000 0.380000 0.400000 0.420000 0.440000 0.460000 0.480000 0.500000 0.520000 0.540000 0.560000 0.580000 0.600000 0.620000 0.640000 0.660000 0.680000 0.700000 0.720000 0.740000 0.760000 0.780000 0.800000 0.820000 0.840000 0.860000 0.880000 0.900000 0.920000 0.940000 0.960000 0.980000 1.000000
3 4 6 1 2 2 4 4 6 7 8 10 16 11 17 16 22 22 33 41 39 41 68 73 64 75 74 83 81 94 119 132 157 156 181 161 168 178 195 194 208 224 268 214 234 262 245 288 291 287 233 272 275 244 237 231 230 234 238 219 201 184 184 191 184 146 144 128 129 118 108 96 80 91 60 60 52 41 40 32 33 31 27 20 16 14 20 17 4 8 8 6 7 1 7 3 3 3 0 1
-1.000000 -0.980000 -0.960000 -0.940000 -0.920000 -0.900000 -0.880000 -0.860000 -0.840000 -0.820000 -0.800000 -0.780000 -0.760000 -0.740000 -0.720000 -0.700000 -0.680000 -0.660000 -0.640000 -0.620000 -0.600000 -0.580000 -0.560000 -0.540000 -0.520000 -0.500000 -0.480000 -0.460000 -0.440000 -0.420000 -0.400000 -0.380000 -0.360000 -0.340000 -0.320000 -0.300000 -0.280000 -0.260000 -0.240000 -0.220000 -0.200000 -0.180000 -0.160000 -0.140000 -0.120000 -0.100000 -0.080000 -0.060000 -0.040000 -0.020000 0.000000 0.020000 0.040000 0.060000 0.080000 0.100000 0.120000 0.140000 0.160000 0.180000 0.200000 0.220000 0.240000 0.260000 0.280000 0.300000 0.320000 0.340000 0.360000 0.380000 0.400000 0.420000 0.440000 0.460000 0.480000 0.500000 0.520000 0.540000 0.560000 0.580000 0.600000 0.620000 0.640000 0.660000 0.680000 0.700000 0.720000 0.740000 0.760000 0.780000 0.800000 0.820000 0.840000 0.860000 0.880000 0.900000 0.920000 0.940000 0.960000 0.980000 1.000000
3 5 3 1 0 7 6 6 8 6 9 11 6 18 15 23 24 24 29 52 45 47 54 64 78 73 61 99 81 110 117 130 153 136 173 165 162 200 202 191 222 215 234 228 247 241 289 253 238 276 258 250 286 256 255 232 225 217 256 213 193 198 196 160 169 156 148 122 130 113 112 94 94 79 71 49 61 46 37 37 31 32 36 23 18 16 16 22 11 5 8 6 4 3 4 4 2 1 1 4
-1.000000 -0.980000 -0.960000 -0.940000 -0.920000 -0.900000 -0.880000 -0.860000 -0.840000 -0.820000 -0.800000 -0.780000 -0.760000 -0.740000 -0.720000 -0.700000 -0.680000 -0.660000 -0.640000 -0.620000 -0.600000 -0.580000 -0.560000 -0.540000 -0.520000 -0.500000 -0.480000 -0.460000 -0.440000 -0.420000 -0.400000 -0.380000 -0.360000 -0.340000 -0.320000 -0.300000 -0.280000 -0.260000 -0.240000 -0.220000 -0.200000 -0.180000 -0.160000 -0.140000 -0.120000 -0.100000 -0.080000 -0.060000 -0.040000 -0.020000 0.000000 0.020000 0.040000 0.060000 0.080000 0.100000 0.120000 0.140000 0.160000 0.180000 0.200000 0.220000 0.240000 0.260000 0.280000 0.300000 0.320000 0.340000 0.360000 0.380000 0.400000 0.420000 0.440000 0.460000 0.480000 0.500000 0.520000 0.540000 0.560000 0.580000 0.600000 0.620000 0.640000 0.660000 0.680000 0.700000 0.720000 0.740000 0.760000 0.780000 0.800000 0.820000 0.840000 0.860000 0.880000 0.900000 0.920000 0.940000 0.960000 0.980000 1.000000
3 3 4 6 2 8 3 2 9 10 15 9 8 18 20 17 26 32 27 43 49 52 53 69 72 63 79 99 93 129 113 125 139 146 163 152 175 207 169 202 194 233 236 242 242 212 263 266 289 260 255 263 267 254 236 240 207 240 215 245 208 196 166 172 169 146 154 132 123 109 101 95 90 83 59 78 63 52 46 36 30 35 28 20 27 24 17 13 8 8 7 3 5 9 3 2 0 2 3 5
-1.000000 -0.980000 -0.960000 -0.940000 -0.920000 -0.900000 -0.880000 -0.860000 -0.840000 -0.820000 -0.800000 -0.780000 -0.760000 -0.740000 -0.720000 -0.700000 -0.680000 -0.660000 -0.640000 -0.620000 -0.600000 -0.580000 -0.560000 -0.540000 -0.520000 -0.500000 -0.480000 -0.460000 -0.440000 -0.420000 -0.400000 -0.380000 -0.360000 -0.340000 -0.320000 -0.300000 -0.280000 -0.260000 -0.240000 -0.220000 -0.200000 -0.180000 -0.160000 -0.140000 -0.120000 -0.100000 -0.080000 -0.060000 -0.040000 -0.020000 0.000000 0.020000 0.040000 0.060000 0.080000 0.100000 0.120000 0.140000 0.160000 0.180000 0.200000 0.220000 0.240000 0.260000 0.280000 0.300000 0.320000 0.340000 0.360000 0.380000 0.400000 0.420000 0.440000 0.460000 0.480000 0.500000 0.520000 0.540000 0.560000 0.580000 0.600000 0.620000 0.640000 0.660000 0.680000 0.700000 0.720000 0.740000 0.760000 0.780000 0.800000 0.820000 0.840000 0.860000 0.880000 0.900000 0.920000 0.940000 0.960000 0.980000 1.000000
5 3 5 4 3 5 6 6 11 11 14 9 7 14 25 30 23 26 31 43 42 70 56 58 60 75 91 95 115 113 114 117 135 153 161 159 163 184 200 196 229 227 203 231 240 231 278 248 267 238 277 250 261 262 240 222 248 218 206 195 208 201 179 213 160 162 154 118 110 120 119 95 93 69 68 59 61 55 45 43 39 25 22 31 21 24 19 14 15 8 11 5 2 4 4 4 1 2 4 4
-1.000000 -0.980000 -0.960000 -0.940000 -0.920000 -0.900000 -0.880000 -0.860000 -0.840000 -0.820000 -0.800000 -0.780000 -0.760000 -0.740000 -0.720000 -0.700000 -0.680000 -0.660000 -0.640000 -0.620000 -0.600000 -0.580000 -0.560000 -0.540000 -0.520000 -0.500000 -0.480000 -0.460000 -0.440000 -0.420000 -0.400000 -0.380000 -0.360000 -0.340000 -0.320000 -0.300000 -0.280000 -0.260000 -0.240000 -0.220000 -0.200000 -0.180000 -0.160000 -0.140000 -0.120000 -0.100000 -0.080000 -0.060000 -0.040000 -0.020000 0.000000 0.020000 0.040000 0.060000 0.080000 0.100000 0.120000 0.140000 0.160000 0.180000 0.200000 0.220000 0.240000 0.260000 0.280000 0.300000 0.320000 0.340000 0.360000 0.380000 0.400000 0.420000 0.440000 0.460000 0.480000 0.500000 0.520000 0.540000 0.560000 0.580000 0.600000 0.620000 0.640000 0.660000 0.680000 0.700000 0.720000 0.740000 0.760000 0.780000 0.800000 0.820000 0.840000 0.860000 0.880000 0.900000 0.920000 0.940000 0.960000 0.980000 1.000000
6 1 2 7 5 5 5 6 9 14 12 15 11 20 13 24 26 34 35 35 54 62 65 48 82 88 79 90 86 113 111 130 146 148 185 173 159 183 186 189 217 227 235 188 262 248 260 242 267 231 238 271 241 247 216 252 236 237 212 222 227 197 171 168 138 169 152 146 124 111 107 99 90 75 71 71 61 43 58 39 36 37 32 24 19 26 14 24 9 9 7 5 3 3 7 3 5 2 1 6
-1.000000 -0.980000 -0.960000 -0.940000 -0.920000 -0.900000 -0.880000 -0.860000 -0.840000 -0.820000 -0.800000 -0.780000 -0.760000 -0.740000 -0.720000 -0.700000 -0.680000 -0.660000 -0.640000 -0.620000 -0.600000 -0.580000 -0.560000 -0.540000 -0.520000 -0.500000 -0.480000 -0.460000 -0.440000 -0.420000 -0.400000 -0.380000 -0.360000 -0.340000 -0.320000 -0.300000 -0.280000 -0.260000 -0.240000 -0.220000 -0.200000 -0.180000 -0.160000 -0.140000 -0.120000 -0.100000 -0.080000 -0.060000 -0.040000 -0.020000 0.000000 0.020000 0.040000 0.060000 0.080000 0.100000 0.120000 0.140000 0.160000 0.180000 0.200000 0.220000 0.240000 0.260000 0.280000 0.300000 0.320000 0.340000 0.360000 0.380000 0.400000 0.420000 0.440000 0.460000 0.480000 0.500000 0.520000 0.540000 0.560000 0.580000 0.600000 0.620000 0.640000 0.660000 0.680000 0.700000 0.720000 0.740000 0.760000 0.780000 0.800000 0.820000 0.840000 0.860000 0.880000 0.900000 0.920000 0.940000 0.960000 0.980000 1.000000
3 1 6 4 4 7 12 2 10 12 14 12 15 18 22 23 28 34 33 34 50 57 73 66 74 82 86 82 97 108 120 139 152 137 141 186 185 174 205 186 205 213 225 234 227 250 236 244 260 254 258 222 250 254 239 241 234 231 196 212 200 196 173 174 173 151 159 124 130 122 122 90 88 74 82 70 56 55 53 46 35 30 40 26 23 25 17 16 17 7 7 5 6 3 6 5 5 2 1 7
-1.000000 -0.980000 -0.960000 -0.940000 -0.920000 -0.900000 -0.880000 -0.860000 -0.840000 -0.820000 -0.800000 -0.780000 -0.760000 -0.740000 -0.720000 -0.700000 -0.680000 -0.660000 -0.640000 -0.620000 -0.600000 -0.580000 -0.560000 -0.540000 -0.520000 -0.500000 -0.480000 -0.460000 -0.440000 -0.420000 -0.400000 -0.380000 -0.360000 -0.340000 -0.320000 -0.300000 -0.280000 -0.260000 -0.240000 -0.220000 -0.200000 -0.180000 -0.160000 -0.140000 -0.120000 -0.100000 -0.080000 -0.060000 -0.040000 -0.020000 0.000000 0.020000 0.040000 0.060000 0.080000 0.100000 0.120000 0.140000 0.160000 0.180000 0.200000 0.220000 0.240000 0.260000 0.280000 0.300000 0.320000 0.340000 0.360000 0.380000 0.400000 0.420000 0.440000 0.460000 0.480000 0.500000 0.520000 0.540000 0.560000 0.580000 0.600000 0.620000 0.640000 0.660000 0.680000 0.700000 0.720000 0.740000 0.760000 0.780000 0.800000 0.820000 0.840000 0.860000 0.880000 0.900000 0.920000 0.940000 0.960000 0.980000 1.000000
3 3 6 4 7 7 7 10 12 14 12 20 13 17 10 21 32 34 46 43 41 63 65 63 79 84 96 85 97 123 109 124 127 141 181 162 158 188 199 216 225 222 236 228 203 226 242 254 271 215 258 253 269 236 200 233 211 250 208 201 198 175 163 178 170 158 165 133 129 134 111 110 98 86 63 62 54 59 47 50 34 41 31 23 34 28 18 13 14 12 8 7 7 5 2 3 2 5 4 3
-1.000000 -0.980000 -0.960000 -0.940000 -0.920000 -0.900000 -0.880000 -0.860000 -0.840000 -0.820000 -0.800000 -0.780000 -0.760000 -0.740000 -0.720000 -0.700000 -0.680000 -0.660000 -0.640000 -0.620000 -0.600000 -0.580000 -0.560000 -0.540000 -0.520000 -0.500000 -0.480000 -0.460000 -0.440000 -0.420000 -0.400000 -0.380000 -0.360000 -0.340000 -0.320000 -0.300000 -0.280000 -0.260000 -0.240000 -0.220000 -0.200000 -0.180000 -0.160000 -0.140000 -0.120000 -0.100000 -0.080000 -0.060000 -0.040000 -0.020000 0.000000 0.020000 0.040000 0.060000 0.080000 0.100000 0.120000 0.140000 0.160000 0.180000 0.200000 0.220000 0.240000 0.260000 0.280000 0.300000 0.320000 0.340000 0.360000 0.380000 0.400000 0.420000 0.440000 0.460000 0.480000 0.500000 0.520000 0.540000 0.560000 0.580000 0.600000 0.620000 0.640000 0.660000 0.680000 0.700000 0.720000 0.740000 0.760000 0.780000 0.800000 0.820000 0.840000 0.860000 0.880000 0.900000 0.920000 0.940000 0.960000 0.980000 1.000000
3 7 6 4 5 9 7 9 14 15 22 9 10 10 21 26 24 37 49 52 52 44 59 68 64 87 93 129 94 105 120 134 142 141 154 163 167 174 195 222 207 256 202 240 201 240 233 235 261 236 252 227 248 253 232 228 210 218 216 189 180 172 212 189 154 137 175 142 135 130 106 94 84 106 78 64 47 63 53 45 37 43 34 29 23 21 20 14 14 17 12 6 5 3 5 3 3 5 3 7
-1.000000 -0.980000 -0.960000 -0.940000 -0.920000 -0.900000 -0.880000 -0.860000 -0.840000 -0.820000 -0.800000 -0.780000 -0.760000 -0.740000 -0.720000 -0.700000 -0.680000 -0.660000 -0.640000 -0.620000 -0.600000 -0.580000 -0.560000 -0.540000 -0.520000 -0.500000 -0.480000 -0.460000 -0.440000 -0.420000 -0.400000 -0.380000 -0.360000 -0.340000 -0.320000 -0.300000 -0.280000 -0.260000 -0.240000 -0.220000 -0.200000 -0.180000 -0.160000 -0.140000 -0.120000 -0.100000 -0.080000 -0.060000 -0.040000 -0.020000 0.000000 0.020000 0.040000 0.060000 0.080000 0.100000 0.120000 0.140000 0.160000 0.180000 0.200000 0.220000 0.240000 0.260000 0.280000 0.300000 0.320000 0.340000 0.360000 0.380000 0.400000 0.420000 0.440000 0.460000 0.480000 0.500000 0.520000 0.540000 0.560000 0.580000 0.600000 0.620000 0.640000 0.660000 0.680000 0.700000 0.720000 0.740000 0.760000 0.780000 0.800000 0.820000 0.840000 0.860000 0.880000 0.900000 0.920000 0.940000 0.960000 0.980000 1.000000
4 6 9 6 11 7 7 11 9 19 12 8 12 14 22 31 32 32 49 41 51 49 61 79 88 84 88 98 94 124 126 139 127 127 140 179 180 185 189 208 209 213 223 238 233 233 227 247 226 238 235 252 248 239 225 249 220 215 208 181 179 181 168 154 179 192 143 171 136 117 127 102 95 78 70 66 60 50 45 43 50 42 42 19 24 20 20 15 18 17 13 10 8 5 3 1 4 3 4 9
-1.000000 -0.980000 -0.960000 -0.940000 -0.920000 -0.900000 -0.880000 -0.860000 -0.840000 -0.820000 -0.800000 -0.780000 -0.760000 -0.740000 -0.720000 -0.700000 -0.680000 -0.660000 -0.640000 -0.620000 -0.600000 -0.580000 -0.560000 -0.540000 -0.520000 -0.500000 -0.480000 -0.460000 -0.440000 -0.420000 -0.400000 -0.380000 -0.360000 -0.340000 -0.320000 -0.300000 -0.280000 -0.260000 -0.240000 -0.220000 -0.200000 -0.180000 -0.160000 -0.140000 -0.120000 -0.100000 -0.080000 -0.060000 -0.040000 -0.020000 0.000000 0.020000 0.040000 0.060000 0.080000 0.100000 0.120000 0.140000 0.160000 0.180000 0.200000 0.220000 0.240000 0.260000 0.280000 0.300000 0.320000 0.340000 0.360000 0.380000 0.400000 0.420000 0.440000 0.460000 0.480000 0.500000 0.520000 0.540000 0.560000 0.580000 0.600000 0.620000 0.640000 0.660000 0.680000 0.700000 0.720000 0.740000 0.760000 0.780000 0.800000 0.820000 0.840000 0.860000 0.880000 0.900000 0.920000 0.940000 0.960000 0.980000 1.000000
7 9 15 7 4 16 5 11 15 9 13 11 17 18 21 25 27 48 41 36 58 62 59 68 87 88 91 100 111 100 135 138 114 153 142 155 188 183 185 232 190 201 239 223 236 225 249 245 225 202 239 248 211 249 260 238 208 203 207 185 177 199 165 176 169 171 157 139 142 127 140 96 101 77 77 60 68 57 54 50 38 41 25 28 29 19 22 15 21 12 11 12 9 5 9 2 4 2 0 7
-1.000000 -0.980000 -0.960000 -0.940000 -0.920000 -0.900000 -0.880000 -0.860000 -0.840000 -0.820000 -0.800000 -0.780000 -0.760000 -0.740000 -0.720000 -0.700000 -0.680000 -0.660000 -0.640000 -0.620000 -0.600000 -0.580000 -0.560000 -0.540000 -0.520000 -0.500000 -0.480000 -0.460000 -0.440000 -0.420000 -0.400000 -0.380000 -0.360000 -0.340000 -0.320000 -0.300000 -0.280000 -0.260000 -0.240000 -0.220000 -0.200000 -0.180000 -0.160000 -0.140000 -0.120000 -0.100000 -0.080000 -0.060000 -0.040000 -0.020000 0.000000 0.020000 0.040000 0.060000 0.080000 0.100000 0.120000 0.140000 0.160000 0.180000 0.200000 0.220000 0.240000 0.260000 0.280000 0.300000 0.320000 0.340000 0.360000 0.380000 0.400000 0.420000 0.440000 0.460000 0.480000 0.500000 0.520000 0.540000 0.560000 0.580000 0.600000 0.620000 0.640000 0.660000 0.680000 0.700000 0.720000 0.740000 0.760000 0.780000 0.800000 0.820000 0.840000 0.860000 0.880000 0.900000 0.920000 0.940000 0.960000 0.980000 1.000000
3 11 11 13 9 10 10 6 15 11 11 18 18 17 21 25 36 32 41 51 57 67 79 57 71 99 84 96 100 107 133 131 149 130 153 177 161 178 209 207 201 230 217 246 217 227 226 257 197 242 220 224 228 271 224 224 231 190 194 208 170 189 182 174 148 158 170 146 129 133 108 113 108 91 74 73 64 67 48 47 42 41 24 26 26 29 18 15 20 15 11 10 10 9 6 2 0 3 2 11
-1.000000 -0.980000 -0.960000 -0.940000 -0.920000 -0.900000 -0.880000 -0.860000 -0.840000 -0.820000 -0.800000 -0.780000 -0.760000 -0.740000 -0.720000 -0.700000 -0.680000 -0.660000 -0.640000 -0.620000 -0.600000 -0.580000 -0.560000 -0.540000 -0.520000 -0.500000 -0.480000 -0.460000 -0.440000 -0.420000 -0.400000 -0.380000 -0.360000 -0.340000 -0.320000 -0.300000 -0.280000 -0.260000 -0.240000 -0.220000 -0.200000 -0.180000 -0.160000 -0.140000 -0.120000 -0.100000 -0.080000 -0.060000 -0.040000 -0.020000 0.000000 0.020000 0.040000 0.060000 0.080000 0.100000 0.120000 0.140000 0.160000 0.180000 0.200000 0.220000 0.240000 0.260000 0.280000 0.300000 0.320000 0.340000 0.360000 0.380000 0.400000 0.420000 0.440000 0.460000 0.480000 0.500000 0.520000 0.540000 0.560000 0.580000 0.600000 0.620000 0.640000 0.660000 0.680000 0.700000 0.720000 0.740000 0.760000 0.780000 0.800000 0.820000 0.840000 0.860000 0.880000 0.900000 0.920000 0.940000 0.960000 0.980000 1.000000
11 8 10 9 9 9 9 17 8 8 19 9 22 25 28 32 33 39 42 42 56 56 67 75 74 81 100 107 111 116 120 136 130 156 140 174 179 172 184 202 206 195 239 225 217 235 234 228 238 228 230 227 228 218 224 246 239 201 179 178 188 200 187 175 155 152 137 143 141 137 125 113 93 97 94 70 65 62 40 49 47 29 33 34 24 30 17 26 8 15 14 13 8 10 7 5 2 3 1 11
-1.000000 -0.980000 -0.960000 -0.940000 -0.920000 -0.900000 -0.880000 -0.860000 -0.840000 -0.820000 -0.800000 -0.780000 -0.760000 -0.740000 -0.720000 -0.700000 -0.680000 -0.660000 -0.640000 -0.620000 -0.600000 -0.580000 -0.560000 -0.540000 -0.520000 -0.500000 -0.480000 -0.460000 -0.440000 -0.420000 -0.400000 -0.380000 -0.360000 -0.340000 -0.320000 -0.300000 -0.280000 -0.260000 -0.240000 -0.220000 -0.200000 -0.180000 -0.160000 -0.140000 -0.120000 -0.100000 -0.080000 -0.060000 -0.040000 -0.020000 0.000000 0.020000 0.040000 0.060000 0.080000 0.100000 0.120000 0.140000 0.160000 0.180000 0.200000 0.220000 0.240000 0.260000 0.280000 0.300000 0.320000 0.340000 0.360000 0.380000 0.400000 0.420000 0.440000 0.460000 0.480000 0.500000 0.520000 0.540000 0.560000 0.580000 0.600000 0.620000 0.640000 0.660000 0.680000 0.700000 0.720000 0.740000 0.760000 0.780000 0.800000 0.820000 0.840000 0.860000 0.880000 0.900000 0.920000 0.940000 0.960000 0.980000 1.000000
9 11 14 12 8 8 9 7 15 14 13 12 16 27 33 30 29 51 40 48 46 63 68 68 75 84 105 110 105 133 105 136 135 163 149 153 176 180 191 186 198 211 231 264 216 207 227 232 215 235 213 238 228 256 205 213 212 199 192 204 184 187 177 160 160 178 173 132 129 123 132 111 95 109 83 75 51 67 49 40 50 30 33 38 27 22 23 28 11 10 11 12 18 5 9 4 4 4 4 9
-1.000000 -0.980000 -0.960000 -0.940000 -0.920000 -0.900000 -0.880000 -0.860000 -0.840000 -0.820000 -0.800000 -0.780000 -0.760000 -0.740000 -0.720000 -0.700000 -0.680000 -0.660000 -0.640000 -0.620000 -0.600000 -0.580000 -0.560000 -0.540000 -0.520000 -0.500000 -0.480000 -0.460000 -0.440000 -0.420000 -0.400000 -0.380000 -0.360000 -0.340000 -0.320000 -0.300000 -0.280000 -0.260000 -0.240000 -0.220000 -0.200000 -0.180000 -0.160000 -0.140000 -0.120000 -0.100000 -0.080000 -0.060000 -0.040000 -0.020000 0.000000 0.020000 0.040000 0.060000 0.080000 0.100000 0.120000 0.140000 0.160000 0.180000 0.200000 0.220000 0.240000 0.260000 0.280000 0.300000 0.320000 0.340000 0.360000 0.380000 0.400000 0.420000 0.440000 0.460000 0.480000 0.500000 0.520000 0.540000 0.560000 0.580000 0.600000 0.620000 0.640000 0.660000 0.680000 0.700000 0.720000 0.740000 0.760000 0.780000 0.800000 0.820000 0.840000 0.860000 0.880000 0.900000 0.920000 0.940000 0.960000 0.980000 1.000000
13 8 8 10 10 12 8 12 15 8 16 25 17 21 21 34 32 40 49 54 57 55 56 84 83 78 78 121 125 114 105 134 146 159 147 179 176 162 176 203 209 217 251 207 245 220 214 228 205 221 211 239 219 186 243 207 229 214 207 207 184 188 164 163 168 157 157 154 129 125 116 103 104 103 89 81 80 54 51 50 31 33 49 33 29 26 18 9 13 13 13 15 11 11 9 5 4 8 4 16
-1.000000 -0.980000 -0.960000 -0.940000 -0.920000 -0.900000 -0.880000 -0.860000 -0.840000 -0.820000 -0.800000 -0.780000 -0.760000 -0.740000 -0.720000 -0.700000 -0.680000 -0.660000 -0.640000 -0.620000 -0.600000 -0.580000 -0.560000 -0.540000 -0.520000 -0.500000 -0.480000 -0.460000 -0.440000 -0.420000 -0.400000 -0.380000 -0.360000 -0.340000 -0.320000 -0.300000 -0.280000 -0.260000 -0.240000 -0.220000 -0.200000 -0.180000 -0.160000 -0.140000 -0.120000 -0.100000 -0.080000 -0.060000 -0.040000 -0.020000 0.000000 0.020000 0.040000 0.060000 0.080000 0.100000 0.120000 0.140000 0.160000 0.180000 0.200000 0.220000 0.240000 0.260000 0.280000 0.300000 0.320000 0.340000 0.360000 0.380000 0.400000 0.420000 0.440000 0.460000 0.480000 0.500000 0.520000 0.540000 0.560000 0.580000 0.600000 0.620000 0.640000 0.660000 0.680000 0.700000 0.720000 0.740000 0.760000 0.780000 0.800000 0.820000 0.840000 0.860000 0.880000 0.900000 0.920000 0.940000 0.960000 0.980000 1.000000
8 17 17 9 10 6 15 11 14 12 17 15 25 31 27 29 35 30 52 47 62 58 60 84 75 98 103 96 123 123 120 127 125 149 144 174 158 183 186 181 211 225 211 242 224 206 201 227 253 228 218 194 210 238 220 199 210 241 208 194 189 190 149 179 147 174 160 140 112 143 123 112 110 104 78 83 59 84 52 47 42 34 32 37 25 25 24 14 15 12 10 7 16 6 10 10 6 7 4 13
-1.000000 -0.980000 -0.960000 -0.940000 -0.920000 -0.900000 -0.880000 -0.860000 -0.840000 -0.820000 -0.800000 -0.780000 -0.760000 -0.740000 -0.720000 -0.700000 -0.680000 -0.660000 -0.640000 -0.620000 -0.600000 -0.580000 -0.560000 -0.540000 -0.520000 -0.500000 -0.480000 -0.460000 -0.440000 -0.420000 -0.400000 -0.380000 -0.360000 -0.340000 -0.320000 -0.300000 -0.280000 -0.260000 -0.240000 -0.220000 -0.200000 -0.180000 -0.160000 -0.140000 -0.120000 -0.100000 -0.080000 -0.060000 -0.040000 -0.020000 0.000000 0.020000 0.040000 0.060000 0.080000 0.100000 0.120000 0.140000 0.160000 0.180000 0.200000 0.220000 0.240000 0.260000 0.280000 0.300000 0.320000 0.340000 0.360000 0.380000 0.400000 0.420000 0.440000 0.460000 0.480000 0.500000 0.520000 0.540000 0.560000 0.580000 0.600000 0.620000 0.640000 0.660000 0.680000 0.700000 0.720000 0.740000 0.760000 0.780000 0.800000 0.820000 0.840000 0.860000 0.880000 0.900000 0.920000 0.940000 0.960000 0.980000 1.000000
12 12 10 12 13 13 9 12 17 14 24 24 19 27 22 39 33 45 34 55 63 61 70 90 72 89 83 108 111 127 131 134 133 131 139 150 168 211 180 195 217 201 216 205 222 217 199 235 219 237 211 228 223 225 199 216 226 219 187 197 200 161 164 177 173 166 171 134 121 116 133 119 96 90 95 103 63 63 59 41 53 46 28 36 19 24 21 24 20 11 5 12 9 13 7 8 7 3 5 13
-1.000000 -0.980000 -0.960000 -0.940000 -0.920000 -0.900000 -0.880000 -0.860000 -0.840000 -0.820000 -0.800000 -0.780000 -0.760000 -0.740000 -0.720000 -0.700000 -0.680000 -0.660000 -0.640000 -0.620000 -0.600000 -0.580000 -0.560000 -0.540000 -0.520000 -0.500000 -0.480000 -0.460000 -0.440000 -0.420000 -0.400000 -0.380000 -0.360000 -0.340000 -0.320000 -0.300000 -0.280000 -0.260000 -0.240000 -0.220000 -0.200000 -0.180000 -0.160000 -0.140000 -0.120000 -0.100000 -0.080000 -0.060000 -0.040000 -0.020000 0.000000 0.020000 0.040000 0.060000 0.080000 0.100000 0.120000 0.140000 0.160000 0.180000 0.200000 0.220000 0.240000 0.260000 0.280000 0.300000 0.320000 0.340000 0.360000 0.380000 0.400000 0.420000 0.440000 0.460000 0.480000 0.500000 0.520000 0.540000 0.560000 0.580000 0.600000 0.620000 0.640000 0.660000 0.680000 0.700000 0.720000 0.740000 0.760000 0.780000 0.800000 0.820000 0.840000 0.860000 0.880000 0.900000 0.920000 0.940000 0.960000 0.980000 1.000000
7 14 12 17 16 12 11 18 12 19 25 20 20 22 28 38 39 38 50 57 52 66 64 71 78 103 76 97 102 131 132 148 127 136 156 172 172 160 194 200 187 196 223 223 240 201 205 238 218 220 201 213 240 204 225 217 214 201 228 186 182 162 192 182 161 159 157 136 132 121 119 109 113 100 100 89 72 54 54 56 50 33 45 30 24 21 22 16 14 14 10 13 12 11 11 8 6 4 1 13
-1.000000 -0.980000 -0.960000 -0.940000 -0.920000 -0.900000 -0.880000 -0.860000 -0.840000 -0.820000 -0.800000 -0.780000 -0.760000 -0.740000 -0.720000 -0.700000 -0.680000 -0.660000 -0.640000 -0.620000 -0.600000 -0.580000 -0.560000 -0.540000 -0.520000 -0.500000 -0.480000 -0.460000 -0.440000 -0.420000 -0.400000 -0.380000 -0.360000 -0.340000 -0.320000 -0.300000 -0.280000 -0.260000 -0.240000 -0.220000 -0.200000 -0.180000 -0.160000 -0.140000 -0.120000 -0.100000 -0.080000 -0.060000 -0.040000 -0.020000 0.000000 0.020000 0.040000 0.060000 0.080000 0.100000 0.120000 0.140000 0.160000 0.180000 0.200000 0.220000 0.240000 0.260000 0.280000 0.300000 0.320000 0.340000 0.360000 0.380000 0.400000 0.420000 0.440000 0.460000 0.480000 0.500000 0.520000 0.540000 0.560000 0.580000 0.600000 0.620000 0.640000 0.660000 0.680000 0.700000 0.720000 0.740000 0.760000 0.780000 0.800000 0.820000 0.840000 0.860000 0.880000 0.900000 0.920000 0.940000 0.960000 0.980000 1.000000
11 9 12 11 10 9 22 12 19 17 25 26 22 30 29 33 35 38 52 57 60 61 78 80 79 78 97 101 116 112 127 116 153 136 165 160 171 192 196 180 178 186 200 243 219 211 230 207 231 211 224 216 205 220 209 209 208 210 190 196 221 168 174 182 161 156 153 145 130 129 131 102 98 92 105 93 67 64 66 59 51 32 37 23 24 24 23 24 14 14 11 11 9 14 11 9 9 6 2 16
-1.000000 -0.980000 -0.960000 -0.940000 -0.920000 -0.900000 -0.880000 -0.860000 -0.840000 -0.820000 -0.800000 -0.780000 -0.760000 -0.740000 -0.720000 -0.700000 -0.680000 -0.660000 -0.640000 -0.620000 -0.600000 -0.580000 -0.560000 -0.540000 -0.520000 -0.500000 -0.480000 -0.460000 -0.440000 -0.420000 -0.400000 -0.380000 -0.360000 -0.340000 -0.320000 -0.300000 -0.280000 -0.260000 -0.240000 -0.220000 -0.200000 -0.180000 -0.160000 -0.140000 -0.120000 -0.100000 -0.080000 -0.060000 -0.040000 -0.020000 0.000000 0.020000 0.040000 0.060000 0.080000 0.100000 0.120000 0.140000 0.160000 0.180000 0.200000 0.220000 0.240000 0.260000 0.280000 0.300000 0.320000 0.340000 0.360000 0.380000 0.400000 0.420000 0.440000 0.460000 0.480000 0.500000 0.520000 0.540000 0.560000 0.580000 0.600000 0.620000 0.640000 0.660000 0.680000 0.700000 0.720000 0.740000 0.760000 0.780000 0.800000 0.820000 0.840000 0.860000 0.880000 0.900000 0.920000 0.940000 0.960000 0.980000 1.000000
6 12 4 12 10 16 18 23 18 15 21 24 30 24 34 36 41 42 41 62 52 65 83 83 81 82 98 102 94 116 123 121 153 151 165 173 175 175 148 191 214 183 204 211 209 220 227 246 202 226 209 203 223 215 205 201 210 201 198 215 188 180 177 181 168 129 157 130 133 131 127 128 112 93 86 92 75 68 58 51 51 40 33 32 36 23 25 22 15 16 18 9 12 6 7 7 11 4 10 17
-1.000000 -0.980000 -0.960000 -0.940000 -0.920000 -0.900000 -0.880000 -0.860000 -0.840000 -0.820000 -0.800000 -0.780000 -0.760000 -0.740000 -0.720000 -0.700000 -0.680000 -0.660000 -0.640000 -0.620000 -0.600000 -0.580000 -0.560000 -0.540000 -0.520000 -0.500000 -0.480000 -0.460000 -0.440000 -0.420000 -0.400000 -0.380000 -0.360000 -0.340000 -0.320000 -0.300000 -0.280000 -0.260000 -0.240000 -0.220000 -0.200000 -0.180000 -0.160000 -0.140000 -0.120000 -0.100000 -0.080000 -0.060000 -0.040000 -0.020000 0.000000 0.020000 0.040000 0.060000 0.080000 0.100000 0.120000 0.140000 0.160000 0.180000 0.200000 0.220000 0.240000 0.260000 0.280000 0.300000 0.320000 0.340000 0.360000 0.380000 0.400000 0.420000 0.440000 0.460000 0.480000 0.500000 0.520000 0.540000 0.560000 0.580000 0.600000 0.620000 0.640000 0.660000 0.680000 0.700000 0.720000 0.740000 0.760000 0.780000 0.800000 0.820000 0.840000 0.860000 0.880000 0.900000 0.920000 0.940000 0.960000 0.980000 1.000000
7 17 7 9 12 20 18 21 22 13 23 25 29 38 18 38 45 37 58 50 52 67 61 74 111 85 93 98 102 114 116 142 159 153 156 146 168 159 179 198 192 209 177 213 225 218 234 213 224 230 219 204 195 231 202 192 212 193 195 196 199 196 170 164 156 159 157 121 133 132 113 133 112 87 101 86 79 66 67 57 52 42 33 32 32 32 26 15 16 16 15 13 7 13 10 5 12 5 7 15
-1.000000 -0.980000 -0.960000 -0.940000 -0.920000 -0.900000 -0.880000 -0.860000 -0.840000 -0.820000 -0.800000 -0.780000 -0.760000 -0.740000 -0.720000 -0.700000 -0.680000 -0.660000 -0.640000 -0.620000 -0.600000 -0.580000 -0.560000 -0.540000 -0.520000 -0.500000 -0.480000 -0.460000 -0.440000 -0.420000 -0.400000 -0.380000 -0.360000 -0.340000 -0.320000 -0.300000 -0.280000 -0.260000 -0.240000 -0.220000 -0.200000 -0.180000 -0.160000 -0.140000 -0.120000 -0.100000 -0.080000 -0.060000 -0.040000 -0.020000 0.000000 0.020000 0.040000 0.060000 0.080000 0.100000 0.120000 0.140000 0.160000 0.180000 0.200000 0.220000 0.240000 0.260000 0.280000 0.300000 0.320000 0.340000 0.360000 0.380000 0.400000 0.420000 0.440000 0.460000 0.480000 0.500000 0.520000 0.540000 0.560000 0.580000 0.600000 0.620000 0.640000 0.660000 0.680000 0.700000 0.720000 0.740000 0.760000 0.780000 0.800000 0.820000 0.840000 0.860000 0.880000 0.900000 0.920000 0.940000 0.960000 0.980000 1.000000
8 15 16 18 19 18 20 15 13 20 21 24 33 36 29 38 45 36 54 49 68 58 71 73 84 89 108 101 99 126 126 133 126 141 169 155 174 154 195 191 198 184 190 208 210 214 221 223 211 218 228 227 202 204 202 200 215 198 194 190 202 184 208 145 154 144 149 128 144 117 119 118 122 101 68 98 85 70 82 55 48 46 37 37 36 31 18 17 22 17 14 11 7 9 13 7 9 5 5 13
-1.000000 -0.980000 -0.960000 -0.940000 -0.920000 -0.900000 -0.880000 -0.860000 -0.840000 -0.820000 -0.800000 -0.780000 -0.760000 -0.740000 -0.720000 -0.700000 -0.680000 -0.660000 -0.640000 -0.620000 -0.600000 -0.580000 -0.560000 -0.540000 -0.520000 -0.500000 -0.480000 -0.460000 -0.440000 -0.420000 -0.400000 -0.380000 -0.360000 -0.340000 -0.320000 -0.300000 -0.280000 -0.260000 -0.240000 -0.220000 -0.200000 -0.180000 -0.160000 -0.140000 -0.120000 -0.100000 -0.080000 -0.060000 -0.040000 -0.020000 0.000000 0.020000 0.040000 0.060000 0.080000 0.100000 0.120000 0.140000 0.160000 0.180000 0.200000 0.220000 0.240000 0.260000 0.280000 0.300000 0.320000 0.340000 0.360000 0.380000 0.400000 0.420000 0.440000 0.460000 0.480000 0.500000 0.520000 0.540000 0.560000 0.580000 0.600000 0.620000 0.640000 0.660000 0.680000 0.700000 0.720000 0.740000 0.760000 0.780000 0.800000 0.820000 0.840000 0.860000 0.880000 0.900000 0.920000 0.940000 0.960000 0.980000 1.000000
12 9 19 14 21 14 14 15 14 31 18 34 26 36 36 43 38 46 41 52 72 76 55 89 75 86 108 104 111 118 110 153 137 164 156 141 156 177 186 167 207 187 195 211 203 209 204 220 193 242 229 198 219 215 191 222 209 194 215 158 197 195 162 171 165 137 145 139 142 112 127 113 105 107 92 106 85 51 63 67 54 52 42 26 36 27 25 25 18 19 20 9 7 11 11 7 8 7 4 16
-1.000000 -0.980000 -0.960000 -0.940000 -0.920000 -0.900000 -0.880000 -0.860000 -0.840000 -0.820000 -0.800000 -0.780000 -0.760000 -0.740000 -0.720000 -0.700000 -0.680000 -0.660000 -0.640000 -0.620000 -0.600000 -0.580000 -0.560000 -0.540000 -0.520000 -0.500000 -0.480000 -0.460000 -0.440000 -0.420000 -0.400000 -0.380000 -0.360000 -0.340000 -0.320000 -0.300000 -0.280000 -0.260000 -0.240000 -0.220000 -0.200000 -0.180000 -0.160000 -0.140000 -0.120000 -0.100000 -0.080000 -0.060000 -0.040000 -0.020000 0.000000 0.020000 0.040000 0.060000 0.080000 0.100000 0.120000 0.140000 0.160000 0.180000 0.200000 0.220000 0.240000 0.260000 0.280000 0.300000 0.320000 0.340000 0.360000 0.380000 0.400000 0.420000 0.440000 0.460000 0.480000 0.500000 0.520000 0.540000 0.560000 0.580000 0.600000 0.620000 0.640000 0.660000 0.680000 0.700000 0.720000 0.740000 0.760000 0.780000 0.800000 0.820000 0.840000 0.860000 0.880000 0.900000 0.920000 0.940000 0.960000 0.980000 1.000000
11 13 13 19 8 19 13 24 19 18 29 25 23 44 40 44 41 44 51 58 62 72 71 79 66 97 84 105 115 132 142 110 143 138 156 152 164 179 185 167 172 206 219 201 192 207 217 220 205 219 210 227 211 214 179 234 206 199 189 190 185 153 178 179 163 135 167 143 129 143 105 112 98 115 96 85 74 86 65 58 46 48 52 43 23 26 22 28 26 18 13 18 9 7 7 5 9 7 11 21
-1.000000 -0.980000 -0.960000 -0.940000 -0.920000 -0.900000 -0.880000 -0.860000 -0.840000 -0.820000 -0.800000 -0.780000 -0.760000 -0.740000 -0.720000 -0.700000 -0.680000 -0.660000 -0.640000 -0.620000 -0.600000 -0.580000 -0.560000 -0.540000 -0.520000 -0.500000 -0.480000 -0.460000 -0.440000 -0.420000 -0.400000 -0.380000 -0.360000 -0.340000 -0.320000 -0.300000 -0.280000 -0.260000 -0.240000 -0.220000 -0.200000 -0.180000 -0.160000 -0.140000 -0.120000 -0.100000 -0.080000 -0.060000 -0.040000 -0.020000 0.000000 0.020000 0.040000 0.060000 0.080000 0.100000 0.120000 0.140000 0.160000 0.180000 0.200000 0.220000 0.240000 0.260000 0.280000 0.300000 0.320000 0.340000 0.360000 0.380000 0.400000 0.420000 0.440000 0.460000 0.480000 0.500000 0.520000 0.540000 0.560000 0.580000 0.600000 0.620000 0.640000 0.660000 0.680000 0.700000 0.720000 0.740000 0.760000 0.780000 0.800000 0.820000 0.840000 0.860000 0.880000 0.900000 0.920000 0.940000 0.960000 0.980000 1.000000
8 17 16 13 24 15 14 15 19 27 26 23 34 39 40 44 47 49 56 45 62 66 70 79 88 92 105 99 107 121 130 115 131 139 171 147 168 161 193 174 183 200 218 195 201 191 199 235 196 211 225 240 228 211 217 182 173 175 201 196 184 158 198 154 153 167 141 136 145 138 110 110 120 101 79 98 88 67 79 59 58 47 36 32 39 34 27 26 25 13 15 17 16 11 3 7 11 5 12 15
-1.000000 -0.980000 -0.960000 -0.940000 -0.920000 -0.900000 -0.880000 -0.860000 -0.840000 -0.820000 -0.800000 -0.780000 -0.760000 -0.740000 -0.720000 -0.700000 -0.680000 -0.660000 -0.640000 -0.620000 -0.600000 -0.580000 -0.560000 -0.540000 -0.520000 -0.500000 -0.480000 -0.460000 -0.440000 -0.420000 -0.400000 -0.380000 -0.360000 -0.340000 -0.320000 -0.300000 -0.280000 -0.260000 -0.240000 -0.220000 -0.200000 -0.180000 -0.160000 -0.140000 -0.120000 -0.100000 -0.080000 -0.060000 -0.040000 -0.020000 0.000000 0.020000 0.040000 0.060000 0.080000 0.100000 0.120000 0.140000 0.160000 0.180000 0.200000 0.220000 0.240000 0.260000 0.280000 0.300000 0.320000 0.340000 0.360000 0.380000 0.400000 0.420000 0.440000 0.460000 0.480000 0.500000 0.520000 0.540000 0.560000 0.580000 0.600000 0.620000 0.640000 0.660000 0.680000 0.700000 0.720000 0.740000 0.760000 0.780000 0.800000 0.820000 0.840000 0.860000 0.880000 0.900000 0.920000 0.940000 0.960000 0.980000 1.000000
8 11 21 18 21 19 21 17 15 31 22 28 33 41 33 37 61 45 44 49 68 77 72 91 74 80 117 93 110 118 117 122 155 137 136 183 140 186 186 171 190 183 196 205 231 188 225 176 234 206 225 235 203 208 206 217 172 177 168 192 174 166 185 165 162 173 132 135 125 139 137 105 124 94 101 75 72 74 66 74 69 55 47 36 36 28 23 23 20 21 26 13 16 8 16 2 10 10 0 18
-1.000000 -0.980000 -0.960000 -0.940000 -0.920000 -0.900000 -0.880000 -0.860000 -0.840000 -0.820000 -0.800000 -0.780000 -0.760000 -0.740000 -0.720000 -0.700000 -0.680000 -0.660000 -0.640000 -0.620000 -0.600000 -0.580000 -0.560000 -0.540000 -0.520000 -0.500000 -0.480000 -0.460000 -0.440000 -0.420000 -0.400000 -0.380000 -0.360000 -0.340000 -0.320000 -0.300000 -0.280000 -0.260000 -0.240000 -0.220000 -0.200000 -0.180000 -0.160000 -0.140000 -0.120000 -0.100000 -0.080000 -0.060000 -0.040000 -0.020000 0.000000 0.020000 0.040000 0.060000 0.080000 0.100000 0.120000 0.140000 0.160000 0.180000 0.200000 0.220000 0.240000 0.260000 0.280000 0.300000 0.320000 0.340000 0.360000 0.380000 0.400000 0.420000 0.440000 0.460000 0.480000 0.500000 0.520000 0.540000 0.560000 0.580000 0.600000 0.620000 0.640000 0.660000 0.680000 0.700000 0.720000 0.740000 0.760000 0.780000 0.800000 0.820000 0.840000 0.860000 0.880000 0.900000 0.920000 0.940000 0.960000 0.980000 1.000000
15 8 17 14 25 15 23 29 11 24 31 36 32 43 38 34 49 44 56 54 69 73 71 94 96 89 94 110 120 102 118 120 126 143 140 151 173 190 181 179 185 194 191 203 212 188 217 222 197 208 215 219 216 209 199 182 208 210 173 167 166 141 177 184 175 143 159 139 149 121 125 120 111 91 92 89 73 75 71 74 57 49 48 40 37 34 28 22 18 21 18 19 17 14 15 4 6 9 8 9
-1.000000 -0.980000 -0.960000 -0.940000 -0.920000 -0.900000 -0.880000 -0.860000 -0.840000 -0.820000 -0.800000 -0.780000 -0.760000 -0.740000 -0.720000 -0.700000 -0.680000 -0.660000 -0.640000 -0.620000 -0.600000 -0.580000 -0.560000 -0.540000 -0.520000 -0.500000 -0.480000 -0.460000 -0.440000 -0.420000 -0.400000 -0.380000 -0.360000 -0.340000 -0.320000 -0.300000 -0.280000 -0.260000 -0.240000 -0.220000 -0.200000 -0.180000 -0.160000 -0.140000 -0.120000 -0.100000 -0.080000 -0.060000 -0.040000 -0.020000 0.000000 0.020000 0.040000 0.060000 0.080000 0.100000 0.120000 0.140000 0.160000 0.180000 0.200000 0.220000 0.240000 0.260000 0.280000 0.300000 0.320000 0.340000 0.360000 0.380000 0.400000 0.420000 0.440000 0.460000 0.480000 0.500000 0.520000 0.540000 0.560000 0.580000 0.600000 0.620000 0.640000 0.660000 0.680000 0.700000 0.720000 0.740000 0.760000 0.780000 0.800000 0.820000 0.840000 0.860000 0.880000 0.900000 0.920000 0.940000 0.960000 0.980000 1.000000
18 13 13 4 21 20 18 25 24 26 33 37 33 30 44 47 42 49 48 69 74 73 81 77 83 100 118 80 100 109 123 112 138 155 140 163 148 181 193 171 178 198 200 209 207 202 216 190 221 209 210 214 193 214 206 196 193 200 176 154 166 175 161 184 139 152 156 153 145 153 122 108 92 110 92 95 70 83 61 67 55 56 57 44 32 17 41 24 13 25 24 17 15 16 12 10 8 4 7 20
-1.000000 -0.980000 -0.960000 -0.940000 -0.920000 -0.900000 -0.880000 -0.860000 -0.840000 -0.820000 -0.800000 -0.780000 -0.760000 -0.740000 -0.720000 -0.700000 -0.680000 -0.660000 -0.640000 -0.620000 -0.600000 -0.580000 -0.560000 -0.540000 -0.520000 -0.500000 -0.480000 -0.460000 -0.440000 -0.420000 -0.400000 -0.380000 -0.360000 -0.340000 -0.320000 -0.300000 -0.280000 -0.260000 -0.240000 -0.220000 -0.200000 -0.180000 -0.160000 -0.140000 -0.120000 -0.100000 -0.080000 -0.060000 -0.040000 -0.020000 0.000000 0.020000 0.040000 0.060000 0.080000 0.100000 0.120000 0.140000 0.160000 0.180000 0.200000 0.220000 0.240000 0.260000 0.280000 0.300000 0.320000 0.340000 0.360000 0.380000 0.400000 0.420000 0.440000 0.460000 0.480000 0.500000 0.520000 0.540000 0.560000 0.580000 0.600000 0.620000 0.640000 0.660000 0.680000 0.700000 0.720000 0.740000 0.760000 0.780000 0.800000 0.820000 0.840000 0.860000 0.880000 0.900000 0.920000 0.940000 0.960000 0.980000 1.000000
13 5 18 16 22 18 25 21 25 20 27 33 36 36 41 49 44 57 48 60 67 68 90 85 80 89 116 102 118 94 112 120 135 133 153 161 159 164 171 199 211 200 191 192 202 195 211 214 205 216 208 190 199 202 232 200 196 184 184 159 178 182 171 147 156 151 154 154 137 115 115 106 128 101 100 90 83 78 63 69 57 52 50 37 31 37 29 28 21 22 18 16 23 13 12 15 7 3 4 26
-1.000000 -0.980000 -0.960000 -0.940000 -0.920000 -0.900000 -0.880000 -0.860000 -0.840000 -0.820000 -0.800000 -0.780000 -0.760000 -0.740000 -0.720000 -0.700000 -0.680000 -0.660000 -0.640000 -0.620000 -0.600000 -0.580000 -0.560000 -0.540000 -0.520000 -0.500000 -0.480000 -0.460000 -0.440000 -0.420000 -0.400000 -0.380000 -0.360000 -0.340000 -0.320000 -0.300000 -0.280000 -0.260000 -0.240000 -0.220000 -0.200000 -0.180000 -0.160000 -0.140000 -0.120000 -0.100000 -0.080000 -0.060000 -0.040000 -0.020000 0.000000 0.020000 0.040000 0.060000 0.080000 0.100000 0.120000 0.140000 0.160000 0.180000 0.200000 0.220000 0.240000 0.260000 0.280000 0.300000 0.320000 0.340000 0.360000 0.380000 0.400000 0.420000 0.440000 0.460000 0.480000 0.500000 0.520000 0.540000 0.560000 0.580000 0.600000 0.620000 0.640000 0.660000 0.680000 0.700000 0.720000 0.740000 0.760000 0.780000 0.800000 0.820000 0.840000 0.860000 0.880000 0.900000 0.920000 0.940000 0.960000 0.980000 1.000000
14 16 19 19 22 18 19 16 27 24 37 26 33 42 54 43 59 51 50 51 74 64 80 89 87 88 102 104 91 108 119 143 131 136 152 160 143 158 195 200 210 191 192 177 193 217 196 234 210 221 180 181 212 207 197 210 186 203 151 168 161 188 177 158 150 171 133 138 135 133 139 114 108 102 100 93 77 91 67 66 49 52 49 44 34 35 28 27 27 18 22 18 17 18 14 6 9 5 8 19
-1.000000 -0.980000 -0.960000 -0.940000 -0.920000 -0.900000 -0.880000 -0.860000 -0.840000 -0.820000 -0.800000 -0.780000 -0.760000 -0.740000 -0.720000 -0.700000 -0.680000 -0.660000 -0.640000 -0.620000 -0.600000 -0.580000 -0.560000 -0.540000 -0.520000 -0.500000 -0.480000 -0.460000 -0.440000 -0.420000 -0.400000 -0.380000 -0.360000 -0.340000 -0.320000 -0.300000 -0.280000 -0.260000 -0.240000 -0.220000 -0.200000 -0.180000 -0.160000 -0.140000 -0.120000 -0.100000 -0.080000 -0.060000 -0.040000 -0.020000 0.000000 0.020000 0.040000 0.060000 0.080000 0.100000 0.120000 0.140000 0.160000 0.180000 0.200000 0.220000 0.240000 0.260000 0.280000 0.300000 0.320000 0.340000 0.360000 0.380000 0.400000 0.420000 0.440000 0.460000 0.480000 0.500000 0.520000 0.540000 0.560000 0.580000 0.600000 0.620000 0.640000 0.660000 0.680000 0.700000 0.720000 0.740000 0.760000 0.780000 0.800000 0.820000 0.840000 0.860000 0.880000 0.900000 0.920000 0.940000 0.960000 0.980000 1.000000
11 18 10 30 22 24 22 25 29 17 37 31 33 24 41 48 62 58 66 61 52 76 83 92 74 98 99 103 90 115 113 131 137 151 133 157 166 168 199 170 169 183 220 206 199 197 194 209 202 211 204 180 194 221 196 220 209 173 180 148 164 167 161 170 168 153 154 138 129 148 126 119 93 107 98 100 89 73 79 57 67 55 56 30 39 30 38 21 26 23 21 14 15 20 8 15 10 7 7 14
-1.000000 -0.980000 -0.960000 -0.940000 -0.920000 -0.900000 -0.880000 -0.860000 -0.840000 -0.820000 -0.800000 -0.780000 -0.760000 -0.740000 -0.720000 -0.700000 -0.680000 -0.660000 -0.640000 -0.620000 -0.600000 -0.580000 -0.560000 -0.540000 -0.520000 -0.500000 -0.480000 -0.460000 -0.440000 -0.420000 -0.400000 -0.380000 -0.360000 -0.340000 -0.320000 -0.300000 -0.280000 -0.260000 -0.240000 -0.220000 -0.200000 -0.180000 -0.160000 -0.140000 -0.120000 -0.100000 -0.080000 -0.060000 -0.040000 -0.020000 0.000000 0.020000 0.040000 0.060000 0.080000 0.100000 0.120000 0.140000 0.160000 0.180000 0.200000 0.220000 0.240000 0.260000 0.280000 0.300000 0.320000 0.340000 0.360000 0.380000 0.400000 0.420000 0.440000 0.460000 0.480000 0.500000 0.520000 0.540000 0.560000 0.580000 0.600000 0.620000 0.640000 0.660000 0.680000 0.700000 0.720000 0.740000 0.760000 0.780000 0.800000 0.820000 0.840000 0.860000 0.880000 0.900000 0.920000 0.940000 0.960000 0.980000 1.000000
17 13 21 17 39 27 21 21 27 29 32 26 29 39 48 45 36 70 64 62 62 79 89 74 80 83 97 107 117 108 126 134 124 145 137 141 178 169 189 173 197 187 196 206 192 202 207 199 183 206 200 200 179 199 205 188 198 206 166 170 171 170 151 169 150 148 168 142 141 136 125 118 104 110 102 100 95 71 68 69 70 59 37 54 31 23 28 35 23 19 18 20 22 16 13 12 8 10 2 11
-1.000000 -0.980000 -0.960000 -0.940000 -0.920000 -0.900000 -0.880000 -0.860000 -0.840000 -0.820000 -0.800000 -0.780000 -0.760000 -0.740000 -0.720000 -0.700000 -0.680000 -0.660000 -0.640000 -0.620000 -0.600000 -0.580000 -0.560000 -0.540000 -0.520000 -0.500000 -0.480000 -0.460000 -0.440000 -0.420000 -0.400000 -0.380000 -0.360000 -0.340000 -0.320000 -0.300000 -0.280000 -0.260000 -0.240000 -0.220000 -0.200000 -0.180000 -0.160000 -0.140000 -0.120000 -0.100000 -0.080000 -0.060000 -0.040000 -0.020000 0.000000 0.020000 0.040000 0.060000 0.080000 0.100000 0.120000 0.140000 0.160000 0.180000 0.200000 0.220000 0.240000 0.260000 0.280000 0.300000 0.320000 0.340000 0.360000 0.380000 0.400000 0.420000 0.440000 0.460000 0.480000 0.500000 0.520000 0.540000 0.560000 0.580000 0.600000 0.620000 0.640000 0.660000 0.680000 0.700000 0.720000 0.740000 0.760000 0.780000 0.800000 0.820000 0.840000 0.860000 0.880000 0.900000 0.920000 0.940000 0.960000 0.980000 1.000000
16 19 17 20 30 23 32 26 15 26 31 36 36 25 39 50 51 54 62 70 74 65 83 79 81 78 100 114 114 130 118 133 148 109 154 134 151 181 195 190 197 197 195 176 183 207 189 217 200 224 162 200 201 184 187 178 200 205 170 161 205 173 158 154 148 154 109 151 147 138 139 140 113 99 103 94 84 77 68 68 50 70 46 49 40 34 29 31 21 19 24 26 13 13 12 14 10 8 7 20
-1.000000 -0.980000 -0.960000 -0.940000 -0.920000 -0.900000 -0.880000 -0.860000 -0.840000 -0.820000 -0.800000 -0.780000 -0.760000 -0.740000 -0.720000 -0.700000 -0.680000 -0.660000 -0.640000 -0.620000 -0.600000 -0.580000 -0.560000 -0.540000 -0.520000 -0.500000 -0.480000 -0.460000 -0.440000 -0.420000 -0.400000 -0.380000 -0.360000 -0.340000 -0.320000 -0.300000 -0.280000 -0.260000 -0.240000 -0.220000 -0.200000 -0.180000 -0.160000 -0.140000 -0.120000 -0.100000 -0.080000 -0.060000 -0.040000 -0.020000 0.000000 0.020000 0.040000 0.060000 0.080000 0.100000 0.120000 0.140000 0.160000 0.180000 0.200000 0.220000 0.240000 0.260000 0.280000 0.300000 0.320000 0.340000 0.360000 0.380000 0.400000 0.420000 0.440000 0.460000 0.480000 0.500000 0.520000 0.540000 0.560000 0.580000 0.600000 0.620000 0.640000 0.660000 0.680000 0.700000 0.720000 0.740000 0.760000 0.780000 0.800000 0.820000 0.840000 0.860000 0.880000 0.900000 0.920000 0.940000 0.960000 0.980000 1.000000
21 23 25 15 20 18 27 24 23 35 33 37 42 34 40 46 46 63 56 63 75 61 68 75 101 98 100 92 99 136 117 139 122 150 157 148 150 159 178 194 188 225 195 191 167 202 205 210 196 199 195 212 159 176 190 210 183 185 170 173 197 184 168 148 147 132 144 156 138 111 127 133 108 120 87 89 95 92 62 77 49 64 52 43 58 27 39 19 27 23 22 13 22 10 13 6 11 15 8 23
-1.000000 -0.980000 -0.960000 -0.940000 -0.920000 -0.900000 -0.880000 -0.860000 -0.840000 -0.820000 -0.800000 -0.780000 -0.760000 -0.740000 -0.720000 -0.700000 -0.680000 -0.660000 -0.640000 -0.620000 -0.600000 -0.580000 -0.560000 -0.540000 -0.520000 -0.500000 -0.480000 -0.460000 -0.440000 -0.420000 -0.400000 -0.380000 -0.360000 -0.340000 -0.320000 -0.300000 -0.280000 -0.260000 -0.240000 -0.220000 -0.200000 -0.180000 -0.160000 -0.140000 -0.120000 -0.100000 -0.080000 -0.060000 -0.040000 -0.020000 0.000000 0.020000 0.040000 0.060000 0.080000 0.100000 0.120000 0.140000 0.160000 0.180000 0.200000 0.220000 0.240000 0.260000 0.280000 0.300000 0.320000 0.340000 0.360000 0.380000 0.400000 0.420000 0.440000 0.460000 0.480000 0.500000 0.520000 0.540000 0.560000 0.580000 0.600000 0.620000 0.640000 0.660000 0.680000 0.700000 0.720000 0.740000 0.760000 0.780000 0.800000 0.820000 0.840000 0.860000 0.880000 0.900000 0.920000 0.940000 0.960000 0.980000 1.000000
18 19 18 24 29 19 24 27 29 39 35 29 33 37 48 50 51 49 52 70 61 64 73 93 103 92 86 113 104 134 120 144 136 132 155 170 149 166 164 158 203 178 205 183 185 208 215 209 192 174 180 216 212 174 190 197 171 186 166 171 198 158 167 172 150 143 129 142 136 129 120 127 110 99 112 85 98 91 85 58 61 58 49 47 46 34 35 23 22 23 24 23 20 13 13 10 8 13 8 29
-1.000000 -0.980000 -0.960000 -0.940000 -0.920000 -0.900000 -0.880000 -0.860000 -0.840000 -0.820000 -0.800000 -0.780000 -0.760000 -0.740000 -0.720000 -0.700000 -0.680000 -0.660000 -0.640000 -0.620000 -0.600000 -0.580000 -0.560000 -0.540000 -0.520000 -0.500000 -0.480000 -0.460000 -0.440000 -0.420000 -0.400000 -0.380000 -0.360000 -0.340000 -0.320000 -0.300000 -0.280000 -0.260000 -0.240000 -0.220000 -0.200000 -0.180000 -0.160000 -0.140000 -0.120000 -0.100000 -0.080000 -0.060000 -0.040000 -0.020000 0.000000 0.020000 0.040000 0.060000 0.080000 0.100000 0.120000 0.140000 0.160000 0.180000 0.200000 0.220000 0.240000 0.260000 0.280000 0.300000 0.320000 0.340000 0.360000 0.380000 0.400000 0.420000 0.440000 0.460000 0.480000 0.500000 0.520000 0.540000 0.560000 0.580000 0.600000 0.620000 0.640000 0.660000 0.680000 0.700000 0.720000 0.740000 0.760000 0.780000 0.800000 0.820000 0.840000 0.860000 0.880000 0.900000 0.920000 0.940000 0.960000 0.980000 1.000000
18 19 28 27 24 31 19 33 31 31 35 35 38 38 39 48 50 54 63 56 65 73 61 97 94 114 82 119 108 136 138 125 129 125 166 139 166 161 174 157 199 185 188 195 184 197 197 197 199 204 205 210 180 204 173 171 178 190 185 187 177 161 160 149 159 126 140 152 147 118 117 115 107 124 90 95 94 73 82 67 71 66 50 40 43 32 28 38 28 21 26 19 11 22 14 16 13 11 4 20
-1.000000 -0.980000 -0.960000 -0.940000 -0.920000 -0.900000 -0.880000 -0.860000 -0.840000 -0.820000 -0.800000 -0.780000 -0.760000 -0.740000 -0.720000 -0.700000 -0.680000 -0.660000 -0.640000 -0.620000 -0.600000 -0.580000 -0.560000 -0.540000 -0.520000 -0.500000 -0.480000 -0.460000 -0.440000 -0.420000 -0.400000 -0.380000 -0.360000 -0.340000 -0.320000 -0.300000 -0.280000 -0.260000 -0.240000 -0.220000 -0.200000 -0.180000 -0.160000 -0.140000 -0.120000 -0.100000 -0.080000 -0.060000 -0.040000 -0.020000 0.000000 0.020000 0.040000 0.060000 0.080000 0.100000 0.120000 0.140000 0.160000 0.180000 0.200000 0.220000 0.240000 0.260000 0.280000 0.300000 0.320000 0.340000 0.360000 0.380000 0.400000 0.420000 0.440000 0.460000 0.480000 0.500000 0.520000 0.540000 0.560000 0.580000 0.600000 0.620000 0.640000 0.660000 0.680000 0.700000 0.720000 0.740000 0.760000 0.780000 0.800000 0.820000 0.840000 0.860000 0.880000 0.900000 0.920000 0.940000 0.960000 0.980000 1.000000
14 26 18 23 31 26 37 27 37 31 36 38 47 39 43 43 53 54 61 71 64 60 80 79 81 115 92 111 112 122 122 142 135 147 143 152 152 165 178 178 192 180 168 191 198 174 215 180 207 199 196 204 172 219 179 174 185 185 163 193 181 158 165 158 153 158 145 145 122 104 105 120 112 135 100 80 95 76 65 74 60 73 54 54 29 39 35 28 33 21 27 19 25 12 15 10 15 13 7 21
-1.000000 -0.980000 -0.960000 -0.940000 -0.920000 -0.900000 -0.880000 -0.860000 -0.840000 -0.820000 -0.800000 -0.780000 -0.760000 -0.740000 -0.720000 -0.700000 -0.680000 -0.660000 -0.640000 -0.620000 -0.600000 -0.580000 -0.560000 -0.540000 -0.520000 -0.500000 -0.480000 -0.460000 -0.440000 -0.420000 -0.400000 -0.380000 -0.360000 -0.340000 -0.320000 -0.300000 -0.280000 -0.260000 -0.240000 -0.220000 -0.200000 -0.180000 -0.160000 -0.140000 -0.120000 -0.100000 -0.080000 -0.060000 -0.040000 -0.020000 0.000000 0.020000 0.040000 0.060000 0.080000 0.100000 0.120000 0.140000 0.160000 0.180000 0.200000 0.220000 0.240000 0.260000 0.280000 0.300000 0.320000 0.340000 0.360000 0.380000 0.400000 0.420000 0.440000 0.460000 0.480000 0.500000 0.520000 0.540000 0.560000 0.580000 0.600000 0.620000 0.640000 0.660000 0.680000 0.700000 0.720000 0.740000 0.760000 0.780000 0.800000 0.820000 0.840000 0.860000 0.880000 0.900000 0.920000 0.940000 0.960000 0.980000 1.000000
19 29 20 31 18 31 29 27 29 33 42 40 41 46 44 45 49 49 64 72 58 75 75 80 86 95 98 119 107 116 146 135 152 148 149 142 149 156 179 193 163 170 169 174 208 207 213 202 199 186 191 196 214 167 194 167 179 180 161 171 180 173 166 175 166 143 137 115 133 127 122 111 114 107 105 98 76 72 70 63 86 64 53 47 40 46 30 34 41 22 24 22 16 15 11 11 15 13 10 20
-1.000000 -0.980000 -0.960000 -0.940000 -0.920000 -0.900000 -0.880000 -0.860000 -0.840000 -0.820000 -0.800000 -0.780000 -0.760000 -0.740000 -0.720000 -0.700000 -0.680000 -0.660000 -0.640000 -0.620000 -0.600000 -0.580000 -0.560000 -0.540000 -0.520000 -0.500000 -0.480000 -0.460000 -0.440000 -0.420000 -0.400000 -0.380000 -0.360000 -0.340000 -0.320000 -0.300000 -0.280000 -0.260000 -0.240000 -0.220000 -0.200000 -0.180000 -0.160000 -0.140000 -0.120000 -0.100000 -0.080000 -0.060000 -0.040000 -0.020000 0.000000 0.020000 0.040000 0.060000 0.080000 0.100000 0.120000 0.140000 0.160000 0.180000 0.200000 0.220000 0.240000 0.260000 0.280000 0.300000 0.320000 0.340000 0.360000 0.380000 0.400000 0.420000 0.440000 0.460000 0.480000 0.500000 0.520000 0.540000 0.560000 0.580000 0.600000 0.620000 0.640000 0.660000 0.680000 0.700000 0.720000 0.740000 0.760000 0.780000 0.800000 0.820000 0.840000 0.860000 0.880000 0.900000 0.920000 0.940000 0.960000 0.980000 1.000000
18 26 21 24 32 23 25 39 36 36 39 40 31 30 50 51 63 56 55 72 61 69 78 87 73 90 97 120 120 117 137 137 152 131 146 165 160 140 189 179 163 184 169 188 207 174 206 218 199 173 184 192 200 206 188 172 159 192 187 181 176 180 135 137 150 156 163 110 125 136 124 127 115 92 107 91 71 76 78 81 66 61 64 35 42 45 37 33 37 27 29 18 14 14 15 14 12 8 11 31
-1.000000 -0.980000 -0.960000 -0.940000 -0.920000 -0.900000 -0.880000 -0.860000 -0.840000 -0.820000 -0.800000 -0.780000 -0.760000 -0.740000 -0.720000 -0.700000 -0.680000 -0.660000 -0.640000 -0.620000 -0.600000 -0.580000 -0.560000 -0.540000 -0.520000 -0.500000 -0.480000 -0.460000 -0.440000 -0.420000 -0.400000 -0.380000 -0.360000 -0.340000 -0.320000 -0.300000 -0.280000 -0.260000 -0.240000 -0.220000 -0.200000 -0.180000 -0.160000 -0.140000 -0.120000 -0.100000 -0.080000 -0.060000 -0.040000 -0.020000 0.000000 0.020000 0.040000 0.060000 0.080000 0.100000 0.120000 0.140000 0.160000 0.180000 0.200000 0.220000 0.240000 0.260000 0.280000 0.300000 0.320000 0.340000 0.360000 0.380000 0.400000 0.420000 0.440000 0.460000 0.480000 0.500000 0.520000 0.540000 0.560000 0.580000 0.600000 0.620000 0.640000 0.660000 0.680000 0.700000 0.720000 0.740000 0.760000 0.780000 0.800000 0.820000 0.840000 0.860000 0.880000 0.900000 0.920000 0.940000 0.960000 0.980000 1.000000
23 19 19 33 30 24 28 38 29 32 43 36 35 46 41 53 43 62 48 78 78 74 81 75 83 99 88 117 112 117 133 132 142 115 157 180 163 152 188 169 189 171 186 181 206 198 176 197 194 173 191 172 202 204 188 201 179 176 164 169 192 144 177 162 126 141 131 132 136 129 133 126 114 105 97 88 95 71 73 64 70 53 56 45 47 43 38 44 38 32 23 20 14 15 12 11 10 13 14 34
-1.000000 -0.980000 -0.960000 -0.940000 -0.920000 -0.900000 -0.880000 -0.860000 -0.840000 -0.820000 -0.800000 -0.780000 -0.760000 -0.740000 -0.720000 -0.700000 -0.680000 -0.660000 -0.640000 -0.620000 -0.600000 -0.580000 -0.560000 -0.540000 -0.520000 -0.500000 -0.480000 -0.460000 -0.440000 -0.420000 -0.400000 -0.380000 -0.360000 -0.340000 -0.320000 -0.300000 -0.280000 -0.260000 -0.240000 -0.220000 -0.200000 -0.180000 -0.160000 -0.140000 -0.120000 -0.100000 -0.080000 -0.060000 -0.040000 -0.020000 0.000000 0.020000 0.040000 0.060000 0.080000 0.100000 0.120000 0.140000 0.160000 0.180000 0.200000 0.220000 0.240000 0.260000 0.280000 0.300000 0.320000 0.340000 0.360000 0.380000 0.400000 0.420000 0.440000 0.460000 0.480000 0.500000 0.520000 0.540000 0.560000 0.580000 0.600000 0.620000 0.640000 0.660000 0.680000 0.700000 0.720000 0.740000 0.760000 0.780000 0.800000 0.820000 0.840000 0.860000 0.880000 0.900000 0.920000 0.940000 0.960000 0.980000 1.000000
22 17 37 24 26 23 34 27 42 41 38 52 31 43 34 45 59 48 69 63 67 73 92 68 89 91 105 107 121 102 121 153 124 145 149 151 163 176 167 189 174 197 179 195 172 193 187 193 182 207 182 183 202 175 191 181 180 179 173 182 163 177 163 133 155 137 129 157 128 124 120 118 97 103 91 99 85 94 79 65 65 74 50 55 45 45 44 29 30 29 28 25 15 19 18 14 9 11 13 30
-1.000000 -0.980000 -0.960000 -0.940000 -0.920000 -0.900000 -0.880000 -0.860000 -0.840000 -0.820000 -0.800000 -0.780000 -0.760000 -0.740000 -0.720000 -0.700000 -0.680000 -0.660000 -0.640000 -0.620000 -0.600000 -0.580000 -0.560000 -0.540000 -0.520000 -0.500000 -0.480000 -0.460000 -0.440000 -0.420000 -0.400000 -0.380000 -0.360000 -0.340000 -0.320000 -0.300000 -0.280000 -0.260000 -0.240000 -0.220000 -0.200000 -0.180000 -0.160000 -0.140000 -0.120000 -0.100000 -0.080000 -0.060000 -0.040000 -0.020000 0.000000 0.020000 0.040000 0.060000 0.080000 0.100000 0.120000 0.140000 0.160000 0.180000 0.200000 0.220000 0.240000 0.260000 0.280000 0.300000 0.320000 0.340000 0.360000 0.380000 0.400000 0.420000 0.440000 0.460000 0.480000 0.500000 0.520000 0.540000 0.560000 0.580000 0.600000 0.620000 0.640000 0.660000 0.680000 0.700000 0.720000 0.740000 0.760000 0.780000 0.800000 0.820000 0.840000 0.860000 0.880000 0.900000 0.920000 0.940000 0.960000 0.980000 1.000000
20 23 26 28 29 40 32 38 23 38 38 46 48 35 48 55 54 54 53 63 60 86 85 77 98 95 101 96 113 113 136 121 134 172 144 143 158 162 157 202 201 167 196 166 193 184 201 187 180 182 183 190 205 174 173 185 198 173 211 182 141 163 160 138 143 143 148 127 127 131 112 103 102 119 92 109 80 75 77 79 63 54 61 54 50 43 48 45 32 41 19 24 20 20 15 10 17 9 9 22
-1.000000 -0.980000 -0.960000 -0.940000 -0.920000 -0.900000 -0.880000 -0.860000 -0.840000 -0.820000 -0.800000 -0.780000 -0.760000 -0.740000 -0.720000 -0.700000 -0.680000 -0.660000 -0.640000 -0.620000 -0.600000 -0.580000 -0.560000 -0.540000 -0.520000 -0.500000 -0.480000 -0.460000 -0.440000 -0.420000 -0.400000 -0.380000 -0.360000 -0.340000 -0.320000 -0.300000 -0.280000 -0.260000 -0.240000 -0.220000 -0.200000 -0.180000 -0.160000 -0.140000 -0.120000 -0.100000 -0.080000 -0.060000 -0.040000 -0.020000 0.000000 0.020000 0.040000 0.060000 0.080000 0.100000 0.120000 0.140000 0.160000 0.180000 0.200000 0.220000 0.240000 0.260000 0.280000 0.300000 0.320000 0.340000 0.360000 0.380000 0.400000 0.420000 0.440000 0.460000 0.480000 0.500000 0.520000 0.540000 0.560000 0.580000 0.600000 0.620000 0.640000 0.660000 0.680000 0.700000 0.720000 0.740000 0.760000 0.780000 0.800000 0.820000 0.840000 0.860000 0.880000 0.900000 0.920000 0.940000 0.960000 0.980000 1.000000
22 17 33 18 46 41 29 27 36 37 37 54 32 45 44 59 52 49 59 68 73 80 88 86 81 97 83 102 119 120 132 124 149 157 132 142 159 182 169 180 188 181 199 181 192 199 186 180 192 169 170 194 193 183 199 165 190 158 197 162 159 167 158 152 133 147 139 131 123 111 121 124 99 103 113 100 96 76 79 57 60 75 58 51 47 49 40 41 35 44 25 24 22 21 16 8 15 9 10 24
-1.000000 -0.980000 -0.960000 -0.940000 -0.920000 -0.900000 -0.880000 -0.860000 -0.840000 -0.820000 -0.800000 -0.780000 -0.760000 -0.740000 -0.720000 -0.700000 -0.680000 -0.660000 -0.640000 -0.620000 -0.600000 -0.580000 -0.560000 -0.540000 -0.520000 -0.500000 -0.480000 -0.460000 -0.440000 -0.420000 -0.400000 -0.380000 -0.360000 -0.340000 -0.320000 -0.300000 -0.280000 -0.260000 -0.240000 -0.220000 -0.200000 -0.180000 -0.160000 -0.140000 -0.120000 -0.100000 -0.080000 -0.060000 -0.040000 -0.020000 0.000000 0.020000 0.040000 0.060000 0.080000 0.100000 0.120000 0.140000 0.160000 0.180000 0.200000 0.220000 0.240000 0.260000 0.280000 0.300000 0.320000 0.340000 0.360000 0.380000 0.400000 0.420000 0.440000 0.460000 0.480000 0.500000 0.520000 0.540000 0.560000 0.580000 0.600000 0.620000 0.640000 0.660000 0.680000 0.700000 0.720000 0.740000 0.760000 0.780000 0.800000 0.820000 0.840000 0.860000 0.880000 0.900000 0.920000 0.940000 0.960000 0.980000 1.000000
24 16 34 34 35 39 51 31 25 30 35 46 45 50 41 46 48 60 58 68 80 81 79 98 86 89 97 107 99 123 124 153 147 121 147 149 159 162 192 185 179 198 177 175 173 187 191 205 179 210 158 190 171 202 167 197 155 181 170 188 160 149 168 154 141 136 141 114 133 118 122 124 110 97 118 98 72 88 73 72 76 50 50 45 57 48 51 39 37 29 31 15 17 31 23 11 7 9 10 29
-1.000000 -0.980000 -0.960000 -0.940000 -0.920000 -0.900000 -0.880000 -0.860000 -0.840000 -0.820000 -0.800000 -0.780000 -0.760000 -0.740000 -0.720000 -0.700000 -0.680000 -0.660000 -0.640000 -0.620000 -0.600000 -0.580000 -0.560000 -0.540000 -0.520000 -0.500000 -0.480000 -0.460000 -0.440000 -0.420000 -0.400000 -0.380000 -0.360000 -0.340000 -0.320000 -0.300000 -0.280000 -0.260000 -0.240000 -0.220000 -0.200000 -0.180000 -0.160000 -0.140000 -0.120000 -0.100000 -0.080000 -0.060000 -0.040000 -0.020000 0.000000 0.020000 0.040000 0.060000 0.080000 0.100000 0.120000 0.140000 0.160000 0.180000 0.200000 0.220000 0.240000 0.260000 0.280000 0.300000 0.320000 0.340000 0.360000 0.380000 0.400000 0.420000 0.440000 0.460000 0.480000 0.500000 0.520000 0.540000 0.560000 0.580000 0.600000 0.620000 0.640000 0.660000 0.680000 0.700000 0.720000 0.740000 0.760000 0.780000 0.800000 0.820000 0.840000 0.860000 0.880000 0.900000 0.920000 0.940000 0.960000 0.980000 1.000000
23 27 36 35 36 33 36 35 38 28 30 49 42 45 57 41 52 62 70 63 84 69 89 80 91 92 117 101 112 108 105 141 122 149 151 159 182 170 181 188 172 180 186 164 192 174 187 191 167 198 186 170 192 177 172 222 166 163 187 143 177 156 154 139 158 146 134 128 120 126 136 108 135 96 88 79 94 71 85 79 82 57 50 58 49 39 49 36 38 27 20 22 22 22 22 16 12 18 10 24
-1.000000 -0.980000 -0.960000 -0.940000 -0.920000 -0.900000 -0.880000 -0.860000 -0.840000 -0.820000 -0.800000 -0.780000 -0.760000 -0.740000 -0.720000 -0.700000 -0.680000 -0.660000 -0.640000 -0.620000 -0.600000 -0.580000 -0.560000 -0.540000 -0.520000 -0.500000 -0.480000 -0.460000 -0.440000 -0.420000 -0.400000 -0.380000 -0.360000 -0.340000 -0.320000 -0.300000 -0.280000 -0.260000 -0.240000 -0.220000 -0.200000 -0.180000 -0.160000 -0.140000 -0.120000 -0.100000 -0.080000 -0.060000 -0.040000 -0.020000 0.000000 0.020000 0.040000 0.060000 0.080000 0.100000 0.120000 0.140000 0.160000 0.180000 0.200000 0.220000 0.240000 0.260000 0.280000 0.300000 0.320000 0.340000 0.360000 0.380000 0.400000 0.420000 0.440000 0.460000 0.480000 0.500000 0.520000 0.540000 0.560000 0.580000 0.600000 0.620000 0.640000 0.660000 0.680000 0.700000 0.720000 0.740000 0.760000 0.780000 0.800000 0.820000 0.840000 0.860000 0.880000 0.900000 0.920000 0.940000 0.960000 0.980000 1.000000
23 25 38 21 40 39 36 34 40 31 45 37 41 50 50 54 58 55 60 72 77 78 92 85 91 88 109 113 106 107 116 145 130 134 147 166 174 166 172 171 194 167 184 167 165 193 184 176 194 173 212 185 178 161 184 187 182 162 149 175 195 168 141 160 149 154 124 125 114 132 122 116 111 119 84 88 77 94 71 85 69 60 47 53 58 46 46 47 40 27 25 15 24 18 19 20 14 17 12 26
-1.000000 -0.980000 -0.960000 -0.940000 -0.920000 -0.900000 -0.880000 -0.860000 -0.840000 -0.820000 -0.800000 -0.780000 -0.760000 -0.740000 -0.720000 -0.700000 -0.680000 -0.660000 -0.640000 -0.620000 -0.600000 -0.580000 -0.560000 -0.540000 -0.520000 -0.500000 -0.480000 -0.460000 -0.440000 -0.420000 -0.400000 -0.380000 -0.360000 -0.340000 -0.320000 -0.300000 -0.280000 -0.260000 -0.240000 -0.220000 -0.200000 -0.180000 -0.160000 -0.140000 -0.120000 -0.100000 -0.080000 -0.060000 -0.040000 -0.020000 0.000000 0.020000 0.040000 0.060000 0.080000 0.100000 0.120000 0.140000 0.160000 0.180000 0.200000 0.220000 0.240000 0.260000 0.280000 0.300000 0.320000 0.340000 0.360000 0.380000 0.400000 0.420000 0.440000 0.460000 0.480000 0.500000 0.520000 0.540000 0.560000 0.580000 0.600000 0.620000 0.640000 0.660000 0.680000 0.700000 0.720000 0.740000 0.760000 0.780000 0.800000 0.820000 0.840000 0.860000 0.880000 0.900000 0.920000 0.940000 0.960000 0.980000 1.000000
29 27 30 36 34 31 37 29 46 31 49 44 39 47 56 57 59 48 72 62 77 83 82 104 70 96 117 109 113 120 125 124 131 149 153 141 144 176 181 177 194 162 157 198 178 155 186 184 190 188 176 200 166 192 169 176 181 178 163 186 174 152 145 135 163 129 136 133 128 117 116 108 114 118 114 101 74 82 83 63 66 66 72 45 59 47 46 44 29 31 27 24 15 17 14 19 18 16 18 28
-1.000000 -0.980000 -0.960000 -0.940000 -0.920000 -0.900000 -0.880000 -0.860000 -0.840000 -0.820000 -0.800000 -0.780000 -0.760000 -0.740000 -0.720000 -0.700000 -0.680000 -0.660000 -0.640000 -0.620000 -0.600000 -0.580000 -0.560000 -0.540000 -0.520000 -0.500000 -0.480000 -0.460000 -0.440000 -0.420000 -0.400000 -0.380000 -0.360000 -0.340000 -0.320000 -0.300000 -0.280000 -0.260000 -0.240000 -0.220000 -0.200000 -0.180000 -0.160000 -0.140000 -0.120000 -0.100000 -0.080000 -0.060000 -0.040000 -0.020000 0.000000 0.020000 0.040000 0.060000 0.080000 0.100000 0.120000 0.140000 0.160000 0.180000 0.200000 0.220000 0.240000 0.260000 0.280000 0.300000 0.320000 0.340000 0.360000 0.380000 0.400000 0.420000 0.440000 0.460000 0.480000 0.500000 0.520000 0.540000 0.560000 0.580000 0.600000 0.620000 0.640000 0.660000 0.680000 0.700000 0.720000 0.740000 0.760000 0.780000 0.800000 0.820000 0.840000 0.860000 0.880000 0.900000 0.920000 0.940000 0.960000 0.980000 1.000000
29 42 38 29 28 27 26 31 38 43 44 49 42 55 61 55 60 52 67 61 54 84 92 115 86 97 107 99 118 121 133 133 131 151 125 156 150 165 171 175 181 180 181 174 168 192 191 156 177 178 162 172 202 195 189 165 182 176 174 143 183 170 159 140 152 137 106 142 133 125 140 104 107 99 96 101 97 89 79 68 56 70 62 60 57 41 42 43 43 21 24 24 29 10 15 16 20 10 18 34
-1.000000 -0.980000 -0.960000 -0.940000 -0.920000 -0.900000 -0.880000 -0.860000 -0.840000 -0.820000 -0.800000 -0.780000 -0.760000 -0.740000 -0.720000 -0.700000 -0.680000 -0.660000 -0.640000 -0.620000 -0.600000 -0.580000 -0.560000 -0.540000 -0.520000 -0.500000 -0.480000 -0.460000 -0.440000 -0.420000 -0.400000 -0.380000 -0.360000 -0.340000 -0.320000 -0.300000 -0.280000 -0.260000 -0.240000 -0.220000 -0.200000 -0.180000 -0.160000 -0.140000 -0.120000 -0.100000 -0.080000 -0.060000 -0.040000 -0.020000 0.000000 0.020000 0.040000 0.060000 0.080000 0.100000 0.120000 0.140000 0.160000 0.180000 0.200000 0.220000 0.240000 0.260000 0.280000 0.300000 0.320000 0.340000 0.360000 0.380000 0.400000 0.420000 0.440000 0.460000 0.480000 0.500000 0.520000 0.540000 0.560000 0.580000 0.600000 0.620000 0.640000 0.660000 0.680000 0.700000 0.720000 0.740000 0.760000 0.780000 0.800000 0.820000 0.840000 0.860000 0.880000 0.900000 0.920000 0.940000 0.960000 0.980000 1.000000
27 30 32 34 39 34 35 31 36 34 50 55 41 50 59 45 58 81 55 86 69 78 88 91 100 104 98 104 116 103 128 121 135 152 157 149 157 145 161 165 174 213 176 168 170 182 175 180 179 196 171 165 175 163 182 159 176 202 197 158 171 157 169 131 145 132 147 143 107 113 117 119 108 103 120 95 86 85 68 86 67 68 49 66 50 53 41 36 37 33 27 27 16 15 16 19 17 15 16 36
-1.000000 -0.980000 -0.960000 -0.940000 -0.920000 -0.900000 -0.880000 -0.860000 -0.840000 -0.820000 -0.800000 -0.780000 -0.760000 -0.740000 -0.720000 -0.700000 -0.680000 -0.660000 -0.640000 -0.620000 -0.600000 -0.580000 -0.560000 -0.540000 -0.520000 -0.500000 -0.480000 -0.460000 -0.440000 -0.420000 -0.400000 -0.380000 -0.360000 -0.340000 -0.320000 -0.300000 -0.280000 -0.260000 -0.240000 -0.220000 -0.200000 -0.180000 -0.160000 -0.140000 -0.120000 -0.100000 -0.080000 -0.060000 -0.040000 -0.020000 0.000000 0.020000 0.040000 0.060000 0.080000 0.100000 0.120000 0.140000 0.160000 0.180000 0.200000 0.220000 0.240000 0.260000 0.280000 0.300000 0.320000 0.340000 0.360000 0.380000 0.400000 0.420000 0.440000 0.460000 0.480000 0.500000 0.520000 0.540000 0.560000 0.580000 0.600000 0.620000 0.640000 0.660000 0.680000 0.700000 0.720000 0.740000 0.760000 0.780000 0.800000 0.820000 0.840000 0.860000 0.880000 0.900000 0.920000 0.940000 0.960000 0.980000 1.000000
23 31 30 43 32 32 36 37 36 40 48 48 44 62 53 60 58 89 63 64 70 72 101 84 88 94 103 111 109 123 101 124 138 138 168 165 156 159 166 152 184 171 156 196 184 184 185 171 191 145 167 197 173 172 178 159 192 179 164 170 186 168 155 139 136 143 141 120 137 120 104 102 110 103 99 102 98 87 69 75 83 63 68 52 56 45 45 47 31 31 32 23 30 13 19 18 12 14 10 45
-1.000000 -0.980000 -0.960000 -0.940000 -0.920000 -0.900000 -0.880000 -0.860000 -0.840000 -0.820000 -0.800000 -0.780000 -0.760000 -0.740000 -0.720000 -0.700000 -0.680000 -0.660000 -0.640000 -0.620000 -0.600000 -0.580000 -0.560000 -0.540000 -0.520000 -0.500000 -0.480000 -0.460000 -0.440000 -0.420000 -0.400000 -0.380000 -0.360000 -0.340000 -0.320000 -0.300000 -0.280000 -0.260000 -0.240000 -0.220000 -0.200000 -0.180000 -0.160000 -0.140000 -0.120000 -0.100000 -0.080000 -0.060000 -0.040000 -0.020000 0.000000 0.020000 0.040000 0.060000 0.080000 0.100000 0.120000 0.140000 0.160000 0.180000 0.200000 0.220000 0.240000 0.260000 0.280000 0.300000 0.320000 0.340000 0.360000 0.380000 0.400000 0.420000 0.440000 0.460000 0.480000 0.500000 0.520000 0.540000 0.560000 0.580000 0.600000 0.620000 0.640000 0.660000 0.680000 0.700000 0.720000 0.740000 0.760000 0.780000 0.800000 0.820000 0.840000 0.860000 0.880000 0.900000 0.920000 0.940000 0.960000 0.980000 1.000000
26 31 39 30 36 40 43 24 29 52 48 52 50 48 55 55 88 61 73 79 83 77 78 85 100 90 97 100 117 101 122 146 129 148 128 157 149 162 158 167 170 188 184 191 132 189 188 190 188 165 173 180 181 174 171 167 174 187 176 183 136 163 156 161 123 151 136 135 125 125 107 117 110 97 86 89 87 93 81 66 82 74 53 71 52 58 34 38 45 39 30 27 25 17 12 15 16 10 11 43
-1.000000 -0.980000 -0.960000 -0.940000 -0.920000 -0.900000 -0.880000 -0.860000 -0.840000 -0.820000 -0.800000 -0.780000 -0.760000 -0.740000 -0.720000 -0.700000 -0.680000 -0.660000 -0.640000 -0.620000 -0.600000 -0.580000 -0.560000 -0.540000 -0.520000 -0.500000 -0.480000 -0.460000 -0.440000 -0.420000 -0.400000 -0.380000 -0.360000 -0.340000 -0.320000 -0.300000 -0.280000 -0.260000 -0.240000 -0.220000 -0.200000 -0.180000 -0.160000 -0.140000 -0.120000 -0.100000 -0.080000 -0.060000 -0.040000 -0.020000 0.000000 0.020000 0.040000 0.060000 0.080000 0.100000 0.120000 0.140000 0.160000 0.180000 0.200000 0.220000 0.240000 0.260000 0.280000 0.300000 0.320000 0.340000 0.360000 0.380000 0.400000 0.420000 0.440000 0.460000 0.480000 0.500000 0.520000 0.540000 0.560000 0.580000 0.600000 0.620000 0.640000 0.660000 0.680000 0.700000 0.720000 0.740000 0.760000 0.780000 0.800000 0.820000 0.840000 0.860000 0.880000 0.900000 0.920000 0.940000 0.960000 0.980000 1.000000
31 30 35 34 47 31 36 36 41 54 41 49 41 64 53 56 73 58 78 91 75 81 93 88 86 87 89 91 103 131 126 129 140 133 136 154 152 163 159 167 151 165 172 186 195 197 178 172 182 178 204 177 157 172 173 156 192 168 151 161 170 186 158 149 133 146 125 146 111 152 110 109 107 94 105 77 74 89 84 68 74 83 71 50 55 44 48 44 46 36 34 21 20 24 14 17 12 10 12 43
-1.000000 -0.980000 -0.960000 -0.940000 -0.920000 -0.900000 -0.880000 -0.860000 -0.840000 -0.820000 -0.800000 -0.780000 -0.760000 -0.740000 -0.720000 -0.700000 -0.680000 -0.660000 -0.640000 -0.620000 -0.600000 -0.580000 -0.560000 -0.540000 -0.520000 -0.500000 -0.480000 -0.460000 -0.440000 -0.420000 -0.400000 -0.380000 -0.360000 -0.340000 -0.320000 -0.300000 -0.280000 -0.260000 -0.240000 -0.220000 -0.200000 -0.180000 -0.160000 -0.140000 -0.120000 -0.100000 -0.080000 -0.060000 -0.040000 -0.020000 0.000000 0.020000 0.040000 0.060000 0.080000 0.100000 0.120000 0.140000 0.160000 0.180000 0.200000 0.220000 0.240000 0.260000 0.280000 0.300000 0.320000 0.340000 0.360000 0.380000 0.400000 0.420000 0.440000 0.460000 0.480000 0.500000 0.520000 0.540000 0.560000 0.580000 0.600000 0.620000 0.640000 0.660000 0.680000 0.700000 0.720000 0.740000 0.760000 0.780000 0.800000 0.820000 0.840000 0.860000 0.880000 0.900000 0.920000 0.940000 0.960000 0.980000 1.000000
32 40 36 38 43 36 39 37 42 51 34 49 57 47 54 66 68 77 70 66 77 77 82 102 70 103 105 93 119 117 133 118 141 124 153 156 152 158 156 170 164 184 154 185 178 198 165 183 177 176 180 170 165 194 177 176 158 158 158 162 161 173 161 155 149 139 145 125 113 126 142 99 116 95 90 96 93 84 68 64 67 68 79 64 66 41 49 44 29 39 29 23 28 16 22 18 13 14 10 37
-1.000000 -0.980000 -0.960000 -0.940000 -0.920000 -0.900000 -0.880000 -0.860000 -0.840000 -0.820000 -0.800000 -0.780000 -0.760000 -0.740000 -0.720000 -0.700000 -0.680000 -0.660000 -0.640000 -0.620000 -0.600000 -0.580000 -0.560000 -0.540000 -0.520000 -0.500000 -0.480000 -0.460000 -0.440000 -0.420000 -0.400000 -0.380000 -0.360000 -0.340000 -0.320000 -0.300000 -0.280000 -0.260000 -0.240000 -0.220000 -0.200000 -0.180000 -0.160000 -0.140000 -0.120000 -0.100000 -0.080000 -0.060000 -0.040000 -0.020000 0.000000 0.020000 0.040000 0.060000 0.080000 0.100000 0.120000 0.140000 0.160000 0.180000 0.200000 0.220000 0.240000 0.260000 0.280000 0.300000 0.320000 0.340000 0.360000 0.380000 0.400000 0.420000 0.440000 0.460000 0.480000 0.500000 0.520000 0.540000 0.560000 0.580000 0.600000 0.620000 0.640000 0.660000 0.680000 0.700000 0.720000 0.740000 0.760000 0.780000 0.800000 0.820000 0.840000 0.860000 0.880000 0.900000 0.920000 0.940000 0.960000 0.980000 1.000000
30 42 32 42 37 46 36 47 41 43 48 53 47 37 72 74 69 60 73 76 61 72 82 88 80 109 103 112 99 125 133 112 155 139 151 145 136 162 167 159 155 168 178 175 189 191 167 170 173 184 167 197 182 168 170 163 168 173 168 155 163 161 155 143 143 143 130 130 147 113 142 116 100 115 77 87 97 75 79 70 61 82 62 65 55 52 39 46 42 35 29 24 23 24 21 25 13 12 11 37
-1.000000 -0.980000 -0.960000 -0.940000 -0.920000 -0.900000 -0.880000 -0.860000 -0.840000 -0.820000 -0.800000 -0.780000 -0.760000 -0.740000 -0.720000 -0.700000 -0.680000 -0.660000 -0.640000 -0.620000 -0.600000 -0.580000 -0.560000 -0.540000 -0.520000 -0.500000 -0.480000 -0.460000 -0.440000 -0.420000 -0.400000 -0.380000 -0.360000 -0.340000 -0.320000 -0.300000 -0.280000 -0.260000 -0.240000 -0.220000 -0.200000 -0.180000 -0.160000 -0.140000 -0.120000 -0.100000 -0.080000 -0.060000 -0.040000 -0.020000 0.000000 0.020000 0.040000 0.060000 0.080000 0.100000 0.120000 0.140000 0.160000 0.180000 0.200000 0.220000 0.240000 0.260000 0.280000 0.300000 0.320000 0.340000 0.360000 0.380000 0.400000 0.420000 0.440000 0.460000 0.480000 0.500000 0.520000 0.540000 0.560000 0.580000 0.600000 0.620000 0.640000 0.660000 0.680000 0.700000 0.720000 0.740000 0.760000 0.780000 0.800000 0.820000 0.840000 0.860000 0.880000 0.900000 0.920000 0.940000 0.960000 0.980000 1.000000
34 29 35 39 47 52 41 44 49 38 46 46 52 60 58 48 64 73 72 74 70 73 67 99 95 105 101 93 121 120 148 134 137 146 132 156 133 145 166 178 157 184 146 165 195 186 173 145 178 146 202 195 186 169 166 181 156 163 169 158 153 173 169 148 137 137 147 127 134 115 116 128 111 112 75 98 94 76 66 61 86 82 59 56 49 58 41 48 32 33 30 25 24 28 21 31 14 10 14 42
-1.000000 -0.980000 -0.960000 -0.940000 -0.920000 -0.900000 -0.880000 -0.860000 -0.840000 -0.820000 -0.800000 -0.780000 -0.760000 -0.740000 -0.720000 -0.700000 -0.680000 -0.660000 -0.640000 -0.620000 -0.600000 -0.580000 -0.560000 -0.540000 -0.520000 -0.500000 -0.480000 -0.460000 -0.440000 -0.420000 -0.400000 -0.380000 -0.360000 -0.340000 -0.320000 -0.300000 -0.280000 -0.260000 -0.240000 -0.220000 -0.200000 -0.180000 -0.160000 -0.140000 -0.120000 -0.100000 -0.080000 -0.060000 -0.040000 -0.020000 0.000000 0.020000 0.040000 0.060000 0.080000 0.100000 0.120000 0.140000 0.160000 0.180000 0.200000 0.220000 0.240000 0.260000 0.280000 0.300000 0.320000 0.340000 0.360000 0.380000 0.400000 0.420000 0.440000 0.460000 0.480000 0.500000 0.520000 0.540000 0.560000 0.580000 0.600000 0.620000 0.640000 0.660000 0.680000 0.700000 0.720000 0.740000 0.760000 0.780000 0.800000 0.820000 0.840000 0.860000 0.880000 0.900000 0.920000 0.940000 0.960000 0.980000 1.000000
30 33 38 39 38 52 36 49 51 44 51 55 51 48 53 56 70 76 62 57 68 81 86 82 100 102 110 91 115 118 149 129 130 142 148 137 160 171 155 151 181 162 163 164 161 165 176 175 191 176 170 172 188 162 179 169 146 177 166 171 164 160 172 146 129 156 119 117 155 140 133 106 101 86 100 85 89 81 74 66 63 70 67 77 61 49 46 41 37 28 32 26 26 30 27 19 19 8 16 51
-1.000000 -0.980000 -0.960000 -0.940000 -0.920000 -0.900000 -0.880000 -0.860000 -0.840000 -0.820000 -0.800000 -0.780000 -0.760000 -0.740000 -0.720000 -0.700000 -0.680000 -0.660000 -0.640000 -0.620000 -0.600000 -0.580000 -0.560000 -0.540000 -0.520000 -0.500000 -0.480000 -0.460000 -0.440000 -0.420000 -0.400000 -0.380000 -0.360000 -0.340000 -0.320000 -0.300000 -0.280000 -0.260000 -0.240000 -0.220000 -0.200000 -0.180000 -0.160000 -0.140000 -0.120000 -0.100000 -0.080000 -0.060000 -0.040000 -0.020000 0.000000 0.020000 0.040000 0.060000 0.080000 0.100000 0.120000 0.140000 0.160000 0.180000 0.200000 0.220000 0.240000 0.260000 0.280000 0.300000 0.320000 0.340000 0.360000 0.380000 0.400000 0.420000 0.440000 0.460000 0.480000 0.500000 0.520000 0.540000 0.560000 0.580000 0.600000 0.620000 0.640000 0.660000 0.680000 0.700000 0.720000 0.740000 0.760000 0.780000 0.800000 0.820000 0.840000 0.860000 0.880000 0.900000 0.920000 0.940000 0.960000 0.980000 1.000000
32 36 38 34 50 45 47 37 56 45 48 57 58 56 55 59 66 66 68 71 82 81 76 75 89 107 94 98 127 120 114 133 148 123 149 144 159 163 161 159 162 186 166 166 155 184 175 170 184 163 193 161 193 180 149 160 167 187 155 175 166 142 134 157 140 155 135 154 124 114 143 106 105 101 96 94 73 76 69 72 71 65 69 74 58 59 38 41 38 31 23 36 24 23 29 14 18 20 12 44
-1.000000 -0.980000 -0.960000 -0.940000 -0.920000 -0.900000 -0.880000 -0.860000 -0.840000 -0.820000 -0.800000 -0.780000 -0.760000 -0.740000 -0.720000 -0.700000 -0.680000 -0.660000 -0.640000 -0.620000 -0.600000 -0.580000 -0.560000 -0.540000 -0.520000 -0.500000 -0.480000 -0.460000 -0.440000 -0.420000 -0.400000 -0.380000 -0.360000 -0.340000 -0.320000 -0.300000 -0.280000 -0.260000 -0.240000 -0.220000 -0.200000 -0.180000 -0.160000 -0.140000 -0.120000 -0.100000 -0.080000 -0.060000 -0.040000 -0.020000 0.000000 0.020000 0.040000 0.060000 0.080000 0.100000 0.120000 0.140000 0.160000 0.180000 0.200000 0.220000 0.240000 0.260000 0.280000 0.300000 0.320000 0.340000 0.360000 0.380000 0.400000 0.420000 0.440000 0.460000 0.480000 0.500000 0.520000 0.540000 0.560000 0.580000 0.600000 0.620000 0.640000 0.660000 0.680000 0.700000 0.720000 0.740000 0.760000 0.780000 0.800000 0.820000 0.840000 0.860000 0.880000 0.900000 0.920000 0.940000 0.960000 0.980000 1.000000
35 35 45 50 39 33 54 45 42 40 57 50 57 65 62 64 55 70 80 65 66 86 71 91 109 99 76 125 117 122 100 114 135 163 135 146 145 157 165 146 178 161 184 173 174 166 150 187 171 187 196 176 175 168 156 147 179 178 196 156 140 148 152 152 134 125 145 155 136 110 125 105 117 100 106 74 84 98 62 73 74 67 74 59 69 49 43 39 40 30 31 28 29 23 34 14 12 20 20 35
-1.000000 -0.980000 -0.960000 -0.940000 -0.920000 -0.900000 -0.880000 -0.860000 -0.840000 -0.820000 -0.800000 -0.780000 -0.760000 -0.740000 -0.720000 -0.700000 -0.680000 -0.660000 -0.640000 -0.620000 -0.600000 -0.580000 -0.560000 -0.540000 -0.520000 -0.500000 -0.480000 -0.460000 -0.440000 -0.420000 -0.400000 -0.380000 -0.360000 -0.340000 -0.320000 -0.300000 -0.280000 -0.260000 -0.240000 -0.220000 -0.200000 -0.180000 -0.160000 -0.140000 -0.120000 -0.100000 -0.080000 -0.060000 -0.040000 -0.020000 0.000000 0.020000 0.040000 0.060000 0.080000 0.100000 0.120000 0.140000 0.160000 0.180000 0.200000 0.220000 0.240000 0.260000 0.280000 0.300000 0.320000 0.340000 0.360000 0.380000 0.400000 0.420000 0.440000 0.460000 0.480000 0.500000 0.520000 0.540000 0.560000 0.580000 0.600000 0.620000 0.640000 0.660000 0.680000 0.700000 0.720000 0.740000 0.760000 0.780000 0.800000 0.820000 0.840000 0.860000 0.880000 0.900000 0.920000 0.940000 0.960000 0.980000 1.000000
30 46 38 37 54 37 51 45 51 48 49 47 58 65 60 55 61 67 60 79 74 85 86 91 83 103 96 119 97 128 114 124 124 135 146 146 150 158 177 151 155 150 182 179 182 159 151 194 175 206 166 188 165 177 171 173 160 171 177 156 147 160 145 140 151 131 146 126 110 130 145 111 94 95 107 67 96 87 86 66 65 69 70 77 50 55 51 36 40 31 28 31 26 32 24 20 17 15 11 50
-1.000000 -0.980000 -0.960000 -0.940000 -0.920000 -0.900000 -0.880000 -0.860000 -0.840000 -0.820000 -0.800000 -0.780000 -0.760000 -0.740000 -0.720000 -0.700000 -0.680000 -0.660000 -0.640000 -0.620000 -0.600000 -0.580000 -0.560000 -0.540000 -0.520000 -0.500000 -0.480000 -0.460000 -0.440000 -0.420000 -0.400000 -0.380000 -0.360000 -0.340000 -0.320000 -0.300000 -0.280000 -0.260000 -0.240000 -0.220000 -0.200000 -0.180000 -0.160000 -0.140000 -0.120000 -0.100000 -0.080000 -0.060000 -0.040000 -0.020000 0.000000 0.020000 0.040000 0.060000 0.080000 0.100000 0.120000 0.140000 0.160000 0.180000 0.200000 0.220000 0.240000 0.260000 0.280000 0.300000 0.320000 0.340000 0.360000 0.380000 0.400000 0.420000 0.440000 0.460000 0.480000 0.500000 0.520000 0.540000 0.560000 0.580000 0.600000 0.620000 0.640000 0.660000 0.680000 0.700000 0.720000 0.740000 0.760000 0.780000 0.800000 0.820000 0.840000 0.860000 0.880000 0.900000 0.920000 0.940000 0.960000 0.980000 1.000000
38 38 42 49 35 48 50 54 51 43 58 46 66 56 57 55 62 58 70 76 72 81 78 101 91 93 98 114 108 115 107 132 136 147 142 137 146 148 146 159 172 168 162 174 187 175 167 175 198 164 189 177 167 178 165 176 170 161 175 153 163 154 161 133 141 141 110 158 132 101 109 136 118 86 99 75 89 78 84 79 71 71 71 61 68 52 48 43 23 35 37 35 27 22 28 14 19 19 9 44
-1.000000 -0.980000 -0.960000 -0.940000 -0.920000 -0.900000 -0.880000 -0.860000 -0.840000 -0.820000 -0.800000 -0.780000 -0.760000 -0.740000 -0.720000 -0.700000 -0.680000 -0.660000 -0.640000 -0.620000 -0.600000 -0.580000 -0.560000 -0.540000 -0.520000 -0.500000 -0.480000 -0.460000 -0.440000 -0.420000 -0.400000 -0.380000 -0.360000 -0.340000 -0.320000 -0.300000 -0.280000 -0.260000 -0.240000 -0.220000 -0.200000 -0.180000 -0.160000 -0.140000 -0.120000 -0.100000 -0.080000 -0.060000 -0.040000 -0.020000 0.000000 0.020000 0.040000 0.060000 0.080000 0.100000 0.120000 0.140000 0.160000 0.180000 0.200000 0.220000 0.240000 0.260000 0.280000 0.300000 0.320000 0.340000 0.360000 0.380000 0.400000 0.420000 0.440000 0.460000 0.480000 0.500000 0.520000 0.540000 0.560000 0.580000 0.600000 0.620000 0.640000 0.660000 0.680000 0.700000 0.720000 0.740000 0.760000 0.780000 0.800000 0.820000 0.840000 0.860000 0.880000 0.900000 0.920000 0.940000 0.960000 0.980000 1.000000
32 45 38 53 41 54 45 40 47 59 50 44 55 54 59 59 57 64 70 74 75 79 93 98 89 115 96 84 125 119 117 118 120 148 153 144 127 169 161 142 155 154 192 192 194 161 161 168 165 182 155 185 208 159 184 167 165 166 167 161 156 163 151 141 140 128 118 122 129 130 118 129 104 110 87 77 85 80 78 80 81 72 69 62 57 65 41 37 30 41 34 29 32 23 21 25 15 21 17 49
-1.000000 -0.980000 -0.960000 -0.940000 -0.920000 -0.900000 -0.880000 -0.860000 -0.840000 -0.820000 -0.800000 -0.780000 -0.760000 -0.740000 -0.720000 -0.700000 -0.680000 -0.660000 -0.640000 -0.620000 -0.600000 -0.580000 -0.560000 -0.540000 -0.520000 -0.500000 -0.480000 -0.460000 -0.440000 -0.420000 -0.400000 -0.380000 -0.360000 -0.340000 -0.320000 -0.300000 -0.280000 -0.260000 -0.240000 -0.220000 -0.200000 -0.180000 -0.160000 -0.140000 -0.120000 -0.100000 -0.080000 -0.060000 -0.040000 -0.020000 0.000000 0.020000 0.040000 0.060000 0.080000 0.100000 0.120000 0.140000 0.160000 0.180000 0.200000 0.220000 0.240000 0.260000 0.280000 0.300000 0.320000 0.340000 0.360000 0.380000 0.400000 0.420000 0.440000 0.460000 0.480000 0.500000 0.520000 0.540000 0.560000 0.580000 0.600000 0.620000 0.640000 0.660000 0.680000 0.700000 0.720000 0.740000 0.760000 0.780000 0.800000 0.820000 0.840000 0.860000 0.880000 0.900000 0.920000 0.940000 0.960000 0.980000 1.000000
38 47 30 48 53 61 38 53 38 45 66 64 46 44 61 62 77 68 73 51 74 83 92 105 81 111 96 98 115 121 110 135 142 121 144 144 156 139 152 158 157 161 179 177 172 166 167 172 182 169 181 155 181 167 169 190 153 190 173 147 162 172 147 135 136 136 120 136 116 130 117 118 110 99 100 87 83 75 92 68 78 68 57 54 68 60 48 40 37 42 34 27 28 21 25 26 21 19 15 45
-1.000000 -0.980000 -0.960000 -0.940000 -0.920000 -0.900000 -0.880000 -0.860000 -0.840000 -0.820000 -0.800000 -0.780000 -0.760000 -0.740000 -0.720000 -0.700000 -0.680000 -0.660000 -0.640000 -0.620000 -0.600000 -0.580000 -0.560000 -0.540000 -0.520000 -0.500000 -0.480000 -0.460000 -0.440000 -0.420000 -0.400000 -0.380000 -0.360000 -0.340000 -0.320000 -0.300000 -0.280000 -0.260000 -0.240000 -0.220000 -0.200000 -0.180000 -0.160000 -0.140000 -0.120000 -0.100000 -0.080000 -0.060000 -0.040000 -0.020000 0.000000 0.020000 0.040000 0.060000 0.080000 0.100000 0.120000 0.140000 0.160000 0.180000 0.200000 0.220000 0.240000 0.260000 0.280000 0.300000 0.320000 0.340000 0.360000 0.380000 0.400000 0.420000 0.440000 0.460000 0.480000 0.500000 0.520000 0.540000 0.560000 0.580000 0.600000 0.620000 0.640000 0.660000 0.680000 0.700000 0.720000 0.740000 0.760000 0.780000 0.800000 0.820000 0.840000 0.860000 0.880000 0.900000 0.920000 0.940000 0.960000 0.980000 1.000000
27 46 41 50 56 50 43 54 54 57 49 48 50 54 58 55 68 69 86 64 91 84 73 73 96 98 105 124 106 109 130 130 138 133 140 149 134 149 158 159 135 165 164 168 191 157 174 181 175 170 182 207 159 156 148 182 169 181 161 155 179 153 160 144 130 137 108 138 125 111 111 119 110 106 105 71 96 76 87 82 71 75 70 48 52 53 46 46 36 35 45 31 27 25 22 18 19 22 17 56
-1.000000 -0.980000 -0.960000 -0.940000 -0.920000 -0.900000 -0.880000 -0.860000 -0.840000 -0.820000 -0.800000 -0.780000 -0.760000 -0.740000 -0.720000 -0.700000 -0.680000 -0.660000 -0.640000 -0.620000 -0.600000 -0.580000 -0.560000 -0.540000 -0.520000 -0.500000 -0.480000 -0.460000 -0.440000 -0.420000 -0.400000 -0.380000 -0.360000 -0.340000 -0.320000 -0.300000 -0.280000 -0.260000 -0.240000 -0.220000 -0.200000 -0.180000 -0.160000 -0.140000 -0.120000 -0.100000 -0.080000 -0.060000 -0.040000 -0.020000 0.000000 0.020000 0.040000 0.060000 0.080000 0.100000 0.120000 0.140000 0.160000 0.180000 0.200000 0.220000 0.240000 0.260000 0.280000 0.300000 0.320000 0.340000 0.360000 0.380000 0.400000 0.420000 0.440000 0.460000 0.480000 0.500000 0.520000 0.540000 0.560000 0.580000 0.600000 0.620000 0.640000 0.660000 0.680000 0.700000 0.720000 0.740000 0.760000 0.780000 0.800000 0.820000 0.840000 0.860000 0.880000 0.900000 0.920000 0.940000 0.960000 0.980000 1.000000
41 54 53 38 57 38 50 43 64 50 59 53 43 62 56 61 61 66 76 73 96 91 80 84 78 121 94 103 115 117 128 137 147 125 134 130 147 130 157 159 140 157 175 185 165 171 170 158 178 207 192 150 162 161 172 190 173 138 183 170 168 148 152 137 131 126 125 124 122 124 128 116 95 107 102 90 93 87 77 80 69 71 50 59 58 44 62 47 41 33 44 25 21 30 27 22 22 11 15 49
-1.000000 -0.980000 -0.960000 -0.940000 -0.920000 -0.900000 -0.880000 -0.860000 -0.840000 -0.820000 -0.800000 -0.780000 -0.760000 -0.740000 -0.720000 -0.700000 -0.680000 -0.660000 -0.640000 -0.620000 -0.600000 -0.580000 -0.560000 -0.540000 -0.520000 -0.500000 -0.480000 -0.460000 -0.440000 -0.420000 -0.400000 -0.380000 -0.360000 -0.340000 -0.320000 -0.300000 -0.280000 -0.260000 -0.240000 -0.220000 -0.200000 -0.180000 -0.160000 -0.140000 -0.120000 -0.100000 -0.080000 -0.060000 -0.040000 -0.020000 0.000000 0.020000 0.040000 0.060000 0.080000 0.100000 0.120000 0.140000 0.160000 0.180000 0.200000 0.220000 0.240000 0.260000 0.280000 0.300000 0.320000 0.340000 0.360000 0.380000 0.400000 0.420000 0.440000 0.460000 0.480000 0.500000 0.520000 0.540000 0.560000 0.580000 0.600000 0.620000 0.640000 0.660000 0.680000 0.700000 0.720000 0.740000 0.760000 0.780000 0.800000 0.820000 0.840000 0.860000 0.880000 0.900000 0.920000 0.940000 0.960000 0.980000 1.000000
40 43 41 50 61 46 47 49 50 57 58 61 50 61 62 73 71 58 59 81 73 74 87 100 97 97 99 93 121 118 128 128 119 157 138 132 141 151 162 156 141 144 176 170 158 165 196 169 162 174 171 182 165 169 207 169 156 141 174 160 163 145 154 154 145 120 119 129 105 126 117 116 106 96 111 97 82 93 84 78 69 73 64 55 51 48 46 56 43 41 26 30 35 26 22 22 26 21 12 56
-1.000000 -0.980000 -0.960000 -0.940000 -0.920000 -0.900000 -0.880000 -0.860000 -0.840000 -0.820000 -0.800000 -0.780000 -0.760000 -0.740000 -0.720000 -0.700000 -0.680000 -0.660000 -0.640000 -0.620000 -0.600000 -0.580000 -0.560000 -0.540000 -0.520000 -0.500000 -0.480000 -0.460000 -0.440000 -0.420000 -0.400000 -0.380000 -0.360000 -0.340000 -0.320000 -0.300000 -0.280000 -0.260000 -0.240000 -0.220000 -0.200000 -0.180000 -0.160000 -0.140000 -0.120000 -0.100000 -0.080000 -0.060000 -0.040000 -0.020000 0.000000 0.020000 0.040000 0.060000 0.080000 0.100000 0.120000 0.140000 0.160000 0.180000 0.200000 0.220000 0.240000 0.260000 0.280000 0.300000 0.320000 0.340000 0.360000 0.380000 0.400000 0.420000 0.440000 0.460000 0.480000 0.500000 0.520000 0.540000 0.560000 0.580000 0.600000 0.620000 0.640000 0.660000 0.680000 0.700000 0.720000 0.740000 0.760000 0.780000 0.800000 0.820000 0.840000 0.860000 0.880000 0.900000 0.920000 0.940000 0.960000 0.980000 1.000000
32 45 59 55 45 61 58 47 44 56 61 65 56 55 60 66 56 57 67 74 83 80 98 90 111 86 100 110 112 123 111 137 133 132 136 129 136 160 167 150 158 158 157 146 171 176 160 165 153 179 174 179 187 184 159 173 184 143 153 173 168 134 152 150 125 129 147 119 123 125 103 122 118 102 87 98 81 87 77 69 82 77 65 60 56 62 42 44 37 40 39 35 24 28 18 29 17 15 16 63
-1.000000 -0.980000 -0.960000 -0.940000 -0.920000 -0.900000 -0.880000 -0.860000 -0.840000 -0.820000 -0.800000 -0.780000 -0.760000 -0.740000 -0.720000 -0.700000 -0.680000 -0.660000 -0.640000 -0.620000 -0.600000 -0.580000 -0.560000 -0.540000 -0.520000 -0.500000 -0.480000 -0.460000 -0.440000 -0.420000 -0.400000 -0.380000 -0.360000 -0.340000 -0.320000 -0.300000 -0.280000 -0.260000 -0.240000 -0.220000 -0.200000 -0.180000 -0.160000 -0.140000 -0.120000 -0.100000 -0.080000 -0.060000 -0.040000 -0.020000 0.000000 0.020000 0.040000 0.060000 0.080000 0.100000 0.120000 0.140000 0.160000 0.180000 0.200000 0.220000 0.240000 0.260000 0.280000 0.300000 0.320000 0.340000 0.360000 0.380000 0.400000 0.420000 0.440000 0.460000 0.480000 0.500000 0.520000 0.540000 0.560000 0.580000 0.600000 0.620000 0.640000 0.660000 0.680000 0.700000 0.720000 0.740000 0.760000 0.780000 0.800000 0.820000 0.840000 0.860000 0.880000 0.900000 0.920000 0.940000 0.960000 0.980000 1.000000
47 49 48 54 44 53 54 60 63 44 71 63 57 52 66 61 54 50 66 76 75 88 71 109 101 98 100 110 112 99 150 137 146 127 139 133 134 125 142 163 170 168 150 180 165 170 133 155 190 162 195 155 167 159 159 198 169 175 149 162 163 157 154 154 133 127 116 131 119 124 131 120 101 88 102 95 85 79 81 76 69 69 58 57 76 55 42 53 45 32 37 23 33 32 28 21 16 19 21 56
-1.000000 -0.980000 -0.960000 -0.940000 -0.920000 -0.900000 -0.880000 -0.860000 -0.840000 -0.820000 -0.800000 -0.780000 -0.760000 -0.740000 -0.720000 -0.700000 -0.680000 -0.660000 -0.640000 -0.620000 -0.600000 -0.580000 -0.560000 -0.540000 -0.520000 -0.500000 -0.480000 -0.460000 -0.440000 -0.420000 -0.400000 -0.380000 -0.360000 -0.340000 -0.320000 -0.300000 -0.280000 -0.260000 -0.240000 -0.220000 -0.200000 -0.180000 -0.160000 -0.140000 -0.120000 -0.100000 -0.080000 -0.060000 -0.040000 -0.020000 0.000000 0.020000 0.040000 0.060000 0.080000 0.100000 0.120000 0.140000 0.160000 0.180000 0.200000 0.220000 0.240000 0.260000 0.280000 0.300000 0.320000 0.340000 0.360000 0.380000 0.400000 0.420000 0.440000 0.460000 0.480000 0.500000 0.520000 0.540000 0.560000 0.580000 0.600000 0.620000 0.640000 0.660000 0.680000 0.700000 0.720000 0.740000 0.760000 0.780000 0.800000 0.820000 0.840000 0.860000 0.880000 0.900000 0.920000 0.940000 0.960000 0.980000 1.000000
37 37 63 49 54 53 55 72 60 62 58 48 69 58 55 61 56 60 81 84 64 76 85 89 78 122 106 101 118 123 138 130 125 133 132 139 138 149 136 128 173 163 171 171 174 158 148 161 165 185 178 164 153 197 146 183 163 175 178 136 183 114 164 161 143 138 120 113 103 124 119 111 113 111 100 84 85 79 79 84 75 59 74 68 50 43 56 60 46 36 28 28 33 32 31 21 22 13 20 53
-1.000000 -0.980000 -0.960000 -0.940000 -0.920000 -0.900000 -0.880000 -0.860000 -0.840000 -0.820000 -0.800000 -0.780000 -0.760000 -0.740000 -0.720000 -0.700000 -0.680000 -0.660000 -0.640000 -0.620000 -0.600000 -0.580000 -0.560000 -0.540000 -0.520000 -0.500000 -0.480000 -0.460000 -0.440000 -0.420000 -0.400000 -0.380000 -0.360000 -0.340000 -0.320000 -0.300000 -0.280000 -0.260000 -0.240000 -0.220000 -0.200000 -0.180000 -0.160000 -0.140000 -0.120000 -0.100000 -0.080000 -0.060000 -0.040000 -0.020000 0.000000 0.020000 0.040000 0.060000 0.080000 0.100000 0.120000 0.140000 0.160000 0.180000 0.200000 0.220000 0.240000 0.260000 0.280000 0.300000 0.320000 0.340000 0.360000 0.380000 0.400000 0.420000 0.440000 0.460000 0.480000 0.500000 0.520000 0.540000 0.560000 0.580000 0.600000 0.620000 0.640000 0.660000 0.680000 0.700000 0.720000 0.740000 0.760000 0.780000 0.800000 0.820000 0.840000 0.860000 0.880000 0.900000 0.920000 0.940000 0.960000 0.980000 1.000000
32 37 65 57 60 57 58 59 60 69 60 62 52 45 56 66 64 53 86 70 66 89 94 90 97 102 95 119 121 107 124 118 133 150 142 127 130 145 153 143 136 171 161 195 168 151 166 165 147 201 144 152 184 170 178 174 172 172 181 166 143 144 129 145 135 134 136 133 117 106 125 108 102 99 104 101 85 75 67 77 77 75 62 63 56 60 42 51 45 50 40 34 27 23 29 19 26 17 21 51
-1.000000 -0.980000 -0.960000 -0.940000 -0.920000 -0.900000 -0.880000 -0.860000 -0.840000 -0.820000 -0.800000 -0.780000 -0.760000 -0.740000 -0.720000 -0.700000 -0.680000 -0.660000 -0.640000 -0.620000 -0.600000 -0.580000 -0.560000 -0.540000 -0.520000 -0.500000 -0.480000 -0.460000 -0.440000 -0.420000 -0.400000 -0.380000 -0.360000 -0.340000 -0.320000 -0.300000 -0.280000 -0.260000 -0.240000 -0.220000 -0.200000 -0.180000 -0.160000 -0.140000 -0.120000 -0.100000 -0.080000 -0.060000 -0.040000 -0.020000 0.000000 0.020000 0.040000 0.060000 0.080000 0.100000 0.120000 0.140000 0.160000 0.180000 0.200000 0.220000 0.240000 0.260000 0.280000 0.300000 0.320000 0.340000 0.360000 0.380000 0.400000 0.420000 0.440000 0.460000 0.480000 0.500000 0.520000 0.540000 0.560000 0.580000 0.600000 0.620000 0.640000 0.660000 0.680000 0.700000 0.720000 0.740000 0.760000 0.780000 0.800000 0.820000 0.840000 0.860000 0.880000 0.900000 0.920000 0.940000 0.960000 0.980000 1.000000
41 50 59 54 59 62 63 44 64 62 52 61 45 65 58 61 54 60 71 76 83 90 95 80 97 92 113 120 127 107 145 108 120 121 153 146 141 138 132 150 173 161 159 162 158 175 154 163 176 178 163 148 179 174 154 167 161 185 152 166 151 157 150 142 135 130 130 122 122 121 109 108 95 113 98 82 90 103 76 70 73 60 66 57 54 63 55 52 53 42 28 28 35 33 32 21 23 26 15 53
-1.000000 -0.980000 -0.960000 -0.940000 -0.920000 -0.900000 -0.880000 -0.860000 -0.840000 -0.820000 -0.800000 -0.780000 -0.760000 -0.740000 -0.720000 -0.700000 -0.680000 -0.660000 -0.640000 -0.620000 -0.600000 -0.580000 -0.560000 -0.540000 -0.520000 -0.500000 -0.480000 -0.460000 -0.440000 -0.420000 -0.400000 -0.380000 -0.360000 -0.340000 -0.320000 -0.300000 -0.280000 -0.260000 -0.240000 -0.220000 -0.200000 -0.180000 -0.160000 -0.140000 -0.120000 -0.100000 -0.080000 -0.060000 -0.040000 -0.020000 0.000000 0.020000 0.040000 0.060000 0.080000 0.100000 0.120000 0.140000 0.160000 0.180000 0.200000 0.220000 0.240000 0.260000 0.280000 0.300000 0.320000 0.340000 0.360000 0.380000 0.400000 0.420000 0.440000 0.460000 0.480000 0.500000 0.520000 0.540000 0.560000 0.580000 0.600000 0.620000 0.640000 0.660000 0.680000 0.700000 0.720000 0.740000 0.760000 0.780000 0.800000 0.820000 0.840000 0.860000 0.880000 0.900000 0.920000 0.940000 0.960000 0.980000 1.000000
32 51 55 56 50 59 51 52 63 61 60 42 61 53 59 68 71 58 75 69 77 89 95 96 84 97 116 136 110 131 113 121 105 149 141 140 127 150 141 170 155 158 168 147 149 186 153 167 148 166 196 171 160 168 154 164 148 171 154 182 153 163 163 137 134 139 125 133 112 95 104 112 108 109 96 80 91 86 79 78 69 79 73 45 55 64 52 53 49 32 37 38 33 22 25 35 28 17 21 77
-1.000000 -0.980000 -0.960000 -0.940000 -0.920000 -0.900000 -0.880000 -0.860000 -0.840000 -0.820000 -0.800000 -0.780000 -0.760000 -0.740000 -0.720000 -0.700000 -0.680000 -0.660000 -0.640000 -0.620000 -0.600000 -0.580000 -0.560000 -0.540000 -0.520000 -0.500000 -0.480000 -0.460000 -0.440000 -0.420000 -0.400000 -0.380000 -0.360000 -0.340000 -0.320000 -0.300000 -0.280000 -0.260000 -0.240000 -0.220000 -0.200000 -0.180000 -0.160000 -0.140000 -0.120000 -0.100000 -0.080000 -0.060000 -0.040000 -0.020000 0.000000 0.020000 0.040000 0.060000 0.080000 0.100000 0.120000 0.140000 0.160000 0.180000 0.200000 0.220000 0.240000 0.260000 0.280000 0.300000 0.320000 0.340000 0.360000 0.380000 0.400000 0.420000 0.440000 0.460000 0.480000 0.500000 0.520000 0.540000 0.560000 0.580000 0.600000 0.620000 0.640000 0.660000 0.680000 0.700000 0.720000 0.740000 0.760000 0.780000 0.800000 0.820000 0.840000 0.860000 0.880000 0.900000 0.920000 0.940000 0.960000 0.980000 1.000000
47 55 54 55 58 55 55 61 40 53 59 57 67 62 49 52 65 74 65 77 83 92 105 90 85 112 109 108 115 114 129 111 145 127 130 148 124 143 156 166 156 159 145 155 148 183 145 167 176 175 164 170 177 157 167 138 161 153 163 193 159 160 177 135 120 129 128 120 97 130 98 109 100 106 106 94 90 76 79 83 82 70 52 54 67 57 51 60 56 37 31 28 29 25 36 24 26 27 21 67
-1.000000 -0.980000 -0.960000 -0.940000 -0.920000 -0.900000 -0.880000 -0.860000 -0.840000 -0.820000 -0.800000 -0.780000 -0.760000 -0.740000 -0.720000 -0.700000 -0.680000 -0.660000 -0.640000 -0.620000 -0.600000 -0.580000 -0.560000 -0.540000 -0.520000 -0.500000 -0.480000 -0.460000 -0.440000 -0.420000 -0.400000 -0.380000 -0.360000 -0.340000 -0.320000 -0.300000 -0.280000 -0.260000 -0.240000 -0.220000 -0.200000 -0.180000 -0.160000 -0.140000 -0.120000 -0.100000 -0.080000 -0.060000 -0.040000 -0.020000 0.000000 0.020000 0.040000 0.060000 0.080000 0.100000 0.120000 0.140000 0.160000 0.180000 0.200000 0.220000 0.240000 0.260000 0.280000 0.300000 0.320000 0.340000 0.360000 0.380000 0.400000 0.420000 0.440000 0.460000 0.480000 0.500000 0.520000 0.540000 0.560000 0.580000 0.600000 0.620000 0.640000 0.660000 0.680000 0.700000 0.720000 0.740000 0.760000 0.780000 0.800000 0.820000 0.840000 0.860000 0.880000 0.900000 0.920000 0.940000 0.960000 0.980000 1.000000
48 61 55 52 60 57 60 48 50 51 65 49 60 54 65 61 76 63 77 75 92 80 86 107 96 88 106 97 128 120 115 136 136 133 135 145 154 143 155 131 153 151 158 162 147 150 174 168 170 172 180 167 163 165 175 147 175 158 151 148 167 153 156 140 144 128 126 115 114 120 103 105 104 101 101 86 80 89 88 73 75 64 67 62 72 66 48 49 58 42 33 27 36 30 25 22 22 28 23 54
-1.000000 -0.980000 -0.960000 -0.940000 -0.920000 -0.900000 -0.880000 -0.860000 -0.840000 -0.820000 -0.800000 -0.780000 -0.760000 -0.740000 -0.720000 -0.700000 -0.680000 -0.660000 -0.640000 -0.620000 -0.600000 -0.580000 -0.560000 -0.540000 -0.520000 -0.500000 -0.480000 -0.460000 -0.440000 -0.420000 -0.400000 -0.380000 -0.360000 -0.340000 -0.320000 -0.300000 -0.280000 -0.260000 -0.240000 -0.220000 -0.200000 -0.180000 -0.160000 -0.140000 -0.120000 -0.100000 -0.080000 -0.060000 -0.040000 -0.020000 0.000000 0.020000 0.040000 0.060000 0.080000 0.100000 0.120000 0.140000 0.160000 0.180000 0.200000 0.220000 0.240000 0.260000 0.280000 0.300000 0.320000 0.340000 0.360000 0.380000 0.400000 0.420000 0.440000 0.460000 0.480000 0.500000 0.520000 0.540000 0.560000 0.580000 0.600000 0.620000 0.640000 0.660000 0.680000 0.700000 0.720000 0.740000 0.760000 0.780000 0.800000 0.820000 0.840000 0.860000 0.880000 0.900000 0.920000 0.940000 0.960000 0.980000 1.000000
61 52 53 55 54 63 55 51 53 49 53 65 65 54 52 70 74 67 63 67 85 97 95 105 104 91 109 94 123 113 133 116 135 150 120 134 149 136 160 158 164 144 153 142 183 147 140 182 171 163 192 170 154 165 160 170 154 149 130 162 159 192 162 125 142 128 125 107 111 123 112 102 103 110 97 81 93 75 80 73 87 66 62 72 59 63 55 60 43 31 38 36 42 30 24 26 16 25 23 64
-1.000000 -0.980000 -0.960000 -0.940000 -0.920000 -0.900000 -0.880000 -0.860000 -0.840000 -0.820000 -0.800000 -0.780000 -0.760000 -0.740000 -0.720000 -0.700000 -0.680000 -0.660000 -0.640000 -0.620000 -0.600000 -0.580000 -0.560000 -0.540000 -0.520000 -0.500000 -0.480000 -0.460000 -0.440000 -0.420000 -0.400000 -0.380000 -0.360000 -0.340000 -0.320000 -0.300000 -0.280000 -0.260000 -0.240000 -0.220000 -0.200000 -0.180000 -0.160000 -0.140000 -0.120000 -0.100000 -0.080000 -0.060000 -0.040000 -0.020000 0.000000 0.020000 0.040000 0.060000 0.080000 0.100000 0.120000 0.140000 0.160000 0.180000 0.200000 0.220000 0.240000 0.260000 0.280000 0.300000 0.320000 0.340000 0.360000 0.380000 0.400000 0.420000 0.440000 0.460000 0.480000 0.500000 0.520000 0.540000 0.560000 0.580000 0.600000 0.620000 0.640000 0.660000 0.680000 0.700000 0.720000 0.740000 0.760000 0.780000 0.800000 0.820000 0.840000 0.860000 0.880000 0.900000 0.920000 0.940000 0.960000 0.980000 1.000000
39 56 64 49 50 71 57 56 49 54 52 68 75 64 49 60 74 65 69 78 93 86 96 94 102 102 99 97 114 115 135 122 140 128 130 171 115 143 146 144 157 142 155 168 169 147 152 166 164 166 165 167 165 178 170 163 156 160 146 168 165 152 143 142 138 134 116 121 128 123 98 110 112 95 95 79 94 82 92 76 56 80 71 59 79 57 52 45 41 41 50 38 29 27 24 19 26 24 19 73
-1.000000 -0.980000 -0.960000 -0.940000 -0.920000 -0.900000 -0.880000 -0.860000 -0.840000 -0.820000 -0.800000 -0.780000 -0.760000 -0.740000 -0.720000 -0.700000 -0.680000 -0.660000 -0.640000 -0.620000 -0.600000 -0.580000 -0.560000 -0.540000 -0.520000 -0.500000 -0.480000 -0.460000 -0.440000 -0.420000 -0.400000 -0.380000 -0.360000 -0.340000 -0.320000 -0.300000 -0.280000 -0.260000 -0.240000 -0.220000 -0.200000 -0.180000 -0.160000 -0.140000 -0.120000 -0.100000 -0.080000 -0.060000 -0.040000 -0.020000 0.000000 0.020000 0.040000 0.060000 0.080000 0.100000 0.120000 0.140000 0.160000 0.180000 0.200000 0.220000 0.240000 0.260000 0.280000 0.300000 0.320000 0.340000 0.360000 0.380000 0.400000 0.420000 0.440000 0.460000 0.480000 0.500000 0.520000 0.540000 0.560000 0.580000 0.600000 0.620000 0.640000 0.660000 0.680000 0.700000 0.720000 0.740000 0.760000 0.780000 0.800000 0.820000 0.840000 0.860000 0.880000 0.900000 0.920000 0.940000 0.960000 0.980000 1.000000
39 59 69 46 65 54 61 71 55 56 54 60 61 65 61 70 68 75 77 54 93 84 101 103 98 98 113 124 101 101 134 135 120 152 132 121 127 136 157 142 190 137 156 144 136 182 169 148 141 171 178 158 169 163 155 174 155 165 173 164 150 153 147 130 149 117 95 127 122 127 109 114 108 101 100 88 107 79 68 83 71 66 70 75 60 72 43 47 55 29 36 46 41 25 28 19 21 23 18 61
-1.000000 -0.980000 -0.960000 -0.940000 -0.920000 -0.900000 -0.880000 -0.860000 -0.840000 -0.820000 -0.800000 -0.780000 -0.760000 -0.740000 -0.720000 -0.700000 -0.680000 -0.660000 -0.640000 -0.620000 -0.600000 -0.580000 -0.560000 -0.540000 -0.520000 -0.500000 -0.480000 -0.460000 -0.440000 -0.420000 -0.400000 -0.380000 -0.360000 -0.340000 -0.320000 -0.300000 -0.280000 -0.260000 -0.240000 -0.220000 -0.200000 -0.180000 -0.160000 -0.140000 -0.120000 -0.100000 -0.080000 -0.060000 -0.040000 -0.020000 0.000000 0.020000 0.040000 0.060000 0.080000 0.100000 0.120000 0.140000 0.160000 0.180000 0.200000 0.220000 0.240000 0.260000 0.280000 0.300000 0.320000 0.340000 0.360000 0.380000 0.400000 0.420000 0.440000 0.460000 0.480000 0.500000 0.520000 0.540000 0.560000 0.580000 0.600000 0.620000 0.640000 0.660000 0.680000 0.700000 0.720000 0.740000 0.760000 0.780000 0.800000 0.820000 0.840000 0.860000 0.880000 0.900000 0.920000 0.940000 0.960000 0.980000 1.000000
44 53 60 61 65 60 50 59 65 60 61 67 68 54 65 53 69 84 84 67 94 82 99 93 110 109 103 106 108 115 111 117 139 140 129 139 147 122 165 141 144 146 157 174 167 145 165 142 162 183 141 146 187 173 161 156 161 153 140 176 171 152 142 133 130 139 113 121 120 100 133 111 89 106 101 100 95 76 76 78 71 80 68 62 58 74 56 50 46 52 33 28 37 30 28 22 20 15 29 58
-1.000000 -0.980000 -0.960000 -0.940000 -0.920000 -0.900000 -0.880000 -0.860000 -0.840000 -0.820000 -0.800000 -0.780000 -0.760000 -0.740000 -0.720000 -0.700000 -0.680000 -0.660000 -0.640000 -0.620000 -0.600000 -0.580000 -0.560000 -0.540000 -0.520000 -0.500000 -0.480000 -0.460000 -0.440000 -0.420000 -0.400000 -0.380000 -0.360000 -0.340000 -0.320000 -0.300000 -0.280000 -0.260000 -0.240000 -0.220000 -0.200000 -0.180000 -0.160000 -0.140000 -0.120000 -0.100000 -0.080000 -0.060000 -0.040000 -0.020000 0.000000 0.020000 0.040000 0.060000 0.080000 0.100000 0.120000 0.140000 0.160000 0.180000 0.200000 0.220000 0.240000 0.260000 0.280000 0.300000 0.320000 0.340000 0.360000 0.380000 0.400000 0.420000 0.440000 0.460000 0.480000 0.500000 0.520000 0.540000 0.560000 0.580000 0.600000 0.620000 0.640000 0.660000 0.680000 0.700000 0.720000 0.740000 0.760000 0.780000 0.800000 0.820000 0.840000 0.860000 0.880000 0.900000 0.920000 0.940000 0.960000 0.980000 1.000000
46 46 51 59 60 66 55 47 83 55 61 76 66 60 48 69 71 63 86 96 81 85 102 82 100 114 106 113 116 115 113 117 120 123 145 128 157 148 159 147 139 124 136 182 178 138 188 153 164 172 157 161 165 143 146 153 159 179 164 146 138 157 163 133 137 134 108 125 116 116 120 109 102 111 95 104 89 81 84 74 67 62 81 65 62 67 52 59 62 34 33 32 26 27 34 22 26 27 20 64
-1.000000 -0.980000 -0.960000 -0.940000 -0.920000 -0.900000 -0.880000 -0.860000 -0.840000 -0.820000 -0.800000 -0.780000 -0.760000 -0.740000 -0.720000 -0.700000 -0.680000 -0.660000 -0.640000 -0.620000 -0.600000 -0.580000 -0.560000 -0.540000 -0.520000 -0.500000 -0.480000 -0.460000 -0.440000 -0.420000 -0.400000 -0.380000 -0.360000 -0.340000 -0.320000 -0.300000 -0.280000 -0.260000 -0.240000 -0.220000 -0.200000 -0.180000 -0.160000 -0.140000 -0.120000 -0.100000 -0.080000 -0.060000 -0.040000 -0.020000 0.000000 0.020000 0.040000 0.060000 0.080000 0.100000 0.120000 0.140000 0.160000 0.180000 0.200000 0.220000 0.240000 0.260000 0.280000 0.300000 0.320000 0.340000 0.360000 0.380000 0.400000 0.420000 0.440000 0.460000 0.480000 0.500000 0.520000 0.540000 0.560000 0.580000 0.600000 0.620000 0.640000 0.660000 0.680000 0.700000 0.720000 0.740000 0.760000 0.780000 0.800000 0.820000 0.840000 0.860000 0.880000 0.900000 0.920000 0.940000 0.960000 0.980000 1.000000
52 39 66 56 58 66 55 70 57 55 68 69 65 71 56 66 66 84 76 100 72 89 91 91 95 121 91 117 115 116 131 128 109 119 140 140 142 171 133 137 138 161 147 143 143 159 175 174 159 172 158 150 173 167 149 140 151 172 156 141 149 156 138 137 139 142 145 114 120 105 117 94 116 99 104 96 82 99 81 62 73 75 75 68 60 64 55 54 62 46 24 35 25 33 29 29 27 25 19 56
-1.000000 -0.980000 -0.960000 -0.940000 -0.920000 -0.900000 -0.880000 -0.860000 -0.840000 -0.820000 -0.800000 -0.780000 -0.760000 -0.740000 -0.720000 -0.700000 -0.680000 -0.660000 -0.640000 -0.620000 -0.600000 -0.580000 -0.560000 -0.540000 -0.520000 -0.500000 -0.480000 -0.460000 -0.440000 -0.420000 -0.400000 -0.380000 -0.360000 -0.340000 -0.320000 -0.300000 -0.280000 -0.260000 -0.240000 -0.220000 -0.200000 -0.180000 -0.160000 -0.140000 -0.120000 -0.100000 -0.080000 -0.060000 -0.040000 -0.020000 0.000000 0.020000 0.040000 0.060000 0.080000 0.100000 0.120000 0.140000 0.160000 0.180000 0.200000 0.220000 0.240000 0.260000 0.280000 0.300000 0.320000 0.340000 0.360000 0.380000 0.400000 0.420000 0.440000 0.460000 0.480000 0.500000 0.520000 0.540000 0.560000 0.580000 0.600000 0.620000 0.640000 0.660000 0.680000 0.700000 0.720000 0.740000 0.760000 0.780000 0.800000 0.820000 0.840000 0.860000 0.880000 0.900000 0.920000 0.940000 0.960000 0.980000 1.000000
39 63 57 60 57 55 56 62 64 56 79 62 65 71 59 82 67 72 83 100 85 87 92 93 86 117 94 97 105 114 127 130 144 142 125 143 145 129 155 144 135 117 147 178 135 172 176 144 176 159 166 159 198 152 153 151 142 154 167 145 129 145 161 126 146 119 130 109 128 139 121 103 106 76 101 86 110 88 80 76 83 61 75 60 73 56 66 51 42 46 40 30 35 33 18 27 27 25 18 66
-1.000000 -0.980000 -0.960000 -0.940000 -0.920000 -0.900000 -0.880000 -0.860000 -0.840000 -0.820000 -0.800000 -0.780000 -0.760000 -0.740000 -0.720000 -0.700000 -0.680000 -0.660000 -0.640000 -0.620000 -0.600000 -0.580000 -0.560000 -0.540000 -0.520000 -0.500000 -0.480000 -0.460000 -0.440000 -0.420000 -0.400000 -0.380000 -0.360000 -0.340000 -0.320000 -0.300000 -0.280000 -0.260000 -0.240000 -0.220000 -0.200000 -0.180000 -0.160000 -0.140000 -0.120000 -0.100000 -0.080000 -0.060000 -0.040000 -0.020000 0.000000 0.020000 0.040000 0.060000 0.080000 0.100000 0.120000 0.140000 0.160000 0.180000 0.200000 0.220000 0.240000 0.260000 0.280000 0.300000 0.320000 0.340000 0.360000 0.380000 0.400000 0.420000 0.440000 0.460000 0.480000 0.500000 0.520000 0.540000 0.560000 0.580000 0.600000 0.620000 0.640000 0.660000 0.680000 0.700000 0.720000 0.740000 0.760000 0.780000 0.800000 0.820000 0.840000 0.860000 0.880000 0.900000 0.920000 0.940000 0.960000 0.980000 1.000000
51 55 53 55 69 58 54 63 61 69 65 71 75 66 65 87 63 72 75 87 95 94 90 100 95 108 105 110 103 108 122 120 117 134 154 142 118 130 141 157 140 143 144 138 168 161 163 187 162 168 172 161 159 133 160 163 156 157 149 151 133 144 147 131 137 126 115 132 122 126 118 107 107 104 99 102 85 74 94 69 78 68 80 66 72 65 51 40 42 49 47 34 31 30 32 20 25 28 17 61
-1.000000 -0.980000 -0.960000 -0.940000 -0.920000 -0.900000 -0.880000 -0.860000 -0.840000 -0.820000 -0.800000 -0.780000 -0.760000 -0.740000 -0.720000 -0.700000 -0.680000 -0.660000 -0.640000 -0.620000 -0.600000 -0.580000 -0.560000 -0.540000 -0.520000 -0.500000 -0.480000 -0.460000 -0.440000 -0.420000 -0.400000 -0.380000 -0.360000 -0.340000 -0.320000 -0.300000 -0.280000 -0.260000 -0.240000 -0.220000 -0.200000 -0.180000 -0.160000 -0.140000 -0.120000 -0.100000 -0.080000 -0.060000 -0.040000 -0.020000 0.000000 0.020000 0.040000 0.060000 0.080000 0.100000 0.120000 0.140000 0.160000 0.180000 0.200000 0.220000 0.240000 0.260000 0.280000 0.300000 0.320000 0.340000 0.360000 0.380000 0.400000 0.420000 0.440000 0.460000 0.480000 0.500000 0.520000 0.540000 0.560000 0.580000 0.600000 0.620000 0.640000 0.660000 0.680000 0.700000 0.720000 0.740000 0.760000 0.780000 0.800000 0.820000 0.840000 0.860000 0.880000 0.900000 0.920000 0.940000 0.960000 0.980000 1.000000
47 45 70 53 47 62 72 67 59 75 56 71 66 73 77 69 81 81 66 82 99 86 91 91 130 95 105 100 103 115 115 143 103 126 135 132 152 141 128 143 136 168 139 148 154 155 158 179 168 168 155 158 171 157 157 161 154 154 143 146 141 145 151 134 133 118 114 116 118 127 126 98 119 97 108 94 88 77 83 95 77 87 73 55 52 56 61 50 49 42 40 36 37 32 34 22 24 20 17 73
-1.000000 -0.980000 -0.960000 -0.940000 -0.920000 -0.900000 -0.880000 -0.860000 -0.840000 -0.820000 -0.800000 -0.780000 -0.760000 -0.740000 -0.720000 -0.700000 -0.680000 -0.660000 -0.640000 -0.620000 -0.600000 -0.580000 -0.560000 -0.540000 -0.520000 -0.500000 -0.480000 -0.460000 -0.440000 -0.420000 -0.400000 -0.380000 -0.360000 -0.340000 -0.320000 -0.300000 -0.280000 -0.260000 -0.240000 -0.220000 -0.200000 -0.180000 -0.160000 -0.140000 -0.120000 -0.100000 -0.080000 -0.060000 -0.040000 -0.020000 0.000000 0.020000 0.040000 0.060000 0.080000 0.100000 0.120000 0.140000 0.160000 0.180000 0.200000 0.220000 0.240000 0.260000 0.280000 0.300000 0.320000 0.340000 0.360000 0.380000 0.400000 0.420000 0.440000 0.460000 0.480000 0.500000 0.520000 0.540000 0.560000 0.580000 0.600000 0.620000 0.640000 0.660000 0.680000 0.700000 0.720000 0.740000 0.760000 0.780000 0.800000 0.820000 0.840000 0.860000 0.880000 0.900000 0.920000 0.940000 0.960000 0.980000 1.000000
46 58 56 70 72 63 66 53 63 61 61 67 72 81 74 68 76 79 83 96 71 86 113 89 107 81 88 108 118 119 114 123 113 143 126 132 143 152 143 141 154 133 152 148 164 162 153 168 164 171 170 168 150 135 149 156 161 151 161 126 143 150 143 142 136 117 116 123 121 118 119 123 106 116 92 98 78 89 79 88 90 76 66 60 53 61 50 49 47 39 57 46 31 39 24 26 21 27 15 55
-1.000000 -0.980000 -0.960000 -0.940000 -0.920000 -0.900000 -0.880000 -0.860000 -0.840000 -0.820000 -0.800000 -0.780000 -0.760000 -0.740000 -0.720000 -0.700000 -0.680000 -0.660000 -0.640000 -0.620000 -0.600000 -0.580000 -0.560000 -0.540000 -0.520000 -0.500000 -0.480000 -0.460000 -0.440000 -0.420000 -0.400000 -0.380000 -0.360000 -0.340000 -0.320000 -0.300000 -0.280000 -0.260000 -0.240000 -0.220000 -0.200000 -0.180000 -0.160000 -0.140000 -0.120000 -0.100000 -0.080000 -0.060000 -0.040000 -0.020000 0.000000 0.020000 0.040000 0.060000 0.080000 0.100000 0.120000 0.140000 0.160000 0.180000 0.200000 0.220000 0.240000 0.260000 0.280000 0.300000 0.320000 0.340000 0.360000 0.380000 0.400000 0.420000 0.440000 0.460000 0.480000 0.500000 0.520000 0.540000 0.560000 0.580000 0.600000 0.620000 0.640000 0.660000 0.680000 0.700000 0.720000 0.740000 0.760000 0.780000 0.800000 0.820000 0.840000 0.860000 0.880000 0.900000 0.920000 0.940000 0.960000 0.980000 1.000000
36 59 64 65 67 69 51 48 62 67 73 78 70 56 75 82 69 81 86 94 88 83 107 80 104 90 100 100 106 112 142 122 118 129 121 138 146 136 157 150 114 137 157 161 162 179 162 153 177 154 149 160 176 133 142 165 176 149 126 159 136 156 138 136 124 113 130 120 123 113 116 130 104 96 126 83 73 89 97 75 80 74 79 51 63 45 44 46 60 53 45 43 42 25 38 32 25 17 15 73
-1.000000 -0.980000 -0.960000 -0.940000 -0.920000 -0.900000 -0.880000 -0.860000 -0.840000 -0.820000 -0.800000 -0.780000 -0.760000 -0.740000 -0.720000 -0.700000 -0.680000 -0.660000 -0.640000 -0.620000 -0.600000 -0.580000 -0.560000 -0.540000 -0.520000 -0.500000 -0.480000 -0.460000 -0.440000 -0.420000 -0.400000 -0.380000 -0.360000 -0.340000 -0.320000 -0.300000 -0.280000 -0.260000 -0.240000 -0.220000 -0.200000 -0.180000 -0.160000 -0.140000 -0.120000 -0.100000 -0.080000 -0.060000 -0.040000 -0.020000 0.000000 0.020000 0.040000 0.060000 0.080000 0.100000 0.120000 0.140000 0.160000 0.180000 0.200000 0.220000 0.240000 0.260000 0.280000 0.300000 0.320000 0.340000 0.360000 0.380000 0.400000 0.420000 0.440000 0.460000 0.480000 0.500000 0.520000 0.540000 0.560000 0.580000 0.600000 0.620000 0.640000 0.660000 0.680000 0.700000 0.720000 0.740000 0.760000 0.780000 0.800000 0.820000 0.840000 0.860000 0.880000 0.900000 0.920000 0.940000 0.960000 0.980000 1.000000
53 61 60 65 62 60 58 56 67 63 65 79 67 87 64 78 78 87 91 78 82 84 103 82 96 103 109 104 131 106 107 108 126 125 125 135 150 161 127 129 157 135 165 152 167 161 175 183 150 136 156 166 141 141 150 144 166 159 151 150 154 122 130 146 149 127 114 118 130 126 107 101 109 112 98 100 85 84 79 80 90 70 60 76 52 57 52 45 51 47 40 61 31 27 29 35 26 29 22 52
-1.000000 -0.980000 -0.960000 -0.940000 -0.920000 -0.900000 -0.880000 -0.860000 -0.840000 -0.820000 -0.800000 -0.780000 -0.760000 -0.740000 -0.720000 -0.700000 -0.680000 -0.660000 -0.640000 -0.620000 -0.600000 -0.580000 -0.560000 -0.540000 -0.520000 -0.500000 -0.480000 -0.460000 -0.440000 -0.420000 -0.400000 -0.380000 -0.360000 -0.340000 -0.320000 -0.300000 -0.280000 -0.260000 -0.240000 -0.220000 -0.200000 -0.180000 -0.160000 -0.140000 -0.120000 -0.100000 -0.080000 -0.060000 -0.040000 -0.020000 0.000000 0.020000 0.040000 0.060000 0.080000 0.100000 0.120000 0.140000 0.160000 0.180000 0.200000 0.220000 0.240000 0.260000 0.280000 0.300000 0.320000 0.340000 0.360000 0.380000 0.400000 0.420000 0.440000 0.460000 0.480000 0.500000 0.520000 0.540000 0.560000 0.580000 0.600000 0.620000 0.640000 0.660000 0.680000 0.700000 0.720000 0.740000 0.760000 0.780000 0.800000 0.820000 0.840000 0.860000 0.880000 0.900000 0.920000 0.940000 0.960000 0.980000 1.000000
56 47 67 71 75 64 62 57 55 69 67 70 69 71 92 81 65 63 81 86 105 98 95 103 91 98 104 104 131 109 111 115 129 113 123 129 128 157 146 131 150 165 157 134 162 159 171 186 160 136 153 150 168 153 147 160 144 151 150 133 126 154 143 133 135 131 134 130 104 111 103 123 106 106 113 83 83 82 95 75 76 74 78 59 63 60 46 48 44 49 44 42 46 38 28 24 30 19 19 66
-1.000000 -0.980000 -0.960000 -0.940000 -0.920000 -0.900000 -0.880000 -0.860000 -0.840000 -0.820000 -0.800000 -0.780000 -0.760000 -0.740000 -0.720000 -0.700000 -0.680000 -0.660000 -0.640000 -0.620000 -0.600000 -0.580000 -0.560000 -0.540000 -0.520000 -0.500000 -0.480000 -0.460000 -0.440000 -0.420000 -0.400000 -0.380000 -0.360000 -0.340000 -0.320000 -0.300000 -0.280000 -0.260000 -0.240000 -0.220000 -0.200000 -0.180000 -0.160000 -0.140000 -0.120000 -0.100000 -0.080000 -0.060000 -0.040000 -0.020000 0.000000 0.020000 0.040000 0.060000 0.080000 0.100000 0.120000 0.140000 0.160000 0.180000 0.200000 0.220000 0.240000 0.260000 0.280000 0.300000 0.320000 0.340000 0.360000 0.380000 0.400000 0.420000 0.440000 0.460000 0.480000 0.500000 0.520000 0.540000 0.560000 0.580000 0.600000 0.620000 0.640000 0.660000 0.680000 0.700000 0.720000 0.740000 0.760000 0.780000 0.800000 0.820000 0.840000 0.860000 0.880000 0.900000 0.920000 0.940000 0.960000 0.980000 1.000000
57 61 47 58 67 65 66 72 72 63 58 73 74 65 84 70 78 83 86 84 77 103 93 104 92 107 114 96 109 106 110 131 116 126 124 139 141 140 147 149 154 149 136 159 161 149 148 169 179 143 166 140 134 151 149 191 153 144 131 146 132 168 126 136 111 133 127 145 117 124 113 96 110 109 90 99 97 74 89 70 84 62 65 66 60 63 51 52 54 50 40 39 43 40 33 27 25 20 25 76
-1.000000 -0.980000 -0.960000 -0.940000 -0.920000 -0.900000 -0.880000 -0.860000 -0.840000 -0.820000 -0.800000 -0.780000 -0.760000 -0.740000 -0.720000 -0.700000 -0.680000 -0.660000 -0.640000 -0.620000 -0.600000 -0.580000 -0.560000 -0.540000 -0.520000 -0.500000 -0.480000 -0.460000 -0.440000 -0.420000 -0.400000 -0.380000 -0.360000 -0.340000 -0.320000 -0.300000 -0.280000 -0.260000 -0.240000 -0.220000 -0.200000 -0.180000 -0.160000 -0.140000 -0.120000 -0.100000 -0.080000 -0.060000 -0.040000 -0.020000 0.000000 0.020000 0.040000 0.060000 0.080000 0.100000 0.120000 0.140000 0.160000 0.180000 0.200000 0.220000 0.240000 0.260000 0.280000 0.300000 0.320000 0.340000 0.360000 0.380000 0.400000 0.420000 0.440000 0.460000 0.480000 0.500000 0.520000 0.540000 0.560000 0.580000 0.600000 0.620000 0.640000 0.660000 0.680000 0.700000 0.720000 0.740000 0.760000 0.780000 0.800000 0.820000 0.840000 0.860000 0.880000 0.900000 0.920000 0.940000 0.960000 0.980000 1.000000
58 68 56 61 65 71 63 68 66 73 73 53 70 74 93 82 64 83 85 97 90 82 85 88 113 97 101 107 123 127 98 125 124 121 126 136 135 146 120 159 172 123 138 154 156 156 148 170 166 149 171 158 144 148 126 160 148 152 153 160 140 141 131 143 147 110 122 138 103 116 132 105 121 94 87 83 93 87 86 83 84 64 60 67 77 63 53 57 35 37 55 47 31 39 36 30 22 17 23 63
-1.000000 -0.980000 -0.960000 -0.940000 -0.920000 -0.900000 -0.880000 -0.860000 -0.840000 -0.820000 -0.800000 -0.780000 -0.760000 -0.740000 -0.720000 -0.700000 -0.680000 -0.660000 -0.640000 -0.620000 -0.600000 -0.580000 -0.560000 -0.540000 -0.520000 -0.500000 -0.480000 -0.460000 -0.440000 -0.420000 -0.400000 -0.380000 -0.360000 -0.340000 -0.320000 -0.300000 -0.280000 -0.260000 -0.240000 -0.220000 -0.200000 -0.180000 -0.160000 -0.140000 -0.120000 -0.100000 -0.080000 -0.060000 -0.040000 -0.020000 0.000000 0.020000 0.040000 0.060000 0.080000 0.100000 0.120000 0.140000 0.160000 0.180000 0.200000 0.220000 0.240000 0.260000 0.280000 0.300000 0.320000 0.340000 0.360000 0.380000 0.400000 0.420000 0.440000 0.460000 0.480000 0.500000 0.520000 0.540000 0.560000 0.580000 0.600000 0.620000 0.640000 0.660000 0.680000 0.700000 0.720000 0.740000 0.760000 0.780000 0.800000 0.820000 0.840000 0.860000 0.880000 0.900000 0.920000 0.940000 0.960000 0.980000 1.000000
54 57 55 70 75 67 56 75 66 70 56 76 72 81 92 75 60 85 84 92 92 82 92 92 87 103 112 111 88 126 124 133 112 125 137 138 132 135 137 129 163 149 155 135 145 138 156 166 178 156 152 155 158 152 167 140 144 142 141 156 144 139 140 132 137 129 128 111 120 126 123 113 101 113 93 89 86 91 64 81 84 57 63 71 90 53 79 54 29 37 46 43 33 34 33 30 26 25 24 76
-1.000000 -0.980000 -0.960000 -0.940000 -0.920000 -0.900000 -0.880000 -0.860000 -0.840000 -0.820000 -0.800000 -0.780000 -0.760000 -0.740000 -0.720000 -0.700000 -0.680000 -0.660000 -0.640000 -0.620000 -0.600000 -0.580000 -0.560000 -0.540000 -0.520000 -0.500000 -0.480000 -0.460000 -0.440000 -0.420000 -0.400000 -0.380000 -0.360000 -0.340000 -0.320000 -0.300000 -0.280000 -0.260000 -0.240000 -0.220000 -0.200000 -0.180000 -0.160000 -0.140000 -0.120000 -0.100000 -0.080000 -0.060000 -0.040000 -0.020000 0.000000 0.020000 0.040000 0.060000 0.080000 0.100000 0.120000 0.140000 0.160000 0.180000 0.200000 0.220000 0.240000 0.260000 0.280000 0.300000 0.320000 0.340000 0.360000 0.380000 0.400000 0.420000 0.440000 0.460000 0.480000 0.500000 0.520000 0.540000 0.560000 0.580000 0.600000 0.620000 0.640000 0.660000 0.680000 0.700000 0.720000 0.740000 0.760000 0.780000 0.800000 0.820000 0.840000 0.860000 0.880000 0.900000 0.920000 0.940000 0.960000 0.980000 1.000000
57 65 66 72 62 56 68 69 69 74 70 59 87 93 77 74 80 75 78 84 82 88 76 101 113 97 112 109 115 101 110 114 129 119 136 136 149 140 161 135 142 114 139 154 161 161 142 155 146 148 169 169 160 153 152 141 161 153 148 137 124 132 124 150 128 133 121 132 138 106 129 101 121 92 102 105 87 87 75 67 76 72 59 73 76 67 65 48 60 39 41 33 31 31 32 42 28 22 22 66
-1.000000 -0.980000 -0.960000 -0.940000 -0.920000 -0.900000 -0.880000 -0.860000 -0.840000 -0.820000 -0.800000 -0.780000 -0.760000 -0.740000 -0.720000 -0.700000 -0.680000 -0.660000 -0.640000 -0.620000 -0.600000 -0.580000 -0.560000 -0.540000 -0.520000 -0.500000 -0.480000 -0.460000 -0.440000 -0.420000 -0.400000 -0.380000 -0.360000 -0.340000 -0.320000 -0.300000 -0.280000 -0.260000 -0.240000 -0.220000 -0.200000 -0.180000 -0.160000 -0.140000 -0.120000 -0.100000 -0.080000 -0.060000 -0.040000 -0.020000 0.000000 0.020000 0.040000 0.060000 0.080000 0.100000 0.120000 0.140000 0.160000 0.180000 0.200000 0.220000 0.240000 0.260000 0.280000 0.300000 0.320000 0.340000 0.360000 0.380000 0.400000 0.420000 0.440000 0.460000 0.480000 0.500000 0.520000 0.540000 0.560000 0.580000 0.600000 0.620000 0.640000 0.660000 0.680000 0.700000 0.720000 0.740000 0.760000 0.780000 0.800000 0.820000 0.840000 0.860000 0.880000 0.900000 0.920000 0.940000 0.960000 0.980000 1.000000
51 68 71 59 71 76 63 61 78 51 59 82 72 93 75 83 72 69 90 78 86 88 108 93 90 100 110 120 94 111 120 132 127 122 119 131 149 138 149 150 129 135 144 151 159 144 148 140 161 158 188 163 152 134 151 137 143 152 132 138 137 141 157 136 127 124 115 130 147 126 118 107 106 115 82 99 111 73 77 69 77 81 66 65 50 70 58 38 58 42 46 35 42 41 26 31 39 22 24 74
-1.000000 -0.980000 -0.960000 -0.940000 -0.920000 -0.900000 -0.880000 -0.860000 -0.840000 -0.820000 -0.800000 -0.780000 -0.760000 -0.740000 -0.720000 -0.700000 -0.680000 -0.660000 -0.640000 -0.620000 -0.600000 -0.580000 -0.560000 -0.540000 -0.520000 -0.500000 -0.480000 -0.460000 -0.440000 -0.420000 -0.400000 -0.380000 -0.360000 -0.340000 -0.320000 -0.300000 -0.280000 -0.260000 -0.240000 -0.220000 -0.200000 -0.180000 -0.160000 -0.140000 -0.120000 -0.100000 -0.080000 -0.060000 -0.040000 -0.020000 0.000000 0.020000 0.040000 0.060000 0.080000 0.100000 0.120000 0.140000 0.160000 0.180000 0.200000 0.220000 0.240000 0.260000 0.280000 0.300000 0.320000 0.340000 0.360000 0.380000 0.400000 0.420000 0.440000 0.460000 0.480000 0.500000 0.520000 0.540000 0.560000 0.580000 0.600000 0.620000 0.640000 0.660000 0.680000 0.700000 0.720000 0.740000 0.760000 0.780000 0.800000 0.820000 0.840000 0.860000 0.880000 0.900000 0.920000 0.940000 0.960000 0.980000 1.000000
68 53 57 62 55 81 61 87 57 70 65 70 80 78 88 76 78 82 81 78 88 93 84 97 113 98 106 133 107 99 110 126 122 112 123 131 135 148 159 136 156 149 141 161 127 166 144 135 155 160 167 157 144 141 160 143 143 137 126 150 150 146 128 140 133 140 113 134 140 122 117 106 93 107 100 98 77 92 86 79 86 64 71 66 60 62 50 46 61 41 39 41 46 36 31 30 28 29 30 73
-1.000000 -0.980000 -0.960000 -0.940000 -0.920000 -0.900000 -0.880000 -0.860000 -0.840000 -0.820000 -0.800000 -0.780000 -0.760000 -0.740000 -0.720000 -0.700000 -0.680000 -0.660000 -0.640000 -0.620000 -0.600000 -0.580000 -0.560000 -0.540000 -0.520000 -0.500000 -0.480000 -0.460000 -0.440000 -0.420000 -0.400000 -0.380000 -0.360000 -0.340000 -0.320000 -0.300000 -0.280000 -0.260000 -0.240000 -0.220000 -0.200000 -0.180000 -0.160000 -0.140000 -0.120000 -0.100000 -0.080000 -0.060000 -0.040000 -0.020000 0.000000 0.020000 0.040000 0.060000 0.080000 0.100000 0.120000 0.140000 0.160000 0.180000 0.200000 0.220000 0.240000 0.260000 0.280000 0.300000 0.320000 0.340000 0.360000 0.380000 0.400000 0.420000 0.440000 0.460000 0.480000 0.500000 0.520000 0.540000 0.560000 0.580000 0.600000 0.620000 0.640000 0.660000 0.680000 0.700000 0.720000 0.740000 0.760000 0.780000 0.800000 0.820000 0.840000 0.860000 0.880000 0.900000 0.920000 0.940000 0.960000 0.980000 1.000000
46 61 60 77 59 58 60 82 66 85 78 66 84 69 85 75 69 94 74 89 81 90 87 98 95 108 115 113 95 116 117 117 127 123 137 147 132 147 125 157 171 148 119 137 140 138 151 161 157 157 167 159 158 149 130 142 133 131 169 143 138 129 131 145 148 117 135 136 115 120 112 110 100 100 105 86 100 90 86 84 87 57 68 72 68 52 54 41 53 43 39 53 38 32 35 33 25 26 33 80
-1.000000 -0.980000 -0.960000 -0.940000 -0.920000 -0.900000 -0.880000 -0.860000 -0.840000 -0.820000 -0.800000 -0.780000 -0.760000 -0.740000 -0.720000 -0.700000 -0.680000 -0.660000 -0.640000 -0.620000 -0.600000 -0.580000 -0.560000 -0.540000 -0.520000 -0.500000 -0.480000 -0.460000 -0.440000 -0.420000 -0.400000 -0.380000 -0.360000 -0.340000 -0.320000 -0.300000 -0.280000 -0.260000 -0.240000 -0.220000 -0.200000 -0.180000 -0.160000 -0.140000 -0.120000 -0.100000 -0.080000 -0.060000 -0.040000 -0.020000 0.000000 0.020000 0.040000 0.060000 0.080000 0.100000 0.120000 0.140000 0.160000 0.180000 0.200000 0.220000 0.240000 0.260000 0.280000 0.300000 0.320000 0.340000 0.360000 0.380000 0.400000 0.420000 0.440000 0.460000 0.480000 0.500000 0.520000 0.540000 0.560000 0.580000 0.600000 0.620000 0.640000 0.660000 0.680000 0.700000 0.720000 0.740000 0.760000 0.780000 0.800000 0.820000 0.840000 0.860000 0.880000 0.900000 0.920000 0.940000 0.960000 0.980000 1.000000
53 59 66 79 74 60 63 80 80 75 73 78 74 57 83 68 82 82 84 95 75 97 92 93 100 113 103 94 107 136 108 119 119 125 133 141 132 137 144 152 147 137 155 164 126 141 159 143 150 163 156 154 165 142 139 145 125 161 123 148 125 146 144 148 137 123 125 125 132 120 113 117 94 120 94 88 87 82 86 86 79 72 64 68 63 52 50 50 62 53 40 36 44 36 23 34 27 33 32 62
-1.000000 -0.980000 -0.960000 -0.940000 -0.920000 -0.900000 -0.880000 -0.860000 -0.840000 -0.820000 -0.800000 -0.780000 -0.760000 -0.740000 -0.720000 -0.700000 -0.680000 -0.660000 -0.640000 -0.620000 -0.600000 -0.580000 -0.560000 -0.540000 -0.520000 -0.500000 -0.480000 -0.460000 -0.440000 -0.420000 -0.400000 -0.380000 -0.360000 -0.340000 -0.320000 -0.300000 -0.280000 -0.260000 -0.240000 -0.220000 -0.200000 -0.180000 -0.160000 -0.140000 -0.120000 -0.100000 -0.080000 -0.060000 -0.040000 -0.020000 0.000000 0.020000 0.040000 0.060000 0.080000 0.100000 0.120000 0.140000 0.160000 0.180000 0.200000 0.220000 0.240000 0.260000 0.280000 0.300000 0.320000 0.340000 0.360000 0.380000 0.400000 0.420000 0.440000 0.460000 0.480000 0.500000 0.520000 0.540000 0.560000 0.580000 0.600000 0.620000 0.640000 0.660000 0.680000 0.700000 0.720000 0.740000 0.760000 0.780000 0.800000 0.820000 0.840000 0.860000 0.880000 0.900000 0.920000 0.940000 0.960000 0.980000 1.000000
67 60 56 70 67 59 75 80 79 80 90 61 56 80 86 83 76 94 82 74 89 84 91 93 92 91 117 109 123 127 105 118 107 124 122 130 158 128 155 163 150 143 155 128 143 142 160 142 150 172 169 147 143 142 161 138 136 128 150 124 139 126 139 145 130 133 131 124 124 121 116 100 124 109 114 91 91 93 71 79 83 73 67 62 57 60 43 51 54 44 42 50 37 38 33 30 24 18 30 80
-1.000000 -0.980000 -0.960000 -0.940000 -0.920000 -0.900000 -0.880000 -0.860000 -0.840000 -0.820000 -0.800000 -0.780000 -0.760000 -0.740000 -0.720000 -0.700000 -0.680000 -0.660000 -0.640000 -0.620000 -0.600000 -0.580000 -0.560000 -0.540000 -0.520000 -0.500000 -0.480000 -0.460000 -0.440000 -0.420000 -0.400000 -0.380000 -0.360000 -0.340000 -0.320000 -0.300000 -0.280000 -0.260000 -0.240000 -0.220000 -0.200000 -0.180000 -0.160000 -0.140000 -0.120000 -0.100000 -0.080000 -0.060000 -0.040000 -0.020000 0.000000 0.020000 0.040000 0.060000 0.080000 0.100000 0.120000 0.140000 0.160000 0.180000 0.200000 0.220000 0.240000 0.260000 0.280000 0.300000 0.320000 0.340000 0.360000 0.380000 0.400000 0.420000 0.440000 0.460000 0.480000 0.500000 0.520000 0.540000 0.560000 0.580000 0.600000 0.620000 0.640000 0.660000 0.680000 0.700000 0.720000 0.740000 0.760000 0.780000 0.800000 0.820000 0.840000 0.860000 0.880000 0.900000 0.920000 0.940000 0.960000 0.980000 1.000000
44 67 62 87 62 74 68 81 61 75 74 78 76 80 78 95 87 90 82 90 77 74 77 99 79 112 119 116 95 117 110 114 114 146 135 136 127 151 131 141 147 152 152 143 134 184 141 151 144 148 148 153 153 148 152 156 140 132 127 141 134 149 133 130 146 121 114 142 117 118 125 97 113 94 118 110 88 88 78 83 82 84 65 48 63 54 54 39 53 43 48 41 46 33 42 40 21 22 20 77
-1.000000 -0.980000 -0.960000 -0.940000 -0.920000 -0.900000 -0.880000 -0.860000 -0.840000 -0.820000 -0.800000 -0.780000 -0.760000 -0.740000 -0.720000 -0.700000 -0.680000 -0.660000 -0.640000 -0.620000 -0.600000 -0.580000 -0.560000 -0.540000 -0.520000 -0.500000 -0.480000 -0.460000 -0.440000 -0.420000 -0.400000 -0.380000 -0.360000 -0.340000 -0.320000 -0.300000 -0.280000 -0.260000 -0.240000 -0.220000 -0.200000 -0.180000 -0.160000 -0.140000 -0.120000 -0.100000 -0.080000 -0.060000 -0.040000 -0.020000 0.000000 0.020000 0.040000 0.060000 0.080000 0.100000 0.120000 0.140000 0.160000 0.180000 0.200000 0.220000 0.240000 0.260000 0.280000 0.300000 0.320000 0.340000 0.360000 0.380000 0.400000 0.420000 0.440000 0.460000 0.480000 0.500000 0.520000 0.540000 0.560000 0.580000 0.600000 0.620000 0.640000 0.660000 0.680000 0.700000 0.720000 0.740000 0.760000 0.780000 0.800000 0.820000 0.840000 0.860000 0.880000 0.900000 0.920000 0.940000 0.960000 0.980000 1.000000
60 63 77 56 82 82 82 79 72 76 68 68 86 70 73 70 97 90 92 83 79 83 82 86 97 99 108 117 105 100 122 119 106 141 126 135 142 144 153 136 149 155 142 141 140 142 162 130 168 153 147 180 147 145 132 150 142 129 122 139 148 151 146 137 131 135 131 114 110 113 123 131 113 116 75 96 97 92 85 83 78 59 61 69 54 59 69 45 47 45 45 40 42 31 32 37 34 27 14 64
-1.000000 -0.980000 -0.960000 -0.940000 -0.920000 -0.900000 -0.880000 -0.860000 -0.840000 -0.820000 -0.800000 -0.780000 -0.760000 -0.740000 -0.720000 -0.700000 -0.680000 -0.660000 -0.640000 -0.620000 -0.600000 -0.580000 -0.560000 -0.540000 -0.520000 -0.500000 -0.480000 -0.460000 -0.440000 -0.420000 -0.400000 -0.380000 -0.360000 -0.340000 -0.320000 -0.300000 -0.280000 -0.260000 -0.240000 -0.220000 -0.200000 -0.180000 -0.160000 -0.140000 -0.120000 -0.100000 -0.080000 -0.060000 -0.040000 -0.020000 0.000000 0.020000 0.040000 0.060000 0.080000 0.100000 0.120000 0.140000 0.160000 0.180000 0.200000 0.220000 0.240000 0.260000 0.280000 0.300000 0.320000 0.340000 0.360000 0.380000 0.400000 0.420000 0.440000 0.460000 0.480000 0.500000 0.520000 0.540000 0.560000 0.580000 0.600000 0.620000 0.640000 0.660000 0.680000 0.700000 0.720000 0.740000 0.760000 0.780000 0.800000 0.820000 0.840000 0.860000 0.880000 0.900000 0.920000 0.940000 0.960000 0.980000 1.000000
55 57 70 92 65 62 82 82 82 86 71 62 67 75 71 80 103 95 86 90 89 71 81 70 97 111 99 111 108 108 114 121 135 127 114 136 124 148 162 142 157 151 138 141 136 143 144 157 158 171 149 153 135 152 145 133 131 139 143 140 141 146 155 132 132 118 128 114 116 120 113 125 111 122 80 103 89 88 82 87 58 87 77 68 63 56 55 47 52 40 45 30 36 44 33 36 31 30 21 72
-1.000000 -0.980000 -0.960000 -0.940000 -0.920000 -0.900000 -0.880000 -0.860000 -0.840000 -0.820000 -0.800000 -0.780000 -0.760000 -0.740000 -0.720000 -0.700000 -0.680000 -0.660000 -0.640000 -0.620000 -0.600000 -0.580000 -0.560000 -0.540000 -0.520000 -0.500000 -0.480000 -0.460000 -0.440000 -0.420000 -0.400000 -0.380000 -0.360000 -0.340000 -0.320000 -0.300000 -0.280000 -0.260000 -0.240000 -0.220000 -0.200000 -0.180000 -0.160000 -0.140000 -0.120000 -0.100000 -0.080000 -0.060000 -0.040000 -0.020000 0.000000 0.020000 0.040000 0.060000 0.080000 0.100000 0.120000 0.140000 0.160000 0.180000 0.200000 0.220000 0.240000 0.260000 0.280000 0.300000 0.320000 0.340000 0.360000 0.380000 0.400000 0.420000 0.440000 0.460000 0.480000 0.500000 0.520000 0.540000 0.560000 0.580000 0.600000 0.620000 0.640000 0.660000 0.680000 0.700000 0.720000 0.740000 0.760000 0.780000 0.800000 0.820000 0.840000 0.860000 0.880000 0.900000 0.920000 0.940000 0.960000 0.980000 1.000000
61 53 77 75 63 69 71 91 84 75 81 67 71 78 90 87 71 85 87 71 107 85 89 96 80 101 96 103 107 106 136 128 133 123 108 124 130 155 152 144 145 163 138 159 155 139 150 153 138 134 142 152 155 144 131 142 127 155 138 141 151 132 136 141 124 131 133 125 111 125 120 109 106 110 107 77 97 84 82 90 76 74 71 72 56 66 47 57 47 47 44 42 37 36 34 34 34 25 19 80
-1.000000 -0.980000 -0.960000 -0.940000 -0.920000 -0.900000 -0.880000 -0.860000 -0.840000 -0.820000 -0.800000 -0.780000 -0.760000 -0.740000 -0.720000 -0.700000 -0.680000 -0.660000 -0.640000 -0.620000 -0.600000 -0.580000 -0.560000 -0.540000 -0.520000 -0.500000 -0.480000 -0.460000 -0.440000 -0.420000 -0.400000 -0.380000 -0.360000 -0.340000 -0.320000 -0.300000 -0.280000 -0.260000 -0.240000 -0.220000 -0.200000 -0.180000 -0.160000 -0.140000 -0.120000 -0.100000 -0.080000 -0.060000 -0.040000 -0.020000 0.000000 0.020000 0.040000 0.060000 0.080000 0.100000 0.120000 0.140000 0.160000 0.180000 0.200000 0.220000 0.240000 0.260000 0.280000 0.300000 0.320000 0.340000 0.360000 0.380000 0.400000 0.420000 0.440000 0.460000 0.480000 0.500000 0.520000 0.540000 0.560000 0.580000 0.600000 0.620000 0.640000 0.660000 0.680000 0.700000 0.720000 0.740000 0.760000 0.780000 0.800000 0.820000 0.840000 0.860000 0.880000 0.900000 0.920000 0.940000 0.960000 0.980000 1.000000
40 80 77 77 79 57 81 81 64 80 63 86 75 79 98 72 91 78 84 85 89 94 86 97 85 103 88 110 106 100 130 127 125 127 131 140 136 126 147 149 138 154 166 159 125 139 133 156 148 127 150 145 146 137 147 134 186 141 139 137 139 134 131 118 139 138 126 120 114 129 97 125 104 108 113 81 96 90 83 77 74 79 78 68 71 44 58 53 60 53 33 44 38 40 27 29 33 35 23 68
-1.000000 -0.980000 -0.960000 -0.940000 -0.920000 -0.900000 -0.880000 -0.860000 -0.840000 -0.820000 -0.800000 -0.780000 -0.760000 -0.740000 -0.720000 -0.700000 -0.680000 -0.660000 -0.640000 -0.620000 -0.600000 -0.580000 -0.560000 -0.540000 -0.520000 -0.500000 -0.480000 -0.460000 -0.440000 -0.420000 -0.400000 -0.380000 -0.360000 -0.340000 -0.320000 -0.300000 -0.280000 -0.260000 -0.240000 -0.220000 -0.200000 -0.180000 -0.160000 -0.140000 -0.120000 -0.100000 -0.080000 -0.060000 -0.040000 -0.020000 0.000000 0.020000 0.040000 0.060000 0.080000 0.100000 0.120000 0.140000 0.160000 0.180000 0.200000 0.220000 0.240000 0.260000 0.280000 0.300000 0.320000 0.340000 0.360000 0.380000 0.400000 0.420000 0.440000 0.460000 0.480000 0.500000 0.520000 0.540000 0.560000 0.580000 0.600000 0.620000 0.640000 0.660000 0.680000 0.700000 0.720000 0.740000 0.760000 0.780000 0.800000 0.820000 0.840000 0.860000 0.880000 0.900000 0.920000 0.940000 0.960000 0.980000 1.000000
60 61 65 72 72 78 77 80 70 71 79 67 92 72 79 102 84 85 96 76 78 103 98 82 88 86 103 101 110 117 115 127 130 122 122 157 138 146 147 147 117 149 161 148 144 150 144 139 132 132 141 163 147 142 134 145 144 137 161 143 152 140 111 130 141 131 121 130 111 107 102 119 111 115 103 97 78 99 85 73 69 81 77 72 62 52 62 46 54 44 47 46 51 24 32 32 31 32 21 81
-1.000000 -0.980000 -0.960000 -0.940000 -0.920000 -0.900000 -0.880000 -0.860000 -0.840000 -0.820000 -0.800000 -0.780000 -0.760000 -0.740000 -0.720000 -0.700000 -0.680000 -0.660000 -0.640000 -0.620000 -0.600000 -0.580000 -0.560000 -0.540000 -0.520000 -0.500000 -0.480000 -0.460000 -0.440000 -0.420000 -0.400000 -0.380000 -0.360000 -0.340000 -0.320000 -0.300000 -0.280000 -0.260000 -0.240000 -0.220000 -0.200000 -0.180000 -0.160000 -0.140000 -0.120000 -0.100000 -0.080000 -0.060000 -0.040000 -0.020000 0.000000 0.020000 0.040000 0.060000 0.080000 0.100000 0.120000 0.140000 0.160000 0.180000 0.200000 0.220000 0.240000 0.260000 0.280000 0.300000 0.320000 0.340000 0.360000 0.380000 0.400000 0.420000 0.440000 0.460000 0.480000 0.500000 0.520000 0.540000 0.560000 0.580000 0.600000 0.620000 0.640000 0.660000 0.680000 0.700000 0.720000 0.740000 0.760000 0.780000 0.800000 0.820000 0.840000 0.860000 0.880000 0.900000 0.920000 0.940000 0.960000 0.980000 1.000000
58 77 63 68 63 72 67 87 76 72 72 87 83 74 73 72 90 106 79 80 77 91 92 93 116 114 98 97 85 95 110 127 142 129 139 139 134 150 138 156 145 120 127 152 161 158 140 126 148 130 134 156 156 148 125 161 147 141 152 141 138 123 137 124 128 138 119 132 117 115 101 111 108 115 96 94 92 96 105 62 74 87 68 59 76 52 51 64 48 47 46 37 34 38 36 51 30 27 26 89
-1.000000 -0.980000 -0.960000 -0.940000 -0.920000 -0.900000 -0.880000 -0.860000 -0.840000 -0.820000 -0.800000 -0.780000 -0.760000 -0.740000 -0.720000 -0.700000 -0.680000 -0.660000 -0.640000 -0.620000 -0.600000 -0.580000 -0.560000 -0.540000 -0.520000 -0.500000 -0.480000 -0.460000 -0.440000 -0.420000 -0.400000 -0.380000 -0.360000 -0.340000 -0.320000 -0.300000 -0.280000 -0.260000 -0.240000 -0.220000 -0.200000 -0.180000 -0.160000 -0.140000 -0.120000 -0.100000 -0.080000 -0.060000 -0.040000 -0.020000 0.000000 0.020000 0.040000 0.060000 0.080000 0.100000 0.120000 0.140000 0.160000 0.180000 0.200000 0.220000 0.240000 0.260000 0.280000 0.300000 0.320000 0.340000 0.360000 0.380000 0.400000 0.420000 0.440000 0.460000 0.480000 0.500000 0.520000 0.540000 0.560000 0.580000 0.600000 0.620000 0.640000 0.660000 0.680000 0.700000 0.720000 0.740000 0.760000 0.780000 0.800000 0.820000 0.840000 0.860000 0.880000 0.900000 0.920000 0.940000 0.960000 0.980000 1.000000
49 60 65 82 82 92 81 72 66 74 85 65 75 64 92 97 75 88 89 93 82 85 97 76 110 97 108 108 111 105 107 128 143 126 130 135 131 143 141 149 158 132 120 135 153 134 142 126 164 143 146 143 122 162 146 154 140 157 143 137 134 150 131 116 125 147 126 114 117 97 120 119 96 91 112 100 111 66 82 77 80 92 62 62 63 83 51 49 42 60 48 35 29 37 35 35 47 32 33 79
-1.000000 -0.980000 -0.960000 -0.940000 -0.920000 -0.900000 -0.880000 -0.860000 -0.840000 -0.820000 -0.800000 -0.780000 -0.760000 -0.740000 -0.720000 -0.700000 -0.680000 -0.660000 -0.640000 -0.620000 -0.600000 -0.580000 -0.560000 -0.540000 -0.520000 -0.500000 -0.480000 -0.460000 -0.440000 -0.420000 -0.400000 -0.380000 -0.360000 -0.340000 -0.320000 -0.300000 -0.280000 -0.260000 -0.240000 -0.220000 -0.200000 -0.180000 -0.160000 -0.140000 -0.120000 -0.100000 -0.080000 -0.060000 -0.040000 -0.020000 0.000000 0.020000 0.040000 0.060000 0.080000 0.100000 0.120000 0.140000 0.160000 0.180000 0.200000 0.220000 0.240000 0.260000 0.280000 0.300000 0.320000 0.340000 0.360000 0.380000 0.400000 0.420000 0.440000 0.460000 0.480000 0.500000 0.520000 0.540000 0.560000 0.580000 0.600000 0.620000 0.640000 0.660000 0.680000 0.700000 0.720000 0.740000 0.760000 0.780000 0.800000 0.820000 0.840000 0.860000 0.880000 0.900000 0.920000 0.940000 0.960000 0.980000 1.000000
50 71 61 72 99 83 73 72 79 74 75 75 66 92 68 96 87 83 80 79 99 85 93 80 95 95 109 109 121 125 110 131 119 109 129 135 146 134 158 157 146 139 126 134 147 136 131 118 136 141 164 155 142 142 148 154 144 148 143 144 137 135 147 127 134 130 124 111 112 126 103 112 110 111 86 81 88 85 89 97 71 75 78 69 53 59 61 56 57 52 38 40 44 30 37 38 33 39 23 90
-1.000000 -0.980000 -0.960000 -0.940000 -0.920000 -0.900000 -0.880000 -0.860000 -0.840000 -0.820000 -0.800000 -0.780000 -0.760000 -0.740000 -0.720000 -0.700000 -0.680000 -0.660000 -0.640000 -0.620000 -0.600000 -0.580000 -0.560000 -0.540000 -0.520000 -0.500000 -0.480000 -0.460000 -0.440000 -0.420000 -0.400000 -0.380000 -0.360000 -0.340000 -0.320000 -0.300000 -0.280000 -0.260000 -0.240000 -0.220000 -0.200000 -0.180000 -0.160000 -0.140000 -0.120000 -0.100000 -0.080000 -0.060000 -0.040000 -0.020000 0.000000 0.020000 0.040000 0.060000 0.080000 0.100000 0.120000 0.140000 0.160000 0.180000 0.200000 0.220000 0.240000 0.260000 0.280000 0.300000 0.320000 0.340000 0.360000 0.380000 0.400000 0.420000 0.440000 0.460000 0.480000 0.500000 0.520000 0.540000 0.560000 0.580000 0.600000 0.620000 0.640000 0.660000 0.680000 0.700000 0.720000 0.740000 0.760000 0.780000 0.800000 0.820000 0.840000 0.860000 0.880000 0.900000 0.920000 0.940000 0.960000 0.980000 1.000000
57 70 65 88 74 68 92 65 74 66 86 84 77 73 83 77 88 95 81 94 89 73 87 96 85 94 114 113 106 132 123 103 136 112 130 126 151 150 162 148 133 129 134 137 138 116 141 140 163 147 136 150 129 143 159 161 136 142 136 142 151 124 141 130 143 129 134 122 115 98 111 98 105 114 93 98 94 84 75 80 72 80 76 58 71 65 65 58 52 40 36 40 44 40 40 41 37 30 31 86
-1.000000 -0.980000 -0.960000 -0.940000 -0.920000 -0.900000 -0.880000 -0.860000 -0.840000 -0.820000 -0.800000 -0.780000 -0.760000 -0.740000 -0.720000 -0.700000 -0.680000 -0.660000 -0.640000 -0.620000 -0.600000 -0.580000 -0.560000 -0.540000 -0.520000 -0.500000 -0.480000 -0.460000 -0.440000 -0.420000 -0.400000 -0.380000 -0.360000 -0.340000 -0.320000 -0.300000 -0.280000 -0.260000 -0.240000 -0.220000 -0.200000 -0.180000 -0.160000 -0.140000 -0.120000 -0.100000 -0.080000 -0.060000 -0.040000 -0.020000 0.000000 0.020000 0.040000 0.060000 0.080000 0.100000 0.120000 0.140000 0.160000 0.180000 0.200000 0.220000 0.240000 0.260000 0.280000 0.300000 0.320000 0.340000 0.360000 0.380000 0.400000 0.420000 0.440000 0.460000 0.480000 0.500000 0.520000 0.540000 0.560000 0.580000 0.600000 0.620000 0.640000 0.660000 0.680000 0.700000 0.720000 0.740000 0.760000 0.780000 0.800000 0.820000 0.840000 0.860000 0.880000 0.900000 0.920000 0.940000 0.960000 0.980000 1.000000
59 70 68 76 87 72 83 76 64 96 70 79 96 77 78 78 81 81 90 81 91 93 86 98 108 92 103 111 97 105 128 128 105 121 150 133 152 149 147 132 146 119 150 137 149 127 140 137 131 150 150 138 150 144 140 133 150 159 147 156 132 137 132 141 121 130 111 140 115 102 89 106 109 122 95 105 81 69 94 91 69 75 63 62 64 63 61 65 52 43 51 35 40 38 38 35 34 32 34 80
-1.000000 -0.980000 -0.960000 -0.940000 -0.920000 -0.900000 -0.880000 -0.860000 -0.840000 -0.820000 -0.800000 -0.780000 -0.760000 -0.740000 -0.720000 -0.700000 -0.680000 -0.660000 -0.640000 -0.620000 -0.600000 -0.580000 -0.560000 -0.540000 -0.520000 -0.500000 -0.480000 -0.460000 -0.440000 -0.420000 -0.400000 -0.380000 -0.360000 -0.340000 -0.320000 -0.300000 -0.280000 -0.260000 -0.240000 -0.220000 -0.200000 -0.180000 -0.160000 -0.140000 -0.120000 -0.100000 -0.080000 -0.060000 -0.040000 -0.020000 0.000000 0.020000 0.040000 0.060000 0.080000 0.100000 0.120000 0.140000 0.160000 0.180000 0.200000 0.220000 0.240000 0.260000 0.280000 0.300000 0.320000 0.340000 0.360000 0.380000 0.400000 0.420000 0.440000 0.460000 0.480000 0.500000 0.520000 0.540000 0.560000 0.580000 0.600000 0.620000 0.640000 0.660000 0.680000 0.700000 0.720000 0.740000 0.760000 0.780000 0.800000 0.820000 0.840000 0.860000 0.880000 0.900000 0.920000 0.940000 0.960000 0.980000 1.000000
59 72 75 81 69 79 74 77 82 81 87 70 82 80 87 69 85 88 95 88 91 93 86 102 96 85 112 102 120 109 120 121 105 124 122 137 130 157 169 151 128 142 156 132 114 137 135 144 140 151 128 171 146 131 144 142 151 151 149 138 130 124 150 133 126 125 123 123 108 141 98 103 94 94 106 107 87 74 78 88 69 72 67 68 71 64 65 52 47 59 43 41 35 27 48 34 34 30 38 82
-1.000000 -0.980000 -0.960000 -0.940000 -0.920000 -0.900000 -0.880000 -0.860000 -0.840000 -0.820000 -0.800000 -0.780000 -0.760000 -0.740000 -0.720000 -0.700000 -0.680000 -0.660000 -0.640000 -0.620000 -0.600000 -0.580000 -0.560000 -0.540000 -0.520000 -0.500000 -0.480000 -0.460000 -0.440000 -0.420000 -0.400000 -0.380000 -0.360000 -0.340000 -0.320000 -0.300000 -0.280000 -0.260000 -0.240000 -0.220000 -0.200000 -0.180000 -0.160000 -0.140000 -0.120000 -0.100000 -0.080000 -0.060000 -0.040000 -0.020000 0.000000 0.020000 0.040000 0.060000 0.080000 0.100000 0.120000 0.140000 0.160000 0.180000 0.200000 0.220000 0.240000 0.260000 0.280000 0.300000 0.320000 0.340000 0.360000 0.380000 0.400000 0.420000 0.440000 0.460000 0.480000 0.500000 0.520000 0.540000 0.560000 0.580000 0.600000 0.620000 0.640000 0.660000 0.680000 0.700000 0.720000 0.740000 0.760000 0.780000 0.800000 0.820000 0.840000 0.860000 0.880000 0.900000 0.920000 0.940000 0.960000 0.980000 1.000000
40 69 95 80 91 78 69 74 84 69 77 89 88 71 79 86 74 117 86 100 68 79 97 77 112 91 88 108 108 135 130 114 131 115 139 132 141 134 147 162 148 140 140 129 127 138 130 133 144 163 152 143 138 151 124 144 125 158 133 144 134 168 126 124 111 143 127 106 125 107 104 120 124 100 89 95 71 86 77 86 88 87 59 66 54 73 64 51 62 35 39 39 39 28 39 41 41 26 30 88
-1.000000 -0.980000 -0.960000 -0.940000 -0.920000 -0.900000 -0.880000 -0.860000 -0.840000 -0.820000 -0.800000 -0.780000 -0.760000 -0.740000 -0.720000 -0.700000 -0.680000 -0.660000 -0.640000 -0.620000 -0.600000 -0.580000 -0.560000 -0.540000 -0.520000 -0.500000 -0.480000 -0.460000 -0.440000 -0.420000 -0.400000 -0.380000 -0.360000 -0.340000 -0.320000 -0.300000 -0.280000 -0.260000 -0.240000 -0.220000 -0.200000 -0.180000 -0.160000 -0.140000 -0.120000 -0.100000 -0.080000 -0.060000 -0.040000 -0.020000 0.000000 0.020000 0.040000 0.060000 0.080000 0.100000 0.120000 0.140000 0.160000 0.180000 0.200000 0.220000 0.240000 0.260000 0.280000 0.300000 0.320000 0.340000 0.360000 0.380000 0.400000 0.420000 0.440000 0.460000 0.480000 0.500000 0.520000 0.540000 0.560000 0.580000 0.600000 0.620000 0.640000 0.660000 0.680000 0.700000 0.720000 0.740000 0.760000 0.780000 0.800000 0.820000 0.840000 0.860000 0.880000 0.900000 0.920000 0.940000 0.960000 0.980000 1.000000
66 65 75 85 87 61 92 82 77 77 71 85 83 87 86 80 80 92 88 80 87 97 78 87 88 101 112 91 118 110 134 127 128 138 133 131 120 132 153 147 156 141 145 132 130 143 117 130 129 161 164 127 162 136 148 134 146 135 133 139 152 141 128 135 143 115 129 104 122 114 116 106 113 87 116 91 86 75 82 79 79 77 64 80 57 61 51 59 64 39 47 40 40 36 32 43 33 39 26 80
-1.000000 -0.980000 -0.960000 -0.940000 -0.920000 -0.900000 -0.880000 -0.860000 -0.840000 -0.820000 -0.800000 -0.780000 -0.760000 -0.740000 -0.720000 -0.700000 -0.680000 -0.660000 -0.640000 -0.620000 -0.600000 -0.580000 -0.560000 -0.540000 -0.520000 -0.500000 -0.480000 -0.460000 -0.440000 -0.420000 -0.400000 -0.380000 -0.360000 -0.340000 -0.320000 -0.300000 -0.280000 -0.260000 -0.240000 -0.220000 -0.200000 -0.180000 -0.160000 -0.140000 -0.120000 -0.100000 -0.080000 -0.060000 -0.040000 -0.020000 0.000000 0.020000 0.040000 0.060000 0.080000 0.100000 0.120000 0.140000 0.160000 0.180000 0.200000 0.220000 0.240000 0.260000 0.280000 0.300000 0.320000 0.340000 0.360000 0.380000 0.400000 0.420000 0.440000 0.460000 0.480000 0.500000 0.520000 0.540000 0.560000 0.580000 0.600000 0.620000 0.640000 0.660000 0.680000 0.700000 0.720000 0.740000 0.760000 0.780000 0.800000 0.820000 0.840000 0.860000 0.880000 0.900000 0.920000 0.940000 0.960000 0.980000 1.000000
57 78 102 67 81 70 75 86 80 84 81 70 104 72 86 76 102 80 85 84 88 73 97 77 102 82 110 108 131 107 125 126 121 128 133 116 155 156 141 150 149 139 138 136 133 137 119 132 148 157 130 149 152 152 124 137 155 141 129 138 125 147 131 121 158 128 123 120 118 103 107 102 105 102 91 114 75 75 88 97 80 55 63 80 67 70 56 56 44 37 55 44 35 52 35 35 35 30 30 70
-1.000000 -0.980000 -0.960000 -0.940000 -0.920000 -0.900000 -0.880000 -0.860000 -0.840000 -0.820000 -0.800000 -0.780000 -0.760000 -0.740000 -0.720000 -0.700000 -0.680000 -0.660000 -0.640000 -0.620000 -0.600000 -0.580000 -0.560000 -0.540000 -0.520000 -0.500000 -0.480000 -0.460000 -0.440000 -0.420000 -0.400000 -0.380000 -0.360000 -0.340000 -0.320000 -0.300000 -0.280000 -0.260000 -0.240000 -0.220000 -0.200000 -0.180000 -0.160000 -0.140000 -0.120000 -0.100000 -0.080000 -0.060000 -0.040000 -0.020000 0.000000 0.020000 0.040000 0.060000 0.080000 0.100000 0.120000 0.140000 0.160000 0.180000 0.200000 0.220000 0.240000 0.260000 0.280000 0.300000 0.320000 0.340000 0.360000 0.380000 0.400000 0.420000 0.440000 0.460000 0.480000 0.500000 0.520000 0.540000 0.560000 0.580000 0.600000 0.620000 0.640000 0.660000 0.680000 0.700000 0.720000 0.740000 0.760000 0.780000 0.800000 0.820000 0.840000 0.860000 0.880000 0.900000 0.920000 0.940000 0.960000 0.980000 1.000000
62 75 83 84 96 68 81 94 64 78 74 73 78 79 90 85 80 77 75 96 102 93 91 98 101 95 97 112 107 120 121 122 133 132 123 152 126 121 156 145 129 150 133 129 128 159 131 159 116 146 138 144 170 152 128 145 122 141 145 137 112 138 140 138 128 126 112 135 124 104 112 114 89 101 92 103 110 86 69 87 71 75 63 75 61 71 60 41 46 49 46 46 39 34 45 34 33 28 29 93
-1.000000 -0.980000 -0.960000 -0.940000 -0.920000 -0.900000 -0.880000 -0.860000 -0.840000 -0.820000 -0.800000 -0.780000 -0.760000 -0.740000 -0.720000 -0.700000 -0.680000 -0.660000 -0.640000 -0.620000 -0.600000 -0.580000 -0.560000 -0.540000 -0.520000 -0.500000 -0.480000 -0.460000 -0.440000 -0.420000 -0.400000 -0.380000 -0.360000 -0.340000 -0.320000 -0.300000 -0.280000 -0.260000 -0.240000 -0.220000 -0.200000 -0.180000 -0.160000 -0.140000 -0.120000 -0.100000 -0.080000 -0.060000 -0.040000 -0.020000 0.000000 0.020000 0.040000 0.060000 0.080000 0.100000 0.120000 0.140000 0.160000 0.180000 0.200000 0.220000 0.240000 0.260000 0.280000 0.300000 0.320000 0.340000 0.360000 0.380000 0.400000 0.420000 0.440000 0.460000 0.480000 0.500000 0.520000 0.540000 0.560000 0.580000 0.600000 0.620000 0.640000 0.660000 0.680000 0.700000 0.720000 0.740000 0.760000 0.780000 0.800000 0.820000 0.840000 0.860000 0.880000 0.900000 0.920000 0.940000 0.960000 0.980000 1.000000
73 81 78 92 94 74 75 82 75 79 77 78 68 64 98 81 92 84 90 80 101 81 89 96 95 95 114 121 99 128 121 136 133 126 132 136 121 137 152 135 138 130 137 131 142 122 164 140 134 146 148 138 148 143 131 134 136 138 143 130 130 132 137 132 135 125 127 108 131 117 110 107 104 88 122 93 97 70 80 75 90 72 65 64 82 71 53 48 38 52 47 38 46 43 33 30 29 29 28 86
-1.000000 -0.980000 -0.960000 -0.940000 -0.920000 -0.900000 -0.880000 -0.860000 -0.840000 -0.820000 -0.800000 -0.780000 -0.760000 -0.740000 -0.720000 -0.700000 -0.680000 -0.660000 -0.640000 -0.620000 -0.600000 -0.580000 -0.560000 -0.540000 -0.520000 -0.500000 -0.480000 -0.460000 -0.440000 -0.420000 -0.400000 -0.380000 -0.360000 -0.340000 -0.320000 -0.300000 -0.280000 -0.260000 -0.240000 -0.220000 -0.200000 -0.180000 -0.160000 -0.140000 -0.120000 -0.100000 -0.080000 -0.060000 -0.040000 -0.020000 0.000000 0.020000 0.040000 0.060000 0.080000 0.100000 0.120000 0.140000 0.160000 0.180000 0.200000 0.220000 0.240000 0.260000 0.280000 0.300000 0.320000 0.340000 0.360000 0.380000 0.400000 0.420000 0.440000 0.460000 0.480000 0.500000 0.520000 0.540000 0.560000 0.580000 0.600000 0.620000 0.640000 0.660000 0.680000 0.700000 0.720000 0.740000 0.760000 0.780000 0.800000 0.820000 0.840000 0.860000 0.880000 0.900000 0.920000 0.940000 0.960000 0.980000 1.000000
55 74 87 83 84 90 72 79 75 78 77 85 78 89 72 74 89 90 92 79 91 79 118 92 105 101 115 115 103 114 140 102 116 146 119 116 144 153 133 142 150 146 123 131 131 117 151 141 150 147 148 138 158 141 123 139 132 119 153 143 132 118 131 146 130 107 142 123 125 101 118 97 97 99 119 88 92 88 83 76 76 66 90 63 61 75 67 60 39 32 37 40 43 41 45 37 36 29 31 93
-1.000000 -0.980000 -0.960000 -0.940000 -0.920000 -0.900000 -0.880000 -0.860000 -0.840000 -0.820000 -0.800000 -0.780000 -0.760000 -0.740000 -0.720000 -0.700000 -0.680000 -0.660000 -0.640000 -0.620000 -0.600000 -0.580000 -0.560000 -0.540000 -0.520000 -0.500000 -0.480000 -0.460000 -0.440000 -0.420000 -0.400000 -0.380000 -0.360000 -0.340000 -0.320000 -0.300000 -0.280000 -0.260000 -0.240000 -0.220000 -0.200000 -0.180000 -0.160000 -0.140000 -0.120000 -0.100000 -0.080000 -0.060000 -0.040000 -0.020000 0.000000 0.020000 0.040000 0.060000 0.080000 0.100000 0.120000 0.140000 0.160000 0.180000 0.200000 0.220000 0.240000 0.260000 0.280000 0.300000 0.320000 0.340000 0.360000 0.380000 0.400000 0.420000 0.440000 0.460000 0.480000 0.500000 0.520000 0.540000 0.560000 0.580000 0.600000 0.620000 0.640000 0.660000 0.680000 0.700000 0.720000 0.740000 0.760000 0.780000 0.800000 0.820000 0.840000 0.860000 0.880000 0.900000 0.920000 0.940000 0.960000 0.980000 1.000000
74 80 81 79 80 80 85 69 92 94 69 82 78 70 79 84 86 81 95 88 92 99 110 104 93 113 91 118 84 99 130 131 115 126 138 131 136 140 146 120 145 133 145 142 124 144 146 132 150 142 151 142 135 149 131 145 130 137 116 139 136 137 143 130 121 144 135 117 106 98 131 71 119 102 92 99 98 98 82 68 81 77 79 62 74 63 58 54 48 47 35 49 40 38 33 38 34 28 28 87
-1.000000 -0.980000 -0.960000 -0.940000 -0.920000 -0.900000 -0.880000 -0.860000 -0.840000 -0.820000 -0.800000 -0.780000 -0.760000 -0.740000 -0.720000 -0.700000 -0.680000 -0.660000 -0.640000 -0.620000 -0.600000 -0.580000 -0.560000 -0.540000 -0.520000 -0.500000 -0.480000 -0.460000 -0.440000 -0.420000 -0.400000 -0.380000 -0.360000 -0.340000 -0.320000 -0.300000 -0.280000 -0.260000 -0.240000 -0.220000 -0.200000 -0.180000 -0.160000 -0.140000 -0.120000 -0.100000 -0.080000 -0.060000 -0.040000 -0.020000 0.000000 0.020000 0.040000 0.060000 0.080000 0.100000 0.120000 0.140000 0.160000 0.180000 0.200000 0.220000 0.240000 0.260000 0.280000 0.300000 0.320000 0.340000 0.360000 0.380000 0.400000 0.420000 0.440000 0.460000 0.480000 0.500000 0.520000 0.540000 0.560000 0.580000 0.600000 0.620000 0.640000 0.660000 0.680000 0.700000 0.720000 0.740000 0.760000 0.780000 0.800000 0.820000 0.840000 0.860000 0.880000 0.900000 0.920000 0.940000 0.960000 0.980000 1.000000
63 71 92 83 78 91 76 82 88 71 76 80 80 90 76 87 93 70 92 86 92 97 118 101 90 93 99 104 103 108 113 144 116 145 121 127 131 143 140 153 131 124 138 142 134 136 135 134 152 146 147 146 144 145 133 135 157 127 142 119 126 121 142 144 122 145 115 118 120 105 104 95 109 91 110 99 97 81 83 78 85 67 65 70 67 66 65 51 58 43 52 43 39 47 25 32 29 39 23 99
-1.000000 -0.980000 -0.960000 -0.940000 -0.920000 -0.900000 -0.880000 -0.860000 -0.840000 -0.820000 -0.800000 -0.780000 -0.760000 -0.740000 -0.720000 -0.700000 -0.680000 -0.660000 -0.640000 -0.620000 -0.600000 -0.580000 -0.560000 -0.540000 -0.520000 -0.500000 -0.480000 -0.460000 -0.440000 -0.420000 -0.400000 -0.380000 -0.360000 -0.340000 -0.320000 -0.300000 -0.280000 -0.260000 -0.240000 -0.220000 -0.200000 -0.180000 -0.160000 -0.140000 -0.120000 -0.100000 -0.080000 -0.060000 -0.040000 -0.020000 0.000000 0.020000 0.040000 0.060000 0.080000 0.100000 0.120000 0.140000 0.160000 0.180000 0.200000 0.220000 0.240000 0.260000 0.280000 0.300000 0.320000 0.340000 0.360000 0.380000 0.400000 0.420000 0.440000 0.460000 0.480000 0.500000 0.520000 0.540000 0.560000 0.580000 0.600000 0.620000 0.640000 0.660000 0.680000 0.700000 0.720000 0.740000 0.760000 0.780000 0.800000 0.820000 0.840000 0.860000 0.880000 0.900000 0.920000 0.940000 0.960000 0.980000 1.000000
62 78 70 96 82 83 86 94 73 76 90 87 63 83 88 80 92 80 99 91 92 85 114 82 105 113 94 101 115 121 101 115 136 127 126 127 148 131 166 121 132 123 135 141 146 146 137 124 137 147 142 162 127 131 148 149 121 139 149 138 128 132 122 131 128 127 120 123 110 100 113 107 94 104 107 93 90 95 82 83 78 59 68 76 70 68 59 49 56 50 53 50 38 32 35 32 37 29 34 91
-1.000000 -0.980000 -0.960000 -0.940000 -0.920000 -0.900000 -0.880000 -0.860000 -0.840000 -0.820000 -0.800000 -0.780000 -0.760000 -0.740000 -0.720000 -0.700000 -0.680000 -0.660000 -0.640000 -0.620000 -0.600000 -0.580000 -0.560000 -0.540000 -0.520000 -0.500000 -0.480000 -0.460000 -0.440000 -0.420000 -0.400000 -0.380000 -0.360000 -0.340000 -0.320000 -0.300000 -0.280000 -0.260000 -0.240000 -0.220000 -0.200000 -0.180000 -0.160000 -0.140000 -0.120000 -0.100000 -0.080000 -0.060000 -0.040000 -0.020000 0.000000 0.020000 0.040000 0.060000 0.080000 0.100000 0.120000 0.140000 0.160000 0.180000 0.200000 0.220000 0.240000 0.260000 0.280000 0.300000 0.320000 0.340000 0.360000 0.380000 0.400000 0.420000 0.440000 0.460000 0.480000 0.500000 0.520000 0.540000 0.560000 0.580000 0.600000 0.620000 0.640000 0.660000 0.680000 0.700000 0.720000 0.740000 0.760000 0.780000 0.800000 0.820000 0.840000 0.860000 0.880000 0.900000 0.920000 0.940000 0.960000 0.980000 1.000000
64 87 73 83 79 92 75 79 94 81 96 72 79 84 96 73 90 85 107 95 98 86 90 87 104 113 110 102 100 101 127 109 117 133 152 130 128 149 123 143 133 137 135 152 142 129 144 130 139 140 142 143 137 145 135 115 145 131 149 135 128 137 141 136 119 132 121 109 105 93 110 110 117 103 94 90 94 75 83 89 85 58 72 69 62 67 58 53 62 56 57 46 40 30 23 33 41 41 32 85
-1.000000 -0.980000 -0.960000 -0.940000 -0.920000 -0.900000 -0.880000 -0.860000 -0.840000 -0.820000 -0.800000 -0.780000 -0.760000 -0.740000 -0.720000 -0.700000 -0.680000 -0.660000 -0.640000 -0.620000 -0.600000 -0.580000 -0.560000 -0.540000 -0.520000 -0.500000 -0.480000 -0.460000 -0.440000 -0.420000 -0.400000 -0.380000 -0.360000 -0.340000 -0.320000 -0.300000 -0.280000 -0.260000 -0.240000 -0.220000 -0.200000 -0.180000 -0.160000 -0.140000 -0.120000 -0.100000 -0.080000 -0.060000 -0.040000 -0.020000 0.000000 0.020000 0.040000 0.060000 0.080000 0.100000 0.120000 0.140000 0.160000 0.180000 0.200000 0.220000 0.240000 0.260000 0.280000 0.300000 0.320000 0.340000 0.360000 0.380000 0.400000 0.420000 0.440000 0.460000 0.480000 0.500000 0.520000 0.540000 0.560000 0.580000 0.600000 0.620000 0.640000 0.660000 0.680000 0.700000 0.720000 0.740000 0.760000 0.780000 0.800000 0.820000 0.840000 0.860000 0.880000 0.900000 0.920000 0.940000 0.960000 0.980000 1.000000
76 89 76 84 87 81 61 83 82 81 106 84 91 71 79 82 111 85 91 87 83 93 105 91 114 101 91 110 118 119 112 132 118 110 133 139 132 132 157 123 129 139 153 142 130 137 128 137 152 127 128 146 143 141 133 133 138 148 145 121 131 134 136 147 110 115 119 113 113 110 114 91 104 113 106 81 97 90 68 75 89 71 74 67 67 74 55 62 45 50 45 41 42 41 40 28 33 31 32 96
-1.000000 -0.980000 -0.960000 -0.940000 -0.920000 -0.900000 -0.880000 -0.860000 -0.840000 -0.820000 -0.800000 -0.780000 -0.760000 -0.740000 -0.720000 -0.700000 -0.680000 -0.660000 -0.640000 -0.620000 -0.600000 -0.580000 -0.560000 -0.540000 -0.520000 -0.500000 -0.480000 -0.460000 -0.440000 -0.420000 -0.400000 -0.380000 -0.360000 -0.340000 -0.320000 -0.300000 -0.280000 -0.260000 -0.240000 -0.220000 -0.200000 -0.180000 -0.160000 -0.140000 -0.120000 -0.100000 -0.080000 -0.060000 -0.040000 -0.020000 0.000000 0.020000 0.040000 0.060000 0.080000 0.100000 0.120000 0.140000 0.160000 0.180000 0.200000 0.220000 0.240000 0.260000 0.280000 0.300000 0.320000 0.340000 0.360000 0.380000 0.400000 0.420000 0.440000 0.460000 0.480000 0.500000 0.520000 0.540000 0.560000 0.580000 0.600000 0.620000 0.640000 0.660000 0.680000 0.700000 0.720000 0.740000 0.760000 0.780000 0.800000 0.820000 0.840000 0.860000 0.880000 0.900000 0.920000 0.940000 0.960000 0.980000 1.000000
71 79 78 82 85 70 83 85 81 84 92 72 84 85 95 77 102 96 102 85 104 88 100 111 91 98 98 117 115 108 124 126 108 103 132 139 130 136 136 137 123 126 163 144 137 114 154 146 131 132 146 133 143 146 140 158 136 132 125 146 133 122 141 127 92 117 143 120 104 97 107 96 110 106 87 80 92 105 83 78 79 75 81 79 71 66 62 53 50 38 41 42 36 40 34 41 43 41 24 100
-1.000000 -0.980000 -0.960000 -0.940000 -0.920000 -0.900000 -0.880000 -0.860000 -0.840000 -0.820000 -0.800000 -0.780000 -0.760000 -0.740000 -0.720000 -0.700000 -0.680000 -0.660000 -0.640000 -0.620000 -0.600000 -0.580000 -0.560000 -0.540000 -0.520000 -0.500000 -0.480000 -0.460000 -0.440000 -0.420000 -0.400000 -0.380000 -0.360000 -0.340000 -0.320000 -0.300000 -0.280000 -0.260000 -0.240000 -0.220000 -0.200000 -0.180000 -0.160000 -0.140000 -0.120000 -0.100000 -0.080000 -0.060000 -0.040000 -0.020000 0.000000 0.020000 0.040000 0.060000 0.080000 0.100000 0.120000 0.140000 0.160000 0.180000 0.200000 0.220000 0.240000 0.260000 0.280000 0.300000 0.320000 0.340000 0.360000 0.380000 0.400000 0.420000 0.440000 0.460000 0.480000 0.500000 0.520000 0.540000 0.560000 0.580000 0.600000 0.620000 0.640000 0.660000 0.680000 0.700000 0.720000 0.740000 0.760000 0.780000 0.800000 0.820000 0.840000 0.860000 0.880000 0.900000 0.920000 0.940000 0.960000 0.980000 1.000000
68 68 99 80 77 77 81 88 93 75 93 81 99 97 88 83 83 85 91 74 89 115 106 89 98 120 123 90 101 105 119 132 139 127 129 124 123 129 140 112 128 141 133 159 135 155 122 126 124 158 149 134 137 131 159 131 144 135 129 137 123 125 125 125 129 115 115 122 112 111 96 114 106 82 101 104 86 93 69 90 83 81 73 77 70 64 63 52 45 44 44 53 35 42 38 40 43 22 30 101
-1.000000 -0.980000 -0.960000 -0.940000 -0.920000 -0.900000 -0.880000 -0.860000 -0.840000 -0.820000 -0.800000 -0.780000 -0.760000 -0.740000 -0.720000 -0.700000 -0.680000 -0.660000 -0.640000 -0.620000 -0.600000 -0.580000 -0.560000 -0.540000 -0.520000 -0.500000 -0.480000 -0.460000 -0.440000 -0.420000 -0.400000 -0.380000 -0.360000 -0.340000 -0.320000 -0.300000 -0.280000 -0.260000 -0.240000 -0.220000 -0.200000 -0.180000 -0.160000 -0.140000 -0.120000 -0.100000 -0.080000 -0.060000 -0.040000 -0.020000 0.000000 0.020000 0.040000 0.060000 0.080000 0.100000 0.120000 0.140000 0.160000 0.180000 0.200000 0.220000 0.240000 0.260000 0.280000 0.300000 0.320000 0.340000 0.360000 0.380000 0.400000 0.420000 0.440000 0.460000 0.480000 0.500000 0.520000 0.540000 0.560000 0.580000 0.600000 0.620000 0.640000 0.660000 0.680000 0.700000 0.720000 0.740000 0.760000 0.780000 0.800000 0.820000 0.840000 0.860000 0.880000 0.900000 0.920000 0.940000 0.960000 0.980000 1.000000
66 72 100 78 78 87 77 98 99 73 81 101 71 106 75 109 70 90 90 84 90 98 101 112 109 92 106 98 123 105 119 121 134 120 145 115 122 114 154 126 135 130 141 143 151 146 127 134 142 147 141 151 137 144 122 135 131 161 128 119 112 128 128 130 117 113 108 105 114 124 107 98 104 109 102 98 79 92 85 78 76 84 84 73 72 64 58 46 59 36 57 51 39 44 29 38 34 32 24 95
-1.000000 -0.980000 -0.960000 -0.940000 -0.920000 -0.900000 -0.880000 -0.860000 -0.840000 -0.820000 -0.800000 -0.780000 -0.760000 -0.740000 -0.720000 -0.700000 -0.680000 -0.660000 -0.640000 -0.620000 -0.600000 -0.580000 -0.560000 -0.540000 -0.520000 -0.500000 -0.480000 -0.460000 -0.440000 -0.420000 -0.400000 -0.380000 -0.360000 -0.340000 -0.320000 -0.300000 -0.280000 -0.260000 -0.240000 -0.220000 -0.200000 -0.180000 -0.160000 -0.140000 -0.120000 -0.100000 -0.080000 -0.060000 -0.040000 -0.020000 0.000000 0.020000 0.040000 0.060000 0.080000 0.100000 0.120000 0.140000 0.160000 0.180000 0.200000 0.220000 0.240000 0.260000 0.280000 0.300000 0.320000 0.340000 0.360000 0.380000 0.400000 0.420000 0.440000 0.460000 0.480000 0.500000 0.520000 0.540000 0.560000 0.580000 0.600000 0.620000 0.640000 0.660000 0.680000 0.700000 0.720000 0.740000 0.760000 0.780000 0.800000 0.820000 0.840000 0.860000 0.880000 0.900000 0.920000 0.940000 0.960000 0.980000 1.000000
77 76 73 84 90 97 84 90 95 90 76 71 85 87 82 97 101 99 92 85 110 78 96 99 102 105 102 113 112 128 117 121 121 127 131 133 124 121 115 119 145 144 145 149 138 124 133 138 124 154 146 145 137 131 147 153 129 132 135 123 117 120 117 143 127 98 127 113 110 97 110 113 113 92 99 106 84 101 73 84 89 76 64 75 63 79 51 61 46 44 47 38 47 50 37 35 29 33 31 84
-1.000000 -0.980000 -0.960000 -0.940000 -0.920000 -0.900000 -0.880000 -0.860000 -0.840000 -0.820000 -0.800000 -0.780000 -0.760000 -0.740000 -0.720000 -0.700000 -0.680000 -0.660000 -0.640000 -0.620000 -0.600000 -0.580000 -0.560000 -0.540000 -0.520000 -0.500000 -0.480000 -0.460000 -0.440000 -0.420000 -0.400000 -0.380000 -0.360000 -0.340000 -0.320000 -0.300000 -0.280000 -0.260000 -0.240000 -0.220000 -0.200000 -0.180000 -0.160000 -0.140000 -0.120000 -0.100000 -0.080000 -0.060000 -0.040000 -0.020000 0.000000 0.020000 0.040000 0.060000 0.080000 0.100000 0.120000 0.140000 0.160000 0.180000 0.200000 0.220000 0.240000 0.260000 0.280000 0.300000 0.320000 0.340000 0.360000 0.380000 0.400000 0.420000 0.440000 0.460000 0.480000 0.500000 0.520000 0.540000 0.560000 0.580000 0.600000 0.620000 0.640000 0.660000 0.680000 0.700000 0.720000 0.740000 0.760000 0.780000 0.800000 0.820000 0.840000 0.860000 0.880000 0.900000 0.920000 0.940000 0.960000 0.980000 1.000000
53 81 88 96 75 106 76 81 96 95 85 80 101 65 95 107 96 88 85 110 89 85 100 83 88 115 111 124 116 131 113 114 111 141 119 129 134 124 111 131 129 146 128 129 136 136 152 146 147 115 135 146 134 143 142 142 149 132 132 129 120 125 114 127 119 115 104 127 113 95 105 124 105 90 102 115 85 85 90 90 76 71 80 55 80 73 65 48 48 49 55 42 44 40 32 37 29 26 41 83
-1.000000 -0.980000 -0.960000 -0.940000 -0.920000 -0.900000 -0.880000 -0.860000 -0.840000 -0.820000 -0.800000 -0.780000 -0.760000 -0.740000 -0.720000 -0.700000 -0.680000 -0.660000 -0.640000 -0.620000 -0.600000 -0.580000 -0.560000 -0.540000 -0.520000 -0.500000 -0.480000 -0.460000 -0.440000 -0.420000 -0.400000 -0.380000 -0.360000 -0.340000 -0.320000 -0.300000 -0.280000 -0.260000 -0.240000 -0.220000 -0.200000 -0.180000 -0.160000 -0.140000 -0.120000 -0.100000 -0.080000 -0.060000 -0.040000 -0.020000 0.000000 0.020000 0.040000 0.060000 0.080000 0.100000 0.120000 0.140000 0.160000 0.180000 0.200000 0.220000 0.240000 0.260000 0.280000 0.300000 0.320000 0.340000 0.360000 0.380000 0.400000 0.420000 0.440000 0.460000 0.480000 0.500000 0.520000 0.540000 0.560000 0.580000 0.600000 0.620000 0.640000 0.660000 0.680000 0.700000 0.720000 0.740000 0.760000 0.780000 0.800000 0.820000 0.840000 0.860000 0.880000 0.900000 0.920000 0.940000 0.960000 0.980000 1.000000
67 75 99 80 95 92 91 71 94 83 100 81 95 88 90 92 101 86 99 93 86 88 90 114 100 89 105 109 133 128 127 117 138 104 137 114 116 125 130 139 123 144 128 130 145 141 137 129 138 123 159 136 154 142 126 123 140 141 126 130 121 138 130 105 104 108 118 104 118 109 111 110 121 109 98 96 99 95 77 80 91 87 63 75 64 56 53 61 61 58 38 43 34 31 39 39 40 27 23 90
-1.000000 -0.980000 -0.960000 -0.940000 -0.920000 -0.900000 -0.880000 -0.860000 -0.840000 -0.820000 -0.800000 -0.780000 -0.760000 -0.740000 -0.720000 -0.700000 -0.680000 -0.660000 -0.640000 -0.620000 -0.600000 -0.580000 -0.560000 -0.540000 -0.520000 -0.500000 -0.480000 -0.460000 -0.440000 -0.420000 -0.400000 -0.380000 -0.360000 -0.340000 -0.320000 -0.300000 -0.280000 -0.260000 -0.240000 -0.220000 -0.200000 -0.180000 -0.160000 -0.140000 -0.120000 -0.100000 -0.080000 -0.060000 -0.040000 -0.020000 0.000000 0.020000 0.040000 0.060000 0.080000 0.100000 0.120000 0.140000 0.160000 0.180000 0.200000 0.220000 0.240000 0.260000 0.280000 0.300000 0.320000 0.340000 0.360000 0.380000 0.400000 0.420000 0.440000 0.460000 0.480000 0.500000 0.520000 0.540000 0.560000 0.580000 0.600000 0.620000 0.640000 0.660000 0.680000 0.700000 0.720000 0.740000 0.760000 0.780000 0.800000 0.820000 0.840000 0.860000 0.880000 0.900000 0.920000 0.940000 0.960000 0.980000 1.000000
71 76 86 97 99 97 77 97 86 79 87 81 81 94 93 96 84 99 106 83 99 92 103 102 105 94 100 129 95 119 134 126 117 123 121 131 127 125 140 127 126 126 107 158 146 133 122 138 144 154 139 128 131 143 145 137 143 142 130 119 127 113 121 115 114 115 115 94 109 105 126 97 116 108 113 98 81 92 86 89 84 79 65 79 64 58 62 58 58 40 47 46 45 34 37 30 37 41 23 90
-1.000000 -0.980000 -0.960000 -0.940000 -0.920000 -0.900000 -0.880000 -0.860000 -0.840000 -0.820000 -0.800000 -0.780000 -0.760000 -0.740000 -0.720000 -0.700000 -0.680000 -0.660000 -0.640000 -0.620000 -0.600000 -0.580000 -0.560000 -0.540000 -0.520000 -0.500000 -0.480000 -0.460000 -0.440000 -0.420000 -0.400000 -0.380000 -0.360000 -0.340000 -0.320000 -0.300000 -0.280000 -0.260000 -0.240000 -0.220000 -0.200000 -0.180000 -0.160000 -0.140000 -0.120000 -0.100000 -0.080000 -0.060000 -0.040000 -0.020000 0.000000 0.020000 0.040000 0.060000 0.080000 0.100000 0.120000 0.140000 0.160000 0.180000 0.200000 0.220000 0.240000 0.260000 0.280000 0.300000 0.320000 0.340000 0.360000 0.380000 0.400000 0.420000 0.440000 0.460000 0.480000 0.500000 0.520000 0.540000 0.560000 0.580000 0.600000 0.620000 0.640000 0.660000 0.680000 0.700000 0.720000 0.740000 0.760000 0.780000 0.800000 0.820000 0.840000 0.860000 0.880000 0.900000 0.920000 0.940000 0.960000 0.980000 1.000000
72 73 97 85 83 102 86 101 83 79 80 99 82 92 93 81 94 97 103 90 97 106 103 98 99 101 117 100 122 108 120 128 132 114 117 117 136 137 150 130 120 116 132 134 133 145 127 127 134 126 145 144 149 149 143 139 131 122 150 114 125 108 109 107 111 124 113 124 106 96 123 116 94 116 103 99 100 97 86 75 78 81 71 73 61 69 60 63 54 42 46 42 48 32 42 40 21 33 31 97
-1.000000 -0.980000 -0.960000 -0.940000 -0.920000 -0.900000 -0.880000 -0.860000 -0.840000 -0.820000 -0.800000 -0.780000 -0.760000 -0.740000 -0.720000 -0.700000 -0.680000 -0.660000 -0.640000 -0.620000 -0.600000 -0.580000 -0.560000 -0.540000 -0.520000 -0.500000 -0.480000 -0.460000 -0.440000 -0.420000 -0.400000 -0.380000 -0.360000 -0.340000 -0.320000 -0.300000 -0.280000 -0.260000 -0.240000 -0.220000 -0.200000 -0.180000 -0.160000 -0.140000 -0.120000 -0.100000 -0.080000 -0.060000 -0.040000 -0.020000 0.000000 0.020000 0.040000 0.060000 0.080000 0.100000 0.120000 0.140000 0.160000 0.180000 0.200000 0.220000 0.240000 0.260000 0.280000 0.300000 0.320000 0.340000 0.360000 0.380000 0.400000 0.420000 0.440000 0.460000 0.480000 0.500000 0.520000 0.540000 0.560000 0.580000 0.600000 0.620000 0.640000 0.660000 0.680000 0.700000 0.720000 0.740000 0.760000 0.780000 0.800000 0.820000 0.840000 0.860000 0.880000 0.900000 0.920000 0.940000 0.960000 0.980000 1.000000
64 80 92 92 87 92 102 99 82 74 85 79 86 99 91 87 103 84 96 98 90 93 112 99 102 108 107 111 124 125 118 114 107 123 114 137 147 142 132 111 120 154 126 136 121 131 115 141 139 136 146 140 140 126 148 138 139 126 146 120 113 124 112 113 118 103 101 126 103 119 123 93 106 98 110 113 108 109 76 66 83 69 72 73 71 59 64 64 55 42 43 50 43 36 39 44 28 25 32 98
-1.000000 -0.980000 -0.960000 -0.940000 -0.920000 -0.900000 -0.880000 -0.860000 -0.840000 -0.820000 -0.800000 -0.780000 -0.760000 -0.740000 -0.720000 -0.700000 -0.680000 -0.660000 -0.640000 -0.620000 -0.600000 -0.580000 -0.560000 -0.540000 -0.520000 -0.500000 -0.480000 -0.460000 -0.440000 -0.420000 -0.400000 -0.380000 -0.360000 -0.340000 -0.320000 -0.300000 -0.280000 -0.260000 -0.240000 -0.220000 -0.200000 -0.180000 -0.160000 -0.140000 -0.120000 -0.100000 -0.080000 -0.060000 -0.040000 -0.020000 0.000000 0.020000 0.040000 0.060000 0.080000 0.100000 0.120000 0.140000 0.160000 0.180000 0.200000 0.220000 0.240000 0.260000 0.280000 0.300000 0.320000 0.340000 0.360000 0.380000 0.400000 0.420000 0.440000 0.460000 0.480000 0.500000 0.520000 0.540000 0.560000 0.580000 0.600000 0.620000 0.640000 0.660000 0.680000 0.700000 0.720000 0.740000 0.760000 0.780000 0.800000 0.820000 0.840000 0.860000 0.880000 0.900000 0.920000 0.940000 0.960000 0.980000 1.000000
70 92 97 91 90 91 90 101 81 83 93 86 81 78 100 82 99 81 87 103 98 94 107 104 102 108 122 127 103 107 121 125 116 108 141 133 140 133 133 128 121 107 137 130 134 143 132 116 144 135 117 155 143 127 133 127 136 137 121 137 137 109 131 117 115 110 108 100 120 116 102 122 111 94 131 81 97 89 86 75 76 89 59 75 85 63 59 68 37 53 45 48 34 32 37 49 32 29 28 93
-1.000000 -0.980000 -0.960000 -0.940000 -0.920000 -0.900000 -0.880000 -0.860000 -0.840000 -0.820000 -0.800000 -0.780000 -0.760000 -0.740000 -0.720000 -0.700000 -0.680000 -0.660000 -0.640000 -0.620000 -0.600000 -0.580000 -0.560000 -0.540000 -0.520000 -0.500000 -0.480000 -0.460000 -0.440000 -0.420000 -0.400000 -0.380000 -0.360000 -0.340000 -0.320000 -0.300000 -0.280000 -0.260000 -0.240000 -0.220000 -0.200000 -0.180000 -0.160000 -0.140000 -0.120000 -0.100000 -0.080000 -0.060000 -0.040000 -0.020000 0.000000 0.020000 0.040000 0.060000 0.080000 0.100000 0.120000 0.140000 0.160000 0.180000 0.200000 0.220000 0.240000 0.260000 0.280000 0.300000 0.320000 0.340000 0.360000 0.380000 0.400000 0.420000 0.440000 0.460000 0.480000 0.500000 0.520000 0.540000 0.560000 0.580000 0.600000 0.620000 0.640000 0.660000 0.680000 0.700000 0.720000 0.740000 0.760000 0.780000 0.800000 0.820000 0.840000 0.860000 0.880000 0.900000 0.920000 0.940000 0.960000 0.980000 1.000000
75 92 96 81 98 98 86 91 98 83 84 85 76 88 93 99 90 98 76 104 102 84 87 112 102 110 96 107 120 120 134 129 105 125 130 127 135 135 131 116 134 101 139 144 142 117 127 135 137 154 120 144 136 168 125 128 133 123 118 131 136 117 108 115 114 115 115 125 111 123 101 109 95 98 107 96 95 88 89 86 83 80 77 76 73 50 69 51 52 57 47 43 31 37 36 40 38 36 26 101
-1.000000 -0.980000 -0.960000 -0.940000 -0.920000 -0.900000 -0.880000 -0.860000 -0.840000 -0.820000 -0.800000 -0.780000 -0.760000 -0.740000 -0.720000 -0.700000 -0.680000 -0.660000 -0.640000 -0.620000 -0.600000 -0.580000 -0.560000 -0.540000 -0.520000 -0.500000 -0.480000 -0.460000 -0.440000 -0.420000 -0.400000 -0.380000 -0.360000 -0.340000 -0.320000 -0.300000 -0.280000 -0.260000 -0.240000 -0.220000 -0.200000 -0.180000 -0.160000 -0.140000 -0.120000 -0.100000 -0.080000 -0.060000 -0.040000 -0.020000 0.000000 0.020000 0.040000 0.060000 0.080000 0.100000 0.120000 0.140000 0.160000 0.180000 0.200000 0.220000 0.240000 0.260000 0.280000 0.300000 0.320000 0.340000 0.360000 0.380000 0.400000 0.420000 0.440000 0.460000 0.480000 0.500000 0.520000 0.540000 0.560000 0.580000 0.600000 0.620000 0.640000 0.660000 0.680000 0.700000 0.720000 0.740000 0.760000 0.780000 0.800000 0.820000 0.840000 0.860000 0.880000 0.900000 0.920000 0.940000 0.960000 0.980000 1.000000
77 96 87 90 77 101 119 92 84 79 81 83 99 74 81 78 103 100 107 92 88 98 88 115 101 101 117 103 116 92 133 119 118 127 129 150 132 124 132 131 122 123 138 123 109 134 137 138 128 125 129 142 144 146 149 141 132 118 144 139 118 101 114 121 114 113 117 107 113 119 116 102 102 113 105 97 90 75 88 94 76 76 73 79 64 62 60 51 62 52 49 44 33 39 42 28 42 39 33 102
-1.000000 -0.980000 -0.960000 -0.940000 -0.920000 -0.900000 -0.880000 -0.860000 -0.840000 -0.820000 -0.800000 -0.780000 -0.760000 -0.740000 -0.720000 -0.700000 -0.680000 -0.660000 -0.640000 -0.620000 -0.600000 -0.580000 -0.560000 -0.540000 -0.520000 -0.500000 -0.480000 -0.460000 -0.440000 -0.420000 -0.400000 -0.380000 -0.360000 -0.340000 -0.320000 -0.300000 -0.280000 -0.260000 -0.240000 -0.220000 -0.200000 -0.180000 -0.160000 -0.140000 -0.120000 -0.100000 -0.080000 -0.060000 -0.040000 -0.020000 0.000000 0.020000 0.040000 0.060000 0.080000 0.100000 0.120000 0.140000 0.160000 0.180000 0.200000 0.220000 0.240000 0.260000 0.280000 0.300000 0.320000 0.340000 0.360000 0.380000 0.400000 0.420000 0.440000 0.460000 0.480000 0.500000 0.520000 0.540000 0.560000 0.580000 0.600000 0.620000 0.640000 0.660000 0.680000 0.700000 0.720000 0.740000 0.760000 0.780000 0.800000 0.820000 0.840000 0.860000 0.880000 0.900000 0.920000 0.940000 0.960000 0.980000 1.000000
71 65 107 117 90 88 87 94 84 74 86 78 103 101 89 94 105 81 108 93 100 88 104 109 96 88 111 114 122 111 114 107 129 106 127 118 132 150 139 136 119 128 116 137 146 132 113 133 133 126 135 155 142 140 121 129 148 132 130 113 120 137 119 124 118 109 107 101 125 106 105 95 116 98 109 106 88 93 84 81 78 77 80 70 70 59 55 49 61 42 57 46 46 40 38 24 33 35 40 115
-1.000000 -0.980000 -0.960000 -0.940000 -0.920000 -0.900000 -0.880000 -0.860000 -0.840000 -0.820000 -0.800000 -0.780000 -0.760000 -0.740000 -0.720000 -0.700000 -0.680000 -0.660000 -0.640000 -0.620000 -0.600000 -0.580000 -0.560000 -0.540000 -0.520000 -0.500000 -0.480000 -0.460000 -0.440000 -0.420000 -0.400000 -0.380000 -0.360000 -0.340000 -0.320000 -0.300000 -0.280000 -0.260000 -0.240000 -0.220000 -0.200000 -0.180000 -0.160000 -0.140000 -0.120000 -0.100000 -0.080000 -0.060000 -0.040000 -0.020000 0.000000 0.020000 0.040000 0.060000 0.080000 0.100000 0.120000 0.140000 0.160000 0.180000 0.200000 0.220000 0.240000 0.260000 0.280000 0.300000 0.320000 0.340000 0.360000 0.380000 0.400000 0.420000 0.440000 0.460000 0.480000 0.500000 0.520000 0.540000 0.560000 0.580000 0.600000 0.620000 0.640000 0.660000 0.680000 0.700000 0.720000 0.740000 0.760000 0.780000 0.800000 0.820000 0.840000 0.860000 0.880000 0.900000 0.920000 0.940000 0.960000 0.980000 1.000000
81 92 90 91 107 94 84 75 100 83 93 98 93 100 103 71 99 119 82 94 100 92 92 94 105 97 101 110 107 114 117 110 108 133 126 117 137 141 143 143 118 126 132 134 145 128 127 115 129 130 153 140 131 143 129 113 144 144 122 138 125 124 123 134 94 114 120 114 93 118 98 128 91 108 96 94 87 86 80 73 95 79 70 67 62 66 59 63 51 53 51 39 38 39 45 32 42 36 33 103
-1.000000 -0.980000 -0.960000 -0.940000 -0.920000 -0.900000 -0.880000 -0.860000 -0.840000 -0.820000 -0.800000 -0.780000 -0.760000 -0.740000 -0.720000 -0.700000 -0.680000 -0.660000 -0.640000 -0.620000 -0.600000 -0.580000 -0.560000 -0.540000 -0.520000 -0.500000 -0.480000 -0.460000 -0.440000 -0.420000 -0.400000 -0.380000 -0.360000 -0.340000 -0.320000 -0.300000 -0.280000 -0.260000 -0.240000 -0.220000 -0.200000 -0.180000 -0.160000 -0.140000 -0.120000 -0.100000 -0.080000 -0.060000 -0.040000 -0.020000 0.000000 0.020000 0.040000 0.060000 0.080000 0.100000 0.120000 0.140000 0.160000 0.180000 0.200000 0.220000 0.240000 0.260000 0.280000 0.300000 0.320000 0.340000 0.360000 0.380000 0.400000 0.420000 0.440000 0.460000 0.480000 0.500000 0.520000 0.540000 0.560000 0.580000 0.600000 0.620000 0.640000 0.660000 0.680000 0.700000 0.720000 0.740000 0.760000 0.780000 0.800000 0.820000 0.840000 0.860000 0.880000 0.900000 0.920000 0.940000 0.960000 0.980000 1.000000
68 88 94 91 108 87 92 89 98 98 89 85 104 90 87 107 83 98 90 93 90 86 90 99 92 126 114 110 115 102 98 115 111 141 120 137 129 133 135 114 143 144 147 107 128 113 134 145 144 138 126 131 120 140 124 145 131 141 136 128 122 134 96 128 129 116 125 104 119 100 107 105 100 100 92 94 88 90 80 82 67 68 77 88 52 63 59 61 55 46 62 52 39 43 46 29 42 35 33 111
-1.000000 -0.980000 -0.960000 -0.940000 -0.920000 -0.900000 -0.880000 -0.860000 -0.840000 -0.820000 -0.800000 -0.780000 -0.760000 -0.740000 -0.720000 -0.700000 -0.680000 -0.660000 -0.640000 -0.620000 -0.600000 -0.580000 -0.560000 -0.540000 -0.520000 -0.500000 -0.480000 -0.460000 -0.440000 -0.420000 -0.400000 -0.380000 -0.360000 -0.340000 -0.320000 -0.300000 -0.280000 -0.260000 -0.240000 -0.220000 -0.200000 -0.180000 -0.160000 -0.140000 -0.120000 -0.100000 -0.080000 -0.060000 -0.040000 -0.020000 0.000000 0.020000 0.040000 0.060000 0.080000 0.100000 0.120000 0.140000 0.160000 0.180000 0.200000 0.220000 0.240000 0.260000 0.280000 0.300000 0.320000 0.340000 0.360000 0.380000 0.400000 0.420000 0.440000 0.460000 0.480000 0.500000 0.520000 0.540000 0.560000 0.580000 0.600000 0.620000 0.640000 0.660000 0.680000 0.700000 0.720000 0.740000 0.760000 0.780000 0.800000 0.820000 0.840000 0.860000 0.880000 0.900000 0.920000 0.940000 0.960000 0.980000 1.000000
72 93 104 95 93 99 107 86 92 101 102 97 91 97 108 81 95 89 89 86 84 115 86 104 87 98 120 99 123 120 96 123 115 128 123 125 134 129 152 124 120 125 130 116 132 118 146 136 141 131 138 136 135 120 129 139 138 126 133 132 116 151 115 116 121 113 124 117 115 94 101 107 117 96 95 85 91 71 90 62 91 76 68 67 62 60 62 52 65 62 41 47 43 50 47 40 37 37 28 85
-1.000000 -0.980000 -0.960000 -0.940000 -0.920000 -0.900000 -0.880000 -0.860000 -0.840000 -0.820000 -0.800000 -0.780000 -0.760000 -0.740000 -0.720000 -0.700000 -0.680000 -0.660000 -0.640000 -0.620000 -0.600000 -0.580000 -0.560000 -0.540000 -0.520000 -0.500000 -0.480000 -0.460000 -0.440000 -0.420000 -0.400000 -0.380000 -0.360000 -0.340000 -0.320000 -0.300000 -0.280000 -0.260000 -0.240000 -0.220000 -0.200000 -0.180000 -0.160000 -0.140000 -0.120000 -0.100000 -0.080000 -0.060000 -0.040000 -0.020000 0.000000 0.020000 0.040000 0.060000 0.080000 0.100000 0.120000 0.140000 0.160000 0.180000 0.200000 0.220000 0.240000 0.260000 0.280000 0.300000 0.320000 0.340000 0.360000 0.380000 0.400000 0.420000 0.440000 0.460000 0.480000 0.500000 0.520000 0.540000 0.560000 0.580000 0.600000 0.620000 0.640000 0.660000 0.680000 0.700000 0.720000 0.740000 0.760000 0.780000 0.800000 0.820000 0.840000 0.860000 0.880000 0.900000 0.920000 0.940000 0.960000 0.980000 1.000000
70 82 91 113 105 94 98 96 100 99 104 99 87 87 97 83 97 88 83 96 89 84 105 100 111 99 94 108 117 118 120 123 142 111 107 133 125 125 132 132 132 130 142 114 125 134 115 106 133 157 130 136 151 130 139 142 112 148 118 131 138 131 111 110 101 136 118 116 97 108 113 110 92 95 101 97 91 92 71 68 67 79 74 78 67 66 68 46 60 51 60 52 36 43 39 37 35 27 38 112
-1.000000 -0.980000 -0.960000 -0.940000 -0.920000 -0.900000 -0.880000 -0.860000 -0.840000 -0.820000 -0.800000 -0.780000 -0.760000 -0.740000 -0.720000 -0.700000 -0.680000 -0.660000 -0.640000 -0.620000 -0.600000 -0.580000 -0.560000 -0.540000 -0.520000 -0.500000 -0.480000 -0.460000 -0.440000 -0.420000 -0.400000 -0.380000 -0.360000 -0.340000 -0.320000 -0.300000 -0.280000 -0.260000 -0.240000 -0.220000 -0.200000 -0.180000 -0.160000 -0.140000 -0.120000 -0.100000 -0.080000 -0.060000 -0.040000 -0.020000 0.000000 0.020000 0.040000 0.060000 0.080000 0.100000 0.120000 0.140000 0.160000 0.180000 0.200000 0.220000 0.240000 0.260000 0.280000 0.300000 0.320000 0.340000 0.360000 0.380000 0.400000 0.420000 0.440000 0.460000 0.480000 0.500000 0.520000 0.540000 0.560000 0.580000 0.600000 0.620000 0.640000 0.660000 0.680000 0.700000 0.720000 0.740000 0.760000 0.780000 0.800000 0.820000 0.840000 0.860000 0.880000 0.900000 0.920000 0.940000 0.960000 0.980000 1.000000
73 109 110 106 93 84 100 101 81 100 92 113 94 96 88 77 83 99 78 101 110 93 96 93 104 121 106 103 86 111 136 125 133 118 150 121 108 115 115 134 145 109 149 129 126 108 139 112 136 129 153 129 141 133 127 127 125 145 122 122 138 120 138 111 109 121 131 116 104 109 101 103 103 102 108 86 81 77 76 64 90 61 77 72 73 53 76 62 65 59 55 47 42 48 32 38 35 26 27 102
-1.000000 -0.980000 -0.960000 -0.940000 -0.920000 -0.900000 -0.880000 -0.860000 -0.840000 -0.820000 -0.800000 -0.780000 -0.760000 -0.740000 -0.720000 -0.700000 -0.680000 -0.660000 -0.640000 -0.620000 -0.600000 -0.580000 -0.560000 -0.540000 -0.520000 -0.500000 -0.480000 -0.460000 -0.440000 -0.420000 -0.400000 -0.380000 -0.360000 -0.340000 -0.320000 -0.300000 -0.280000 -0.260000 -0.240000 -0.220000 -0.200000 -0.180000 -0.160000 -0.140000 -0.120000 -0.100000 -0.080000 -0.060000 -0.040000 -0.020000 0.000000 0.020000 0.040000 0.060000 0.080000 0.100000 0.120000 0.140000 0.160000 0.180000 0.200000 0.220000 0.240000 0.260000 0.280000 0.300000 0.320000 0.340000 0.360000 0.380000 0.400000 0.420000 0.440000 0.460000 0.480000 0.500000 0.520000 0.540000 0.560000 0.580000 0.600000 0.620000 0.640000 0.660000 0.680000 0.700000 0.720000 0.740000 0.760000 0.780000 0.800000 0.820000 0.840000 0.860000 0.880000 0.900000 0.920000 0.940000 0.960000 0.980000 1.000000
79 85 97 116 93 99 99 115 91 79 104 82 104 82 91 102 88 91 93 94 96 118 95 98 101 102 97 106 106 119 126 116 124 125 122 132 122 120 110 147 123 124 143 139 115 131 120 131 108 141 140 143 112 130 132 132 136 139 106 126 140 128 144 117 119 124 103 101 126 105 106 101 100 100 103 75 88 85 77 77 66 77 72 75 70 71 58 66 59 70 47 57 42 45 29 39 43 21 21 116
-1.000000 -0.980000 -0.960000 -0.940000 -0.920000 -0.900000 -0.880000 -0.860000 -0.840000 -0.820000 -0.800000 -0.780000 -0.760000 -0.740000 -0.720000 -0.700000 -0.680000 -0.660000 -0.640000 -0.620000 -0.600000 -0.580000 -0.560000 -0.540000 -0.520000 -0.500000 -0.480000 -0.460000 -0.440000 -0.420000 -0.400000 -0.380000 -0.360000 -0.340000 -0.320000 -0.300000 -0.280000 -0.260000 -0.240000 -0.220000 -0.200000 -0.180000 -0.160000 -0.140000 -0.120000 -0.100000 -0.080000 -0.060000 -0.040000 -0.020000 0.000000 0.020000 0.040000 0.060000 0.080000 0.100000 0.120000 0.140000 0.160000 0.180000 0.200000 0.220000 0.240000 0.260000 0.280000 0.300000 0.320000 0.340000 0.360000 0.380000 0.400000 0.420000 0.440000 0.460000 0.480000 0.500000 0.520000 0.540000 0.560000 0.580000 0.600000 0.620000 0.640000 0.660000 0.680000 0.700000 0.720000 0.740000 0.760000 0.780000 0.800000 0.820000 0.840000 0.860000 0.880000 0.900000 0.920000 0.940000 0.960000 0.980000 1.000000
79 92 92 94 123 95 117 91 103 87 102 95 93 77 92 98 94 88 102 117 88 105 103 103 98 104 99 96 104 114 136 130 123 110 134 137 105 109 129 127 124 129 122 129 132 145 131 137 129 137 117 153 133 104 136 123 121 108 124 130 131 123 141 137 117 116 120 106 90 103 120 118 97 89 83 114 100 77 82 70 77 65 64 83 75 63 62 59 62 54 52 52 46 46 34 51 27 29 21 95
-1.000000 -0.980000 -0.960000 -0.940000 -0.920000 -0.900000 -0.880000 -0.860000 -0.840000 -0.820000 -0.800000 -0.780000 -0.760000 -0.740000 -0.720000 -0.700000 -0.680000 -0.660000 -0.640000 -0.620000 -0.600000 -0.580000 -0.560000 -0.540000 -0.520000 -0.500000 -0.480000 -0.460000 -0.440000 -0.420000 -0.400000 -0.380000 -0.360000 -0.340000 -0.320000 -0.300000 -0.280000 -0.260000 -0.240000 -0.220000 -0.200000 -0.180000 -0.160000 -0.140000 -0.120000 -0.100000 -0.080000 -0.060000 -0.040000 -0.020000 0.000000 0.020000 0.040000 0.060000 0.080000 0.100000 0.120000 0.140000 0.160000 0.180000 0.200000 0.220000 0.240000 0.260000 0.280000 0.300000 0.320000 0.340000 0.360000 0.380000 0.400000 0.420000 0.440000 0.460000 0.480000 0.500000 0.520000 0.540000 0.560000 0.580000 0.600000 0.620000 0.640000 0.660000 0.680000 0.700000 0.720000 0.740000 0.760000 0.780000 0.800000 0.820000 0.840000 0.860000 0.880000 0.900000 0.920000 0.940000 0.960000 0.980000 1.000000
70 80 103 104 95 113 87 103 115 83 93 105 85 103 83 93 93 92 97 98 113 93 119 90 101 109 113 114 111 126 104 124 96 130 134 137 116 115 110 118 123 116 126 125 144 143 120 126 138 143 117 137 135 138 126 143 115 119 117 100 122 121 135 145 136 120 106 113 100 117 90 101 97 94 102 107 98 100 81 65 78 56 61 77 67 56 71 63 71 60 45 41 40 55 42 39 36 32 32 109
-1.000000 -0.980000 -0.960000 -0.940000 -0.920000 -0.900000 -0.880000 -0.860000 -0.840000 -0.820000 -0.800000 -0.780000 -0.760000 -0.740000 -0.720000 -0.700000 -0.680000 -0.660000 -0.640000 -0.620000 -0.600000 -0.580000 -0.560000 -0.540000 -0.520000 -0.500000 -0.480000 -0.460000 -0.440000 -0.420000 -0.400000 -0.380000 -0.360000 -0.340000 -0.320000 -0.300000 -0.280000 -0.260000 -0.240000 -0.220000 -0.200000 -0.180000 -0.160000 -0.140000 -0.120000 -0.100000 -0.080000 -0.060000 -0.040000 -0.020000 0.000000 0.020000 0.040000 0.060000 0.080000 0.100000 0.120000 0.140000 0.160000 0.180000 0.200000 0.220000 0.240000 0.260000 0.280000 0.300000 0.320000 0.340000 0.360000 0.380000 0.400000 0.420000 0.440000 0.460000 0.480000 0.500000 0.520000 0.540000 0.560000 0.580000 0.600000 0.620000 0.640000 0.660000 0.680000 0.700000 0.720000 0.740000 0.760000 0.780000 0.800000 0.820000 0.840000 0.860000 0.880000 0.900000 0.920000 0.940000 0.960000 0.980000 1.000000
72 88 106 105 97 99 97 104 111 92 87 105 88 106 102 88 92 88 88 102 109 105 106 95 100 99 131 123 117 108 91 140 113 136 120 114 108 124 114 118 116 123 121 131 133 129 131 133 124 145 116 153 147 132 127 130 119 120 136 95 139 114 125 106 130 126 123 132 99 115 104 94 104 104 83 90 105 76 99 75 70 69 52 85 66 57 55 67 63 48 58 47 55 45 41 39 41 35 30 85
-1.000000 -0.980000 -0.960000 -0.940000 -0.920000 -0.900000 -0.880000 -0.860000 -0.840000 -0.820000 -0.800000 -0.780000 -0.760000 -0.740000 -0.720000 -0.700000 -0.680000 -0.660000 -0.640000 -0.620000 -0.600000 -0.580000 -0.560000 -0.540000 -0.520000 -0.500000 -0.480000 -0.460000 -0.440000 -0.420000 -0.400000 -0.380000 -0.360000 -0.340000 -0.320000 -0.300000 -0.280000 -0.260000 -0.240000 -0.220000 -0.200000 -0.180000 -0.160000 -0.140000 -0.120000 -0.100000 -0.080000 -0.060000 -0.040000 -0.020000 0.000000 0.020000 0.040000 0.060000 0.080000 0.100000 0.120000 0.140000 0.160000 0.180000 0.200000 0.220000 0.240000 0.260000 0.280000 0.300000 0.320000 0.340000 0.360000 0.380000 0.400000 0.420000 0.440000 0.460000 0.480000 0.500000 0.520000 0.540000 0.560000 0.580000 0.600000 0.620000 0.640000 0.660000 0.680000 0.700000 0.720000 0.740000 0.760000 0.780000 0.800000 0.820000 0.840000 0.860000 0.880000 0.900000 0.920000 0.940000 0.960000 0.980000 1.000000
72 89 97 110 115 106 84 103 96 92 94 92 110 105 98 95 87 97 94 98 94 112 96 93 117 97 111 117 109 129 108 99 141 135 125 139 97 130 94 111 116 128 113 149 120 113 145 149 116 127 152 141 125 132 117 143 113 134 130 116 117 95 145 144 91 116 141 110 114 136 100 96 92 93 83 90 100 88 86 84 82 72 65 68 81 56 46 47 59 56 59 49 53 37 46 52 33 31 25 95
-1.000000 -0.980000 -0.960000 -0.940000 -0.920000 -0.900000 -0.880000 -0.860000 -0.840000 -0.820000 -0.800000 -0.780000 -0.760000 -0.740000 -0.720000 -0.700000 -0.680000 -0.660000 -0.640000 -0.620000 -0.600000 -0.580000 -0.560000 -0.540000 -0.520000 -0.500000 -0.480000 -0.460000 -0.440000 -0.420000 -0.400000 -0.380000 -0.360000 -0.340000 -0.320000 -0.300000 -0.280000 -0.260000 -0.240000 -0.220000 -0.200000 -0.180000 -0.160000 -0.140000 -0.120000 -0.100000 -0.080000 -0.060000 -0.040000 -0.020000 0.000000 0.020000 0.040000 0.060000 0.080000 0.100000 0.120000 0.140000 0.160000 0.180000 0.200000 0.220000 0.240000 0.260000 0.280000 0.300000 0.320000 0.340000 0.360000 0.380000 0.400000 0.420000 0.440000 0.460000 0.480000 0.500000 0.520000 0.540000 0.560000 0.580000 0.600000 0.620000 0.640000 0.660000 0.680000 0.700000 0.720000 0.740000 0.760000 0.780000 0.800000 0.820000 0.840000 0.860000 0.880000 0.900000 0.920000 0.940000 0.960000 0.980000 1.000000
76 86 115 97 100 89 104 103 95 78 101 100 97 114 97 93 101 89 102 100 118 91 94 95 86 130 98 116 111 117 130 115 116 122 119 126 124 124 101 125 114 117 117 131 133 127 138 115 138 139 128 139 151 121 131 126 108 141 130 124 107 116 123 142 117 110 110 108 119 135 115 105 79 102 80 86 76 98 87 99 82 62 68 69 62 66 58 56 54 58 54 46 50 50 44 35 32 35 25 117
-1.000000 -0.980000 -0.960000 -0.940000 -0.920000 -0.900000 -0.880000 -0.860000 -0.840000 -0.820000 -0.800000 -0.780000 -0.760000 -0.740000 -0.720000 -0.700000 -0.680000 -0.660000 -0.640000 -0.620000 -0.600000 -0.580000 -0.560000 -0.540000 -0.520000 -0.500000 -0.480000 -0.460000 -0.440000 -0.420000 -0.400000 -0.380000 -0.360000 -0.340000 -0.320000 -0.300000 -0.280000 -0.260000 -0.240000 -0.220000 -0.200000 -0.180000 -0.160000 -0.140000 -0.120000 -0.100000 -0.080000 -0.060000 -0.040000 -0.020000 0.000000 0.020000 0.040000 0.060000 0.080000 0.100000 0.120000 0.140000 0.160000 0.180000 0.200000 0.220000 0.240000 0.260000 0.280000 0.300000 0.320000 0.340000 0.360000 0.380000 0.400000 0.420000 0.440000 0.460000 0.480000 0.500000 0.520000 0.540000 0.560000 0.580000 0.600000 0.620000 0.640000 0.660000 0.680000 0.700000 0.720000 0.740000 0.760000 0.780000 0.800000 0.820000 0.840000 0.860000 0.880000 0.900000 0.920000 0.940000 0.960000 0.980000 1.000000
62 87 114 102 105 120 89 86 103 84 99 123 83 111 89 97 100 107 106 98 95 94 87 104 109 101 101 106 135 113 113 129 129 99 112 134 101 121 128 133 126 109 130 128 131 123 103 125 133 134 129 139 141 130 152 142 114 131 129 112 110 116 106 118 119 109 120 142 108 114 108 116 108 86 87 77 105 85 90 84 73 81 79 70 51 56 58 66 50 54 45 60 42 37 57 41 35 38 31 98
-1.000000 -0.980000 -0.960000 -0.940000 -0.920000 -0.900000 -0.880000 -0.860000 -0.840000 -0.820000 -0.800000 -0.780000 -0.760000 -0.740000 -0.720000 -0.700000 -0.680000 -0.660000 -0.640000 -0.620000 -0.600000 -0.580000 -0.560000 -0.540000 -0.520000 -0.500000 -0.480000 -0.460000 -0.440000 -0.420000 -0.400000 -0.380000 -0.360000 -0.340000 -0.320000 -0.300000 -0.280000 -0.260000 -0.240000 -0.220000 -0.200000 -0.180000 -0.160000 -0.140000 -0.120000 -0.100000 -0.080000 -0.060000 -0.040000 -0.020000 0.000000 0.020000 0.040000 0.060000 0.080000 0.100000 0.120000 0.140000 0.160000 0.180000 0.200000 0.220000 0.240000 0.260000 0.280000 0.300000 0.320000 0.340000 0.360000 0.380000 0.400000 0.420000 0.440000 0.460000 0.480000 0.500000 0.520000 0.540000 0.560000 0.580000 0.600000 0.620000 0.640000 0.660000 0.680000 0.700000 0.720000 0.740000 0.760000 0.780000 0.800000 0.820000 0.840000 0.860000 0.880000 0.900000 0.920000 0.940000 0.960000 0.980000 1.000000
73 78 92 125 102 102 107 78 95 96 111 99 102 87 100 90 108 104 120 93 90 106 99 92 106 103 112 108 123 125 117 118 128 112 109 128 113 107 132 132 106 131 122 125 121 121 120 135 117 120 141 146 138 123 143 124 137 118 123 117 111 119 149 133 106 102 117 117 104 106 109 100 110 92 106 89 102 86 80 93 77 66 77 60 64 74 56 53 61 58 46 42 51 48 38 43 35 40 26 104
-1.000000 -0.980000 -0.960000 -0.940000 -0.920000 -0.900000 -0.880000 -0.860000 -0.840000 -0.820000 -0.800000 -0.780000 -0.760000 -0.740000 -0.720000 -0.700000 -0.680000 -0.660000 -0.640000 -0.620000 -0.600000 -0.580000 -0.560000 -0.540000 -0.520000 -0.500000 -0.480000 -0.460000 -0.440000 -0.420000 -0.400000 -0.380000 -0.360000 -0.340000 -0.320000 -0.300000 -0.280000 -0.260000 -0.240000 -0.220000 -0.200000 -0.180000 -0.160000 -0.140000 -0.120000 -0.100000 -0.080000 -0.060000 -0.040000 -0.020000 0.000000 0.020000 0.040000 0.060000 0.080000 0.100000 0.120000 0.140000 0.160000 0.180000 0.200000 0.220000 0.240000 0.260000 0.280000 0.300000 0.320000 0.340000 0.360000 0.380000 0.400000 0.420000 0.440000 0.460000 0.480000 0.500000 0.520000 0.540000 0.560000 0.580000 0.600000 0.620000 0.640000 0.660000 0.680000 0.700000 0.720000 0.740000 0.760000 0.780000 0.800000 0.820000 0.840000 0.860000 0.880000 0.900000 0.920000 0.940000 0.960000 0.980000 1.000000
78 90 89 115 107 97 104 96 89 99 98 95 110 101 86 94 104 92 107 99 87 108 103 108 99 106 121 120 102 113 128 117 121 114 126 120 110 135 116 102 118 114 129 131 111 134 128 145 135 116 120 141 128 125 141 133 128 116 118 133 120 108 131 119 133 111 117 108 114 116 100 99 86 103 109 111 88 84 88 84 71 79 77 48 82 55 62 67 59 47 49 52 56 36 32 36 34 41 32 106
-1.000000 -0.980000 -0.960000 -0.940000 -0.920000 -0.900000 -0.880000 -0.860000 -0.840000 -0.820000 -0.800000 -0.780000 -0.760000 -0.740000 -0.720000 -0.700000 -0.680000 -0.660000 -0.640000 -0.620000 -0.600000 -0.580000 -0.560000 -0.540000 -0.520000 -0.500000 -0.480000 -0.460000 -0.440000 -0.420000 -0.400000 -0.380000 -0.360000 -0.340000 -0.320000 -0.300000 -0.280000 -0.260000 -0.240000 -0.220000 -0.200000 -0.180000 -0.160000 -0.140000 -0.120000 -0.100000 -0.080000 -0.060000 -0.040000 -0.020000 0.000000 0.020000 0.040000 0.060000 0.080000 0.100000 0.120000 0.140000 0.160000 0.180000 0.200000 0.220000 0.240000 0.260000 0.280000 0.300000 0.320000 0.340000 0.360000 0.380000 0.400000 0.420000 0.440000 0.460000 0.480000 0.500000 0.520000 0.540000 0.560000 0.580000 0.600000 0.620000 0.640000 0.660000 0.680000 0.700000 0.720000 0.740000 0.760000 0.780000 0.800000 0.820000 0.840000 0.860000 0.880000 0.900000 0.920000 0.940000 0.960000 0.980000 1.000000
80 116 76 104 107 111 97 97 106 98 102 96 104 105 92 96 99 101 90 101 118 101 102 97 109 107 107 97 106 118 130 129 125 114 117 106 139 106 117 134 109 123 117 130 126 136 117 120 117 131 145 135 115 116 156 126 121 123 111 131 144 118 113 128 144 83 124 110 105 116 107 91 104 85 87 107 88 94 83 87 84 75 72 73 59 58 70 65 60 49 41 62 46 46 37 39 36 41 27 80
-1.000000 -0.980000 -0.960000 -0.940000 -0.920000 -0.900000 -0.880000 -0.860000 -0.840000 -0.820000 -0.800000 -0.780000 -0.760000 -0.740000 -0.720000 -0.700000 -0.680000 -0.660000 -0.640000 -0.620000 -0.600000 -0.580000 -0.560000 -0.540000 -0.520000 -0.500000 -0.480000 -0.460000 -0.440000 -0.420000 -0.400000 -0.380000 -0.360000 -0.340000 -0.320000 -0.300000 -0.280000 -0.260000 -0.240000 -0.220000 -0.200000 -0.180000 -0.160000 -0.140000 -0.120000 -0.100000 -0.080000 -0.060000 -0.040000 -0.020000 0.000000 0.020000 0.040000 0.060000 0.080000 0.100000 0.120000 0.140000 0.160000 0.180000 0.200000 0.220000 0.240000 0.260000 0.280000 0.300000 0.320000 0.340000 0.360000 0.380000 0.400000 0.420000 0.440000 0.460000 0.480000 0.500000 0.520000 0.540000 0.560000 0.580000 0.600000 0.620000 0.640000 0.660000 0.680000 0.700000 0.720000 0.740000 0.760000 0.780000 0.800000 0.820000 0.840000 0.860000 0.880000 0.900000 0.920000 0.940000 0.960000 0.980000 1.000000
91 73 96 96 110 114 81 95 113 106 84 97 106 112 99 79 101 109 106 112 96 105 112 87 113 106 106 116 109 124 101 114 108 133 112 114 119 123 140 114 113 126 128 103 129 110 123 137 136 123 134 116 139 121 135 129 125 117 139 137 122 113 120 127 123 109 129 96 120 122 90 107 95 79 91 94 97 85 87 78 80 81 69 82 64 68 73 55 57 44 55 53 42 49 48 43 30 26 30 115
-1.000000 -0.980000 -0.960000 -0.940000 -0.920000 -0.900000 -0.880000 -0.860000 -0.840000 -0.820000 -0.800000 -0.780000 -0.760000 -0.740000 -0.720000 -0.700000 -0.680000 -0.660000 -0.640000 -0.620000 -0.600000 -0.580000 -0.560000 -0.540000 -0.520000 -0.500000 -0.480000 -0.460000 -0.440000 -0.420000 -0.400000 -0.380000 -0.360000 -0.340000 -0.320000 -0.300000 -0.280000 -0.260000 -0.240000 -0.220000 -0.200000 -0.180000 -0.160000 -0.140000 -0.120000 -0.100000 -0.080000 -0.060000 -0.040000 -0.020000 0.000000 0.020000 0.040000 0.060000 0.080000 0.100000 0.120000 0.140000 0.160000 0.180000 0.200000 0.220000 0.240000 0.260000 0.280000 0.300000 0.320000 0.340000 0.360000 0.380000 0.400000 0.420000 0.440000 0.460000 0.480000 0.500000 0.520000 0.540000 0.560000 0.580000 0.600000 0.620000 0.640000 0.660000 0.680000 0.700000 0.720000 0.740000 0.760000 0.780000 0.800000 0.820000 0.840000 0.860000 0.880000 0.900000 0.920000 0.940000 0.960000 0.980000 1.000000
73 99 97 111 116 118 90 93 93 95 115 105 106 91 93 96 98 104 110 96 106 83 103 115 97 120 110 121 97 124 93 118 124 117 121 117 98 127 130 114 118 136 120 113 130 108 147 141 136 121 124 112 123 131 124 121 153 115 131 126 139 102 119 130 122 110 119 98 107 111 107 102 95 97 82 90 92 77 97 85 84 81 74 77 56 57 89 62 53 50 64 36 48 50 45 33 44 32 22 98
-1.000000 -0.980000 -0.960000 -0.940000 -0.920000 -0.900000 -0.880000 -0.860000 -0.840000 -0.820000 -0.800000 -0.780000 -0.760000 -0.740000 -0.720000 -0.700000 -0.680000 -0.660000 -0.640000 -0.620000 -0.600000 -0.580000 -0.560000 -0.540000 -0.520000 -0.500000 -0.480000 -0.460000 -0.440000 -0.420000 -0.400000 -0.380000 -0.360000 -0.340000 -0.320000 -0.300000 -0.280000 -0.260000 -0.240000 -0.220000 -0.200000 -0.180000 -0.160000 -0.140000 -0.120000 -0.100000 -0.080000 -0.060000 -0.040000 -0.020000 0.000000 0.020000 0.040000 0.060000 0.080000 0.100000 0.120000 0.140000 0.160000 0.180000 0.200000 0.220000 0.240000 0.260000 0.280000 0.300000 0.320000 0.340000 0.360000 0.380000 0.400000 0.420000 0.440000 0.460000 0.480000 0.500000 0.520000 0.540000 0.560000 0.580000 0.600000 0.620000 0.640000 0.660000 0.680000 0.700000 0.720000 0.740000 0.760000 0.780000 0.800000 0.820000 0.840000 0.860000 0.880000 0.900000 0.920000 0.940000 0.960000 0.980000 1.000000
92 85 103 107 103 116 110 99 92 113 102 94 100 119 112 87 91 95 110 94 105 91 110 114 103 95 104 103 121 98 117 111 116 114 118 120 123 118 124 133 113 113 139 109 149 121 114 129 131 124 119 116 126 132 137 132 128 138 130 106 129 121 119 140 102 110 114 116 119 98 103 119 90 87 77 75 96 91 98 89 79 68 83 77 64 76 70 69 48 51 43 56 52 49 34 41 34 30 23 92
-1.000000 -0.980000 -0.960000 -0.940000 -0.920000 -0.900000 -0.880000 -0.860000 -0.840000 -0.820000 -0.800000 -0.780000 -0.760000 -0.740000 -0.720000 -0.700000 -0.680000 -0.660000 -0.640000 -0.620000 -0.600000 -0.580000 -0.560000 -0.540000 -0.520000 -0.500000 -0.480000 -0.460000 -0.440000 -0.420000 -0.400000 -0.380000 -0.360000 -0.340000 -0.320000 -0.300000 -0.280000 -0.260000 -0.240000 -0.220000 -0.200000 -0.180000 -0.160000 -0.140000 -0.120000 -0.100000 -0.080000 -0.060000 -0.040000 -0.020000 0.000000 0.020000 0.040000 0.060000 0.080000 0.100000 0.120000 0.140000 0.160000 0.180000 0.200000 0.220000 0.240000 0.260000 0.280000 0.300000 0.320000 0.340000 0.360000 0.380000 0.400000 0.420000 0.440000 0.460000 0.480000 0.500000 0.520000 0.540000 0.560000 0.580000 0.600000 0.620000 0.640000 0.660000 0.680000 0.700000 0.720000 0.740000 0.760000 0.780000 0.800000 0.820000 0.840000 0.860000 0.880000 0.900000 0.920000 0.940000 0.960000 0.980000 1.000000
71 85 110 108 109 93 115 111 108 87 100 108 97 96 109 103 101 114 79 103 90 106 99 111 104 112 97 116 89 115 112 118 121 127 112 116 114 111 124 110 130 125 137 138 119 128 118 132 122 116 127 125 140 113 122 125 154 129 114 124 139 122 120 103 128 118 98 102 118 128 99 98 92 92 91 79 90 84 89 87 87 74 70 75 76 69 70 53 55 64 42 57 48 55 35 32 43 27 31 111
-1.000000 -0.980000 -0.960000 -0.940000 -0.920000 -0.900000 -0.880000 -0.860000 -0.840000 -0.820000 -0.800000 -0.780000 -0.760000 -0.740000 -0.720000 -0.700000 -0.680000 -0.660000 -0.640000 -0.620000 -0.600000 -0.580000 -0.560000 -0.540000 -0.520000 -0.500000 -0.480000 -0.460000 -0.440000 -0.420000 -0.400000 -0.380000 -0.360000 -0.340000 -0.320000 -0.300000 -0.280000 -0.260000 -0.240000 -0.220000 -0.200000 -0.180000 -0.160000 -0.140000 -0.120000 -0.100000 -0.080000 -0.060000 -0.040000 -0.020000 0.000000 0.020000 0.040000 0.060000 0.080000 0.100000 0.120000 0.140000 0.160000 0.180000 0.200000 0.220000 0.240000 0.260000 0.280000 0.300000 0.320000 0.340000 0.360000 0.380000 0.400000 0.420000 0.440000 0.460000 0.480000 0.500000 0.520000 0.540000 0.560000 0.580000 0.600000 0.620000 0.640000 0.660000 0.680000 0.700000 0.720000 0.740000 0.760000 0.780000 0.800000 0.820000 0.840000 0.860000 0.880000 0.900000 0.920000 0.940000 0.960000 0.980000 1.000000
82 94 98 117 105 111 99 109 97 110 92 88 103 117 93 113 88 105 99 90 101 104 103 97 110 116 102 108 100 109 108 110 123 116 121 117 121 119 128 127 118 133 104 105 154 117 134 115 118 115 119 153 121 151 123 109 134 133 131 120 120 136 119 116 119 105 115 105 98 99 119 91 105 91 81 98 83 92 98 88 84 70 73 78 81 77 63 54 49 53 47 57 52 42 38 34 32 36 38 107
-1.000000 -0.980000 -0.960000 -0.940000 -0.920000 -0.900000 -0.880000 -0.860000 -0.840000 -0.820000 -0.800000 -0.780000 -0.760000 -0.740000 -0.720000 -0.700000 -0.680000 -0.660000 -0.640000 -0.620000 -0.600000 -0.580000 -0.560000 -0.540000 -0.520000 -0.500000 -0.480000 -0.460000 -0.440000 -0.420000 -0.400000 -0.380000 -0.360000 -0.340000 -0.320000 -0.300000 -0.280000 -0.260000 -0.240000 -0.220000 -0.200000 -0.180000 -0.160000 -0.140000 -0.120000 -0.100000 -0.080000 -0.060000 -0.040000 -0.020000 0.000000 0.020000 0.040000 0.060000 0.080000 0.100000 0.120000 0.140000 0.160000 0.180000 0.200000 0.220000 0.240000 0.260000 0.280000 0.300000 0.320000 0.340000 0.360000 0.380000 0.400000 0.420000 0.440000 0.460000 0.480000 0.500000 0.520000 0.540000 0.560000 0.580000 0.600000 0.620000 0.640000 0.660000 0.680000 0.700000 0.720000 0.740000 0.760000 0.780000 0.800000 0.820000 0.840000 0.860000 0.880000 0.900000 0.920000 0.940000 0.960000 0.980000 1.000000
79 96 98 125 96 101 99 114 112 108 108 97 102 90 87 98 100 95 107 93 105 108 84 98 116 102 115 123 111 90 107 117 115 118 127 117 113 128 112 121 107 114 133 141 131 128 119 122 117 110 145 148 124 122 118 140 133 130 131 113 137 123 107 131 102 120 109 92 97 107 110 100 98 109 96 85 98 82 96 86 69 82 67 77 79 70 57 62 61 53 55 45 64 36 45 34 29 34 29 109
-1.000000 -0.980000 -0.960000 -0.940000 -0.920000 -0.900000 -0.880000 -0.860000 -0.840000 -0.820000 -0.800000 -0.780000 -0.760000 -0.740000 -0.720000 -0.700000 -0.680000 -0.660000 -0.640000 -0.620000 -0.600000 -0.580000 -0.560000 -0.540000 -0.520000 -0.500000 -0.480000 -0.460000 -0.440000 -0.420000 -0.400000 -0.380000 -0.360000 -0.340000 -0.320000 -0.300000 -0.280000 -0.260000 -0.240000 -0.220000 -0.200000 -0.180000 -0.160000 -0.140000 -0.120000 -0.100000 -0.080000 -0.060000 -0.040000 -0.020000 0.000000 0.020000 0.040000 0.060000 0.080000 0.100000 0.120000 0.140000 0.160000 0.180000 0.200000 0.220000 0.240000 0.260000 0.280000 0.300000 0.320000 0.340000 0.360000 0.380000 0.400000 0.420000 0.440000 0.460000 0.480000 0.500000 0.520000 0.540000 0.560000 0.580000 0.600000 0.620000 0.640000 0.660000 0.680000 0.700000 0.720000 0.740000 0.760000 0.780000 0.800000 0.820000 0.840000 0.860000 0.880000 0.900000 0.920000 0.940000 0.960000 0.980000 1.000000
82 97 92 109 95 122 89 116 103 118 108 111 98 93 91 82 87 108 110 107 102 97 102 105 117 93 100 120 125 91 97 115 113 114 121 134 118 127 129 103 119 127 105 136 147 113 118 107 123 136 134 136 127 128 121 139 121 124 126 140 142 124 119 112 101 124 98 111 89 88 102 119 104 87 111 99 93 78 83 94 71 79 77 71 79 66 55 67 50 54 53 60 49 40 42 39 41 22 38 101
-1.000000 -0.980000 -0.960000 -0.940000 -0.920000 -0.900000 -0.880000 -0.860000 -0.840000 -0.820000 -0.800000 -0.780000 -0.760000 -0.740000 -0.720000 -0.700000 -0.680000 -0.660000 -0.640000 -0.620000 -0.600000 -0.580000 -0.560000 -0.540000 -0.520000 -0.500000 -0.480000 -0.460000 -0.440000 -0.420000 -0.400000 -0.380000 -0.360000 -0.340000 -0.320000 -0.300000 -0.280000 -0.260000 -0.240000 -0.220000 -0.200000 -0.180000 -0.160000 -0.140000 -0.120000 -0.100000 -0.080000 -0.060000 -0.040000 -0.020000 0.000000 0.020000 0.040000 0.060000 0.080000 0.100000 0.120000 0.140000 0.160000 0.180000 0.200000 0.220000 0.240000 0.260000 0.280000 0.300000 0.320000 0.340000 0.360000 0.380000 0.400000 0.420000 0.440000 0.460000 0.480000 0.500000 0.520000 0.540000 0.560000 0.580000 0.600000 0.620000 0.640000 0.660000 0.680000 0.700000 0.720000 0.740000 0.760000 0.780000 0.800000 0.820000 0.840000 0.860000 0.880000 0.900000 0.920000 0.940000 0.960000 0.980000 1.000000
74 99 112 102 119 113 94 106 105 107 112 90 106 90 110 91 97 97 95 99 100 105 104 100 118 97 104 112 100 117 91 118 111 129 110 131 130 121 102 124 125 144 135 112 114 105 137 118 132 124 110 128 132 150 121 124 136 120 152 137 117 117 108 132 113 109 97 100 94 99 116 93 99 100 106 89 93 90 100 82 76 66 75 80 68 69 59 64 62 51 54 58 43 43 43 36 29 36 32 104
-1.000000 -0.980000 -0.960000 -0.940000 -0.920000 -0.900000 -0.880000 -0.860000 -0.840000 -0.820000 -0.800000 -0.780000 -0.760000 -0.740000 -0.720000 -0.700000 -0.680000 -0.660000 -0.640000 -0.620000 -0.600000 -0.580000 -0.560000 -0.540000 -0.520000 -0.500000 -0.480000 -0.460000 -0.440000 -0.420000 -0.400000 -0.380000 -0.360000 -0.340000 -0.320000 -0.300000 -0.280000 -0.260000 -0.240000 -0.220000 -0.200000 -0.180000 -0.160000 -0.140000 -0.120000 -0.100000 -0.080000 -0.060000 -0.040000 -0.020000 0.000000 0.020000 0.040000 0.060000 0.080000 0.100000 0.120000 0.140000 0.160000 0.180000 0.200000 0.220000 0.240000 0.260000 0.280000 0.300000 0.320000 0.340000 0.360000 0.380000 0.400000 0.420000 0.440000 0.460000 0.480000 0.500000 0.520000 0.540000 0.560000 0.580000 0.600000 0.620000 0.640000 0.660000 0.680000 0.700000 0.720000 0.740000 0.760000 0.780000 0.800000 0.820000 0.840000 0.860000 0.880000 0.900000 0.920000 0.940000 0.960000 0.980000 1.000000
88 97 113 101 83 102 99 116 112 103 112 103 90 82 104 97 91 98 122 91 105 104 112 98 104 112 111 119 94 96 98 116 129 112 126 131 114 132 108 124 123 127 137 123 120 110 127 117 111 116 135 114 132 128 158 144 125 130 152 122 97 118 113 110 124 103 101 112 72 125 117 90 87 116 105 81 80 91 89 99 90 75 69 58 64 88 64 53 59 72 38 44 41 55 40 49 37 31 32 111
-1.000000 -0.980000 -0.960000 -0.940000 -0.920000 -0.900000 -0.880000 -0.860000 -0.840000 -0.820000 -0.800000 -0.780000 -0.760000 -0.740000 -0.720000 -0.700000 -0.680000 -0.660000 -0.640000 -0.620000 -0.600000 -0.580000 -0.560000 -0.540000 -0.520000 -0.500000 -0.480000 -0.460000 -0.440000 -0.420000 -0.400000 -0.380000 -0.360000 -0.340000 -0.320000 -0.300000 -0.280000 -0.260000 -0.240000 -0.220000 -0.200000 -0.180000 -0.160000 -0.140000 -0.120000 -0.100000 -0.080000 -0.060000 -0.040000 -0.020000 0.000000 0.020000 0.040000 0.060000 0.080000 0.100000 0.120000 0.140000 0.160000 0.180000 0.200000 0.220000 0.240000 0.260000 0.280000 0.300000 0.320000 0.340000 0.360000 0.380000 0.400000 0.420000 0.440000 0.460000 0.480000 0.500000 0.520000 0.540000 0.560000 0.580000 0.600000 0.620000 0.640000 0.660000 0.680000 0.700000 0.720000 0.740000 0.760000 0.780000 0.800000 0.820000 0.840000 0.860000 0.880000 0.900000 0.920000 0.940000 0.960000 0.980000 1.000000
91 90 105 116 84 90 109 108 128 111 102 94 94 104 79 93 88 110 98 122 100 106 100 95 94 117 106 114 110 125 98 110 110 111 125 115 126 135 105 119 115 131 125 135 134 123 122 128 124 116 118 117 128 140 123 150 144 134 117 129 115 120 116 113 100 115 95 97 101 106 109 106 91 86 94 100 111 88 93 86 85 72 66 70 63 72 60 66 71 44 55 53 38 42 45 41 54 37 21 113
-1.000000 -0.980000 -0.960000 -0.940000 -0.920000 -0.900000 -0.880000 -0.860000 -0.840000 -0.820000 -0.800000 -0.780000 -0.760000 -0.740000 -0.720000 -0.700000 -0.680000 -0.660000 -0.640000 -0.620000 -0.600000 -0.580000 -0.560000 -0.540000 -0.520000 -0.500000 -0.480000 -0.460000 -0.440000 -0.420000 -0.400000 -0.380000 -0.360000 -0.340000 -0.320000 -0.300000 -0.280000 -0.260000 -0.240000 -0.220000 -0.200000 -0.180000 -0.160000 -0.140000 -0.120000 -0.100000 -0.080000 -0.060000 -0.040000 -0.020000 0.000000 0.020000 0.040000 0.060000 0.080000 0.100000 0.120000 0.140000 0.160000 0.180000 0.200000 0.220000 0.240000 0.260000 0.280000 0.300000 0.320000 0.340000 0.360000 0.380000 0.400000 0.420000 0.440000 0.460000 0.480000 0.500000 0.520000 0.540000 0.560000 0.580000 0.600000 0.620000 0.640000 0.660000 0.680000 0.700000 0.720000 0.740000 0.760000 0.780000 0.800000 0.820000 0.840000 0.860000 0.880000 0.900000 0.920000 0.940000 0.960000 0.980000 1.000000
