0.00000 2.040635e-01
0.00100 9.996702e-02
0.00200 1.013065e-01
0.00300 1.007769e-01
0.00400 9.920905e-02
0.00500 1.012175e-01
0.00600 9.853238e-02
0.00700 1.013146e-01
0.00800 9.733606e-02
0.00900 9.932711e-02
0.01000 9.951935e-02
0.01100 1.003990e-01
0.01200 1.012359e-01
0.01300 1.017460e-01
0.01400 1.032150e-01
0.01500 9.944656e-02
0.01600 9.986784e-02
0.01700 9.880806e-02
0.01800 1.005619e-01
0.01900 9.983226e-02
0.02000 1.006330e-01
0.02100 1.005859e-01
0.02200 9.974244e-02
0.02300 9.951286e-02
0.02400 1.006414e-01
0.02500 9.934383e-02
0.02600 9.977050e-02
0.02700 9.854495e-02
0.02800 1.001472e-01
0.02900 9.824712e-02
0.03000 9.836263e-02
0.03100 1.016162e-01
0.03200 1.005161e-01
0.03300 9.998743e-02
0.03400 9.707933e-02
0.03500 1.002657e-01
0.03600 1.002472e-01
0.03700 9.817485e-02
0.03800 1.020726e-01
0.03900 9.972701e-02
0.04000 1.005092e-01
0.04100 1.006744e-01
0.04200 9.802746e-02
0.04300 9.872283e-02
0.04400 9.784128e-02
0.04500 1.000747e-01
0.04600 9.893642e-02
0.04700 9.899624e-02
0.04800 9.787800e-02
0.04900 9.723087e-02
0.05000 9.594279e-02
0.05100 9.944174e-02
0.05200 9.824252e-02
0.05300 9.949845e-02
0.05400 9.430708e-02
0.05500 9.945134e-02
0.05600 9.490060e-02
0.05700 9.707815e-02
0.05800 9.660594e-02
0.05900 9.400974e-02
0.06000 9.783112e-02
0.06100 9.754850e-02
0.06200 9.524307e-02
0.06300 9.689387e-02
0.06400 9.502995e-02
0.06500 9.438708e-02
0.06600 9.515679e-02
0.06700 9.599073e-02
0.06800 9.537671e-02
0.06900 9.586535e-02
0.07000 9.581870e-02
0.07100 9.662385e-02
0.07200 9.609159e-02
0.07300 9.437245e-02
0.07400 9.591857e-02
0.07500 9.333892e-02
0.07600 9.440934e-02
0.07700 9.507093e-02
0.07800 9.307589e-02
0.07900 9.430842e-02
0.08000 9.078129e-02
0.08100 9.558904e-02
0.08200 9.283546e-02
0.08300 9.348874e-02
0.08400 9.352768e-02
0.08500 9.363442e-02
0.08600 9.429740e-02
0.08700 9.306617e-02
0.08800 9.081719e-02
0.08900 9.211951e-02
0.09000 8.997430e-02
0.09100 9.318394e-02
0.09200 9.062744e-02
0.09300 9.208221e-02
0.09400 9.194015e-02
0.09500 9.283576e-02
0.09600 9.213860e-02
0.09700 9.265764e-02
0.09800 9.139137e-02
0.09900 9.036458e-02
0.10000 9.262407e-02
0.10100 9.106934e-02
0.10200 9.126287e-02
0.10300 9.136206e-02
0.10400 9.260264e-02
0.10500 9.390622e-02
0.10600 8.961063e-02
0.10700 9.229177e-02
0.10800 8.986351e-02
0.10900 8.795577e-02
0.11000 8.875193e-02
0.11100 8.968276e-02
0.11200 8.712244e-02
0.11300 8.895731e-02
0.11400 8.758173e-02
0.11500 8.895741e-02
0.11600 8.901204e-02
0.11700 8.833946e-02
0.11800 8.993842e-02
0.11900 8.708945e-02
0.12000 8.746692e-02
0.12100 8.719848e-02
0.12200 8.800139e-02
0.12300 8.825346e-02
0.12400 8.867538e-02
0.12500 8.615616e-02
0.12600 8.744377e-02
0.12700 8.582587e-02
0.12800 8.637108e-02
0.12900 8.644823e-02
0.13000 8.780067e-02
0.13100 8.582665e-02
0.13200 8.350176e-02
0.13300 8.618030e-02
0.13400 8.572647e-02
0.13500 8.612764e-02
0.13600 8.368669e-02
0.13700 8.632764e-02
0.13800 8.197643e-02
0.13900 8.444219e-02
0.14000 8.300650e-02
0.14100 8.556959e-02
0.14200 8.259020e-02
0.14300 8.454018e-02
0.14400 8.412906e-02
0.14500 8.133026e-02
0.14600 8.251593e-02
0.14700 8.068018e-02
0.14800 8.196280e-02
0.14900 8.208646e-02
0.15000 8.048381e-02
0.15100 8.136278e-02
0.15200 8.125695e-02
0.15300 8.061151e-02
0.15400 8.036165e-02
0.15500 8.106604e-02
0.15600 8.149027e-02
0.15700 7.937223e-02
0.15800 7.940720e-02
0.15900 8.220852e-02
0.16000 8.042174e-02
0.16100 8.090628e-02
0.16200 8.234813e-02
0.16300 8.014410e-02
0.16400 7.845911e-02
0.16500 8.090786e-02
0.16600 7.936253e-02
0.16700 7.776362e-02
0.16800 7.868239e-02
0.16900 7.688912e-02
0.17000 7.806041e-02
0.17100 7.773298e-02
0.17200 7.784633e-02
0.17300 7.787298e-02
0.17400 7.735330e-02
0.17500 7.689197e-02
0.17600 7.801116e-02
0.17700 7.762897e-02
0.17800 7.503122e-02
0.17900 7.632077e-02
0.18000 7.531792e-02
0.18100 7.678333e-02
0.18200 7.622755e-02
0.18300 7.350776e-02
0.18400 7.575048e-02
0.18500 7.655754e-02
0.18600 7.444230e-02
0.18700 7.614302e-02
0.18800 7.576041e-02
0.18900 7.189965e-02
0.19000 7.216787e-02
0.19100 7.332010e-02
0.19200 7.280635e-02
0.19300 7.196589e-02
0.19400 7.376196e-02
0.19500 7.367386e-02
0.19600 7.273519e-02
0.19700 7.290889e-02
0.19800 7.141063e-02
0.19900 7.264273e-02
0.20000 7.120016e-02
0.20100 7.172609e-02
0.20200 7.005464e-02
0.20300 7.121135e-02
0.20400 6.982026e-02
0.20500 7.118849e-02
0.20600 7.016195e-02
0.20700 7.037019e-02
0.20800 7.051874e-02
0.20900 6.996459e-02
0.21000 7.011626e-02
0.21100 6.902589e-02
0.21200 6.855224e-02
0.21300 6.833546e-02
0.21400 7.045846e-02
0.21500 6.791648e-02
0.21600 6.896869e-02
0.21700 6.905327e-02
0.21800 6.812639e-02
0.21900 6.915778e-02
0.22000 6.783230e-02
0.22100 6.847995e-02
0.22200 6.770856e-02
0.22300 6.701995e-02
0.22400 6.794813e-02
0.22500 6.629974e-02
0.22600 6.709621e-02
0.22700 6.561717e-02
0.22800 6.613979e-02
0.22900 6.607466e-02
0.23000 6.587810e-02
0.23100 6.598446e-02
0.23200 6.692659e-02
0.23300 6.283777e-02
0.23400 6.510176e-02
0.23500 6.395557e-02
0.23600 6.305536e-02
0.23700 6.518050e-02
0.23800 6.440595e-02
0.23900 6.458921e-02
0.24000 6.455974e-02
0.24100 6.333769e-02
0.24200 6.434032e-02
0.24300 6.397912e-02
0.24400 6.498327e-02
0.24500 6.272090e-02
0.24600 6.378134e-02
0.24700 6.174288e-02
0.24800 6.176796e-02
0.24900 6.323273e-02
0.25000 6.064061e-02
0.25100 6.131234e-02
0.25200 6.045727e-02
0.25300 6.187215e-02
0.25400 6.182094e-02
0.25500 6.106084e-02
0.25600 6.014841e-02
0.25700 6.003917e-02
0.25800 5.990170e-02
0.25900 6.027369e-02
0.26000 5.985746e-02
0.26100 5.904019e-02
0.26200 5.953980e-02
0.26300 5.962989e-02
0.26400 5.845535e-02
0.26500 5.958157e-02
0.26600 6.051557e-02
0.26700 5.991642e-02
0.26800 6.023226e-02
0.26900 6.025337e-02
0.27000 5.956162e-02
0.27100 5.781929e-02
0.27200 5.837620e-02
0.27300 5.696331e-02
0.27400 5.917781e-02
0.27500 5.959000e-02
0.27600 5.690729e-02
0.27700 5.889766e-02
0.27800 5.645229e-02
0.27900 5.674303e-02
0.28000 5.728465e-02
0.28100 5.653635e-02
0.28200 5.612102e-02
0.28300 5.601086e-02
0.28400 5.596979e-02
0.28500 5.582966e-02
0.28600 5.522040e-02
0.28700 5.669857e-02
0.28800 5.676740e-02
0.28900 5.701549e-02
0.29000 5.546135e-02
0.29100 5.305118e-02
0.29200 5.541477e-02
0.29300 5.380458e-02
0.29400 5.486633e-02
0.29500 5.516238e-02
0.29600 5.443116e-02
0.29700 5.290000e-02
0.29800 5.335609e-02
0.29900 5.292649e-02
0.30000 5.313150e-02
0.30100 5.441270e-02
0.30200 5.391058e-02
0.30300 5.444522e-02
0.30400 5.224724e-02
0.30500 5.307946e-02
0.30600 5.274892e-02
0.30700 5.090416e-02
0.30800 5.151990e-02
0.30900 5.174549e-02
0.31000 5.071696e-02
0.31100 5.091916e-02
0.31200 5.121903e-02
0.31300 5.225558e-02
0.31400 5.223919e-02
0.31500 5.102384e-02
0.31600 5.016946e-02
0.31700 4.887288e-02
0.31800 5.129663e-02
0.31900 4.926549e-02
0.32000 5.077866e-02
0.32100 4.921496e-02
0.32200 5.122106e-02
0.32300 5.016562e-02
0.32400 4.833856e-02
0.32500 4.778891e-02
0.32600 4.926603e-02
0.32700 4.712490e-02
0.32800 4.966813e-02
0.32900 4.749732e-02
0.33000 4.839642e-02
0.33100 4.897010e-02
0.33200 4.870646e-02
0.33300 4.798076e-02
0.33400 4.888286e-02
0.33500 4.778442e-02
0.33600 4.736606e-02
0.33700 4.803798e-02
0.33800 4.801924e-02
0.33900 4.721867e-02
0.34000 4.637128e-02
0.34100 4.781703e-02
0.34200 4.741777e-02
0.34300 4.681328e-02
0.34400 4.504760e-02
0.34500 4.619035e-02
0.34600 4.703394e-02
0.34700 4.556064e-02
0.34800 4.615197e-02
0.34900 4.508684e-02
0.35000 4.540556e-02
0.35100 4.565519e-02
0.35200 4.584850e-02
0.35300 4.518267e-02
0.35400 4.561119e-02
0.35500 4.446380e-02
0.35600 4.584856e-02
0.35700 4.467599e-02
0.35800 4.515035e-02
0.35900 4.547849e-02
0.36000 4.516356e-02
0.36100 4.338847e-02
0.36200 4.361408e-02
0.36300 4.405432e-02
0.36400 4.372218e-02
0.36500 4.401848e-02
0.36600 4.351205e-02
0.36700 4.213491e-02
0.36800 4.424148e-02
0.36900 4.375993e-02
0.37000 4.317198e-02
0.37100 4.262701e-02
0.37200 4.231365e-02
0.37300 4.240748e-02
0.37400 4.214419e-02
0.37500 4.200525e-02
0.37600 4.240117e-02
0.37700 4.207758e-02
0.37800 4.180893e-02
0.37900 4.224463e-02
0.38000 4.150903e-02
0.38100 4.038364e-02
0.38200 4.140164e-02
0.38300 4.083199e-02
0.38400 4.147442e-02
0.38500 4.067678e-02
0.38600 4.060343e-02
0.38700 4.075828e-02
0.38800 4.072940e-02
0.38900 4.009279e-02
0.39000 4.045924e-02
0.39100 3.999940e-02
0.39200 3.990793e-02
0.39300 4.083543e-02
0.39400 4.060167e-02
0.39500 3.886408e-02
0.39600 3.977597e-02
0.39700 3.917760e-02
0.39800 3.964932e-02
0.39900 3.908763e-02
0.40000 3.820010e-02
0.40100 3.882507e-02
0.40200 3.819974e-02
0.40300 3.858645e-02
0.40400 3.866687e-02
0.40500 3.840176e-02
0.40600 3.930870e-02
0.40700 3.850735e-02
0.40800 3.817866e-02
0.40900 3.907764e-02
0.41000 3.918277e-02
0.41100 3.737124e-02
0.41200 3.721872e-02
0.41300 3.701702e-02
0.41400 3.712681e-02
0.41500 3.680233e-02
0.41600 3.749124e-02
0.41700 3.727998e-02
0.41800 3.679149e-02
0.41900 3.672725e-02
0.42000 3.727142e-02
0.42100 3.653703e-02
0.42200 3.681354e-02
0.42300 3.603605e-02
0.42400 3.633855e-02
0.42500 3.637499e-02
0.42600 3.627225e-02
0.42700 3.621943e-02
0.42800 3.627889e-02
0.42900 3.562664e-02
0.43000 3.699766e-02
0.43100 3.555474e-02
0.43200 3.544742e-02
0.43300 3.501755e-02
0.43400 3.516345e-02
0.43500 3.569088e-02
0.43600 3.518428e-02
0.43700 3.486974e-02
0.43800 3.563340e-02
0.43900 3.410457e-02
0.44000 3.547944e-02
0.44100 3.387352e-02
0.44200 3.448553e-02
0.44300 3.376014e-02
0.44400 3.442033e-02
0.44500 3.383667e-02
0.44600 3.438583e-02
0.44700 3.346237e-02
0.44800 3.433763e-02
0.44900 3.351642e-02
0.45000 3.300077e-02
0.45100 3.394037e-02
0.45200 3.360945e-02
0.45300 3.220747e-02
0.45400 3.354798e-02
0.45500 3.266598e-02
0.45600 3.403738e-02
0.45700 3.255966e-02
0.45800 3.354479e-02
0.45900 3.250393e-02
0.46000 3.326718e-02
0.46100 3.352027e-02
0.46200 3.264049e-02
0.46300 3.210968e-02
0.46400 3.339308e-02
0.46500 3.197928e-02
0.46600 3.208107e-02
0.46700 3.186190e-02
0.46800 3.138501e-02
0.46900 3.102558e-02
0.47000 3.169054e-02
0.47100 3.136322e-02
0.47200 3.169719e-02
0.47300 3.056213e-02
0.47400 3.175521e-02
0.47500 3.143834e-02
0.47600 3.133741e-02
0.47700 3.107999e-02
0.47800 3.119301e-02
0.47900 3.092987e-02
0.48000 3.101514e-02
0.48100 3.109296e-02
0.48200 3.126866e-02
0.48300 3.039698e-02
0.48400 3.115205e-02
0.48500 3.063636e-02
0.48600 3.003559e-02
0.48700 3.053729e-02
0.48800 2.968961e-02
0.48900 2.997730e-02
0.49000 2.976314e-02
0.49100 3.042936e-02
0.49200 2.919134e-02
0.49300 2.934357e-02
0.49400 2.902968e-02
0.49500 2.919881e-02
0.49600 3.029961e-02
0.49700 2.921575e-02
0.49800 2.932131e-02
0.49900 2.965521e-02
0.50000 2.974265e-02
0.50100 2.878904e-02
0.50200 2.922268e-02
0.50300 2.893141e-02
0.50400 2.925114e-02
0.50500 2.878265e-02
0.50600 2.885817e-02
0.50700 2.873345e-02
0.50800 2.948555e-02
0.50900 2.826609e-02
0.51000 2.823537e-02
0.51100 2.785247e-02
0.51200 2.809950e-02
0.51300 2.778736e-02
0.51400 2.864001e-02
0.51500 2.714751e-02
0.51600 2.795997e-02
0.51700 2.787276e-02
0.51800 2.837672e-02
0.51900 2.713877e-02
0.52000 2.769267e-02
0.52100 2.739772e-02
0.52200 2.819981e-02
0.52300 2.753084e-02
0.52400 2.760330e-02
0.52500 2.719238e-02
0.52600 2.639086e-02
0.52700 2.745381e-02
0.52800 2.737101e-02
0.52900 2.698724e-02
0.53000 2.681619e-02
0.53100 2.695273e-02
0.53200 2.663687e-02
0.53300 2.642420e-02
0.53400 2.675267e-02
0.53500 2.644039e-02
0.53600 2.601505e-02
0.53700 2.626983e-02
0.53800 2.679808e-02
0.53900 2.612564e-02
0.54000 2.599356e-02
0.54100 2.600689e-02
0.54200 2.613362e-02
0.54300 2.576674e-02
0.54400 2.632638e-02
0.54500 2.554475e-02
0.54600 2.544886e-02
0.54700 2.549128e-02
0.54800 2.580655e-02
0.54900 2.526126e-02
0.55000 2.577190e-02
0.55100 2.555685e-02
0.55200 2.564925e-02
0.55300 2.500249e-02
0.55400 2.516824e-02
0.55500 2.501905e-02
0.55600 2.471255e-02
0.55700 2.428378e-02
0.55800 2.458548e-02
0.55900 2.476895e-02
0.56000 2.407282e-02
0.56100 2.425618e-02
0.56200 2.519175e-02
0.56300 2.395479e-02
0.56400 2.417316e-02
0.56500 2.395029e-02
0.56600 2.491858e-02
0.56700 2.414546e-02
0.56800 2.410603e-02
0.56900 2.375882e-02
0.57000 2.373377e-02
0.57100 2.409105e-02
0.57200 2.386401e-02
0.57300 2.339527e-02
0.57400 2.424304e-02
0.57500 2.366162e-02
0.57600 2.362261e-02
0.57700 2.344119e-02
0.57800 2.383313e-02
0.57900 2.327000e-02
0.58000 2.385450e-02
0.58100 2.296791e-02
0.58200 2.348191e-02
0.58300 2.369857e-02
0.58400 2.313457e-02
0.58500 2.350966e-02
0.58600 2.346581e-02
0.58700 2.270926e-02
0.58800 2.292338e-02
0.58900 2.286825e-02
0.59000 2.275426e-02
0.59100 2.262718e-02
0.59200 2.258673e-02
0.59300 2.223011e-02
0.59400 2.273660e-02
0.59500 2.207965e-02
0.59600 2.282718e-02
0.59700 2.235468e-02
0.59800 2.266575e-02
0.59900 2.276005e-02
0.60000 2.242234e-02
0.60100 2.183618e-02
0.60200 2.249127e-02
0.60300 2.246386e-02
0.60400 2.209964e-02
0.60500 2.183979e-02
0.60600 2.174741e-02
0.60700 2.112096e-02
0.60800 2.182061e-02
0.60900 2.170548e-02
0.61000 2.162211e-02
0.61100 2.138363e-02
0.61200 2.213949e-02
0.61300 2.138004e-02
0.61400 2.125634e-02
0.61500 2.134568e-02
0.61600 2.143640e-02
0.61700 2.125423e-02
0.61800 2.118103e-02
0.61900 2.071641e-02
0.62000 2.078077e-02
0.62100 2.142802e-02
0.62200 2.141303e-02
0.62300 2.069872e-02
0.62400 2.108547e-02
0.62500 2.057408e-02
0.62600 2.053767e-02
0.62700 2.061421e-02
0.62800 2.016202e-02
0.62900 2.033882e-02
0.63000 2.029842e-02
0.63100 2.037305e-02
0.63200 2.117555e-02
0.63300 2.033895e-02
0.63400 2.033625e-02
0.63500 2.038624e-02
0.63600 2.039733e-02
0.63700 2.011500e-02
0.63800 2.081890e-02
0.63900 2.045658e-02
0.64000 2.000400e-02
0.64100 1.946539e-02
0.64200 2.025344e-02
0.64300 2.007025e-02
0.64400 2.017528e-02
0.64500 1.965303e-02
0.64600 1.999859e-02
0.64700 1.957256e-02
0.64800 1.976567e-02
0.64900 1.941883e-02
0.65000 1.980579e-02
0.65100 1.942194e-02
0.65200 1.938248e-02
0.65300 1.940958e-02
0.65400 1.980224e-02
0.65500 1.917018e-02
0.65600 1.863362e-02
0.65700 1.943746e-02
0.65800 1.954113e-02
0.65900 1.888975e-02
0.66000 1.887082e-02
0.66100 1.848552e-02
0.66200 1.874298e-02
0.66300 1.851389e-02
0.66400 1.896352e-02
0.66500 1.815733e-02
0.66600 1.934401e-02
0.66700 1.885430e-02
0.66800 1.907819e-02
0.66900 1.864176e-02
0.67000 1.852015e-02
0.67100 1.895525e-02
0.67200 1.880074e-02
0.67300 1.850401e-02
0.67400 1.864278e-02
0.67500 1.855110e-02
0.67600 1.841275e-02
0.67700 1.841402e-02
0.67800 1.826960e-02
0.67900 1.820307e-02
0.68000 1.886872e-02
0.68100 1.756797e-02
0.68200 1.816530e-02
0.68300 1.786790e-02
0.68400 1.776052e-02
0.68500 1.790944e-02
0.68600 1.814530e-02
0.68700 1.786997e-02
0.68800 1.805665e-02
0.68900 1.719626e-02
0.69000 1.800313e-02
0.69100 1.771656e-02
0.69200 1.735581e-02
0.69300 1.745415e-02
0.69400 1.817460e-02
0.69500 1.721137e-02
0.69600 1.742248e-02
0.69700 1.726432e-02
0.69800 1.746967e-02
0.69900 1.691785e-02
0.70000 1.759744e-02
0.70100 1.678040e-02
0.70200 1.686005e-02
0.70300 1.715598e-02
0.70400 1.723001e-02
0.70500 1.706767e-02
0.70600 1.754816e-02
0.70700 1.721606e-02
0.70800 1.709614e-02
0.70900 1.727369e-02
0.71000 1.682302e-02
0.71100 1.714456e-02
0.71200 1.691231e-02
0.71300 1.660488e-02
0.71400 1.693252e-02
0.71500 1.648604e-02
0.71600 1.633449e-02
0.71700 1.644770e-02
0.71800 1.680045e-02
0.71900 1.658948e-02
0.72000 1.634485e-02
0.72100 1.657336e-02
0.72200 1.634999e-02
0.72300 1.626071e-02
0.72400 1.647836e-02
0.72500 1.643090e-02
0.72600 1.656730e-02
0.72700 1.614398e-02
0.72800 1.633331e-02
0.72900 1.599295e-02
0.73000 1.646855e-02
0.73100 1.621926e-02
0.73200 1.608993e-02
0.73300 1.651535e-02
0.73400 1.588924e-02
0.73500 1.582397e-02
0.73600 1.635412e-02
0.73700 1.628485e-02
0.73800 1.584156e-02
0.73900 1.545268e-02
0.74000 1.590964e-02
0.74100 1.572240e-02
0.74200 1.581299e-02
0.74300 1.593693e-02
0.74400 1.539749e-02
0.74500 1.542887e-02
0.74600 1.580968e-02
0.74700 1.524214e-02
0.74800 1.556025e-02
0.74900 1.553250e-02
0.75000 1.551189e-02
0.75100 1.534034e-02
0.75200 1.581628e-02
0.75300 1.526714e-02
0.75400 1.575850e-02
0.75500 1.511216e-02
0.75600 1.534176e-02
0.75700 1.533335e-02
0.75800 1.541320e-02
0.75900 1.499649e-02
0.76000 1.499680e-02
0.76100 1.490190e-02
0.76200 1.518721e-02
0.76300 1.513331e-02
0.76400 1.483107e-02
0.76500 1.449324e-02
0.76600 1.493842e-02
0.76700 1.468181e-02
0.76800 1.471389e-02
0.76900 1.464389e-02
0.77000 1.488181e-02
0.77100 1.486482e-02
0.77200 1.447331e-02
0.77300 1.458102e-02
0.77400 1.488037e-02
0.77500 1.463220e-02
0.77600 1.454884e-02
0.77700 1.425272e-02
0.77800 1.458688e-02
0.77900 1.450330e-02
0.78000 1.436631e-02
0.78100 1.440915e-02
0.78200 1.453870e-02
0.78300 1.428668e-02
0.78400 1.438298e-02
0.78500 1.429455e-02
0.78600 1.437223e-02
0.78700 1.426496e-02
0.78800 1.441985e-02
0.78900 1.399541e-02
0.79000 1.403151e-02
0.79100 1.409198e-02
0.79200 1.441671e-02
0.79300 1.417201e-02
0.79400 1.428111e-02
0.79500 1.395428e-02
0.79600 1.434520e-02
0.79700 1.414384e-02
0.79800 1.402914e-02
0.79900 1.351625e-02
0.80000 1.387744e-02
0.80100 1.388443e-02
0.80200 1.389986e-02
0.80300 1.367356e-02
0.80400 1.388972e-02
0.80500 1.383458e-02
0.80600 1.372681e-02
0.80700 1.348911e-02
0.80800 1.362660e-02
0.80900 1.365217e-02
0.81000 1.364308e-02
0.81100 1.305416e-02
0.81200 1.364155e-02
0.81300 1.321513e-02
0.81400 1.364428e-02
0.81500 1.324394e-02
0.81600 1.349486e-02
0.81700 1.317919e-02
0.81800 1.322894e-02
0.81900 1.318632e-02
0.82000 1.334840e-02
0.82100 1.343980e-02
0.82200 1.311571e-02
0.82300 1.348407e-02
0.82400 1.337304e-02
0.82500 1.320712e-02
0.82600 1.305741e-02
0.82700 1.294518e-02
0.82800 1.300374e-02
0.82900 1.299522e-02
0.83000 1.298245e-02
0.83100 1.275590e-02
0.83200 1.318815e-02
0.83300 1.286051e-02
0.83400 1.311274e-02
0.83500 1.275283e-02
0.83600 1.284091e-02
0.83700 1.287744e-02
0.83800 1.259468e-02
0.83900 1.284770e-02
0.84000 1.281375e-02
0.84100 1.251500e-02
0.84200 1.272336e-02
0.84300 1.236698e-02
0.84400 1.293016e-02
0.84500 1.276547e-02
0.84600 1.261826e-02
0.84700 1.208257e-02
0.84800 1.268123e-02
0.84900 1.253617e-02
0.85000 1.249342e-02
0.85100 1.239675e-02
0.85200 1.246756e-02
0.85300 1.225467e-02
0.85400 1.216507e-02
0.85500 1.215008e-02
0.85600 1.221155e-02
0.85700 1.229726e-02
0.85800 1.225669e-02
0.85900 1.200426e-02
0.86000 1.218788e-02
0.86100 1.208805e-02
0.86200 1.242075e-02
0.86300 1.187043e-02
0.86400 1.216051e-02
0.86500 1.182833e-02
0.86600 1.211861e-02
0.86700 1.208069e-02
0.86800 1.210215e-02
0.86900 1.166665e-02
0.87000 1.212743e-02
0.87100 1.202192e-02
0.87200 1.193730e-02
0.87300 1.126930e-02
0.87400 1.174139e-02
0.87500 1.172119e-02
0.87600 1.202888e-02
0.87700 1.174944e-02
0.87800 1.196188e-02
0.87900 1.177874e-02
0.88000 1.191449e-02
0.88100 1.151486e-02
0.88200 1.183824e-02
0.88300 1.150903e-02
0.88400 1.168385e-02
0.88500 1.131108e-02
0.88600 1.196734e-02
0.88700 1.138812e-02
0.88800 1.142724e-02
0.88900 1.169509e-02
0.89000 1.133723e-02
0.89100 1.147602e-02
0.89200 1.156366e-02
0.89300 1.104876e-02
0.89400 1.135492e-02
0.89500 1.121844e-02
0.89600 1.119354e-02
0.89700 1.124341e-02
0.89800 1.133179e-02
0.89900 1.151204e-02
0.90000 1.144511e-02
0.90100 1.104421e-02
0.90200 1.131384e-02
0.90300 1.110229e-02
0.90400 1.140840e-02
0.90500 1.114357e-02
0.90600 1.088015e-02
0.90700 1.103198e-02
0.90800 1.116631e-02
0.90900 1.088914e-02
0.91000 1.094203e-02
0.91100 1.115533e-02
0.91200 1.097666e-02
0.91300 1.065560e-02
0.91400 1.087038e-02
0.91500 1.094989e-02
0.91600 1.062762e-02
0.91700 1.068189e-02
0.91800 1.089657e-02
0.91900 1.080749e-02
0.92000 1.102749e-02
0.92100 1.072516e-02
0.92200 1.080701e-02
0.92300 1.092950e-02
0.92400 1.076478e-02
0.92500 1.104882e-02
0.92600 1.065943e-02
0.92700 1.019623e-02
0.92800 1.046130e-02
0.92900 1.054152e-02
0.93000 1.060521e-02
0.93100 1.058457e-02
0.93200 1.058798e-02
0.93300 1.061219e-02
0.93400 1.068757e-02
0.93500 1.044073e-02
0.93600 1.044924e-02
0.93700 1.071224e-02
0.93800 1.047340e-02
0.93900 1.049000e-02
0.94000 1.030935e-02
0.94100 1.033413e-02
0.94200 1.054227e-02
0.94300 1.040380e-02
0.94400 1.041829e-02
0.94500 1.016252e-02
0.94600 1.023362e-02
0.94700 1.023432e-02
0.94800 1.025650e-02
0.94900 1.029394e-02
0.95000 1.053395e-02
0.95100 1.018257e-02
0.95200 1.077363e-02
0.95300 1.021091e-02
0.95400 1.017341e-02
0.95500 1.001306e-02
0.95600 1.012339e-02
0.95700 9.915390e-03
0.95800 1.017465e-02
0.95900 1.007062e-02
0.96000 1.025596e-02
0.96100 1.012108e-02
0.96200 9.845651e-03
0.96300 1.001871e-02
0.96400 1.014978e-02
0.96500 9.833749e-03
0.96600 9.976810e-03
0.96700 9.931397e-03
0.96800 1.005603e-02
0.96900 1.004308e-02
0.97000 1.005764e-02
0.97100 9.728041e-03
0.97200 9.780063e-03
0.97300 9.764276e-03
0.97400 9.829225e-03
0.97500 9.812298e-03
0.97600 9.734988e-03
0.97700 9.525822e-03
0.97800 9.758243e-03
0.97900 9.653581e-03
0.98000 9.629646e-03
0.98100 9.757158e-03
0.98200 9.642518e-03
0.98300 9.448455e-03
0.98400 9.509202e-03
0.98500 9.594655e-03
0.98600 9.465567e-03
0.98700 9.516771e-03
0.98800 9.690097e-03
0.98900 9.370129e-03
0.99000 9.463221e-03
0.99100 9.492962e-03
0.99200 9.426921e-03
0.99300 9.544710e-03
0.99400 9.634186e-03
0.99500 9.271527e-03
0.99600 9.433459e-03
0.99700 9.391520e-03
0.99800 9.305856e-03
0.99900 9.409197e-03
1.00000 9.261822e-03
1.00100 9.304234e-03
1.00200 9.348055e-03
1.00300 9.222737e-03
1.00400 9.321891e-03
1.00500 9.089526e-03
1.00600 9.296986e-03
1.00700 9.236761e-03
1.00800 9.244898e-03
1.00900 9.062500e-03
1.01000 9.147519e-03
1.01100 8.980987e-03
1.01200 9.385472e-03
1.01300 8.924520e-03
1.01400 9.380979e-03
1.01500 8.965576e-03
1.01600 9.159689e-03
1.01700 8.923011e-03
1.01800 9.218292e-03
1.01900 9.067803e-03
1.02000 8.986954e-03
1.02100 8.836074e-03
1.02200 9.043201e-03
1.02300 9.009815e-03
1.02400 9.281998e-03
1.02500 8.948364e-03
1.02600 8.900115e-03
1.02700 8.802590e-03
1.02800 8.692778e-03
1.02900 8.690363e-03
1.03000 8.837983e-03
1.03100 9.125735e-03
1.03200 8.923108e-03
1.03300 8.948690e-03
1.03400 8.625397e-03
1.03500 8.789453e-03
1.03600 8.933806e-03
1.03700 8.590726e-03
1.03800 8.970048e-03
1.03900 8.619714e-03
1.04000 8.454720e-03
1.04100 8.752970e-03
1.04200 8.664837e-03
1.04300 8.447106e-03
1.04400 8.658412e-03
1.04500 8.502662e-03
1.04600 8.641407e-03
1.04700 8.767453e-03
1.04800 8.281887e-03
1.04900 8.650235e-03
1.05000 8.724623e-03
1.05100 8.348330e-03
1.05200 8.619007e-03
1.05300 8.483248e-03
1.05400 8.568710e-03
1.05500 8.381971e-03
1.05600 8.456766e-03
1.05700 8.463648e-03
1.05800 8.503320e-03
1.05900 8.225297e-03
1.06000 8.069919e-03
1.06100 8.246300e-03
1.06200 8.488739e-03
1.06300 8.291775e-03
1.06400 8.343398e-03
1.06500 8.066332e-03
1.06600 8.503093e-03
1.06700 8.213232e-03
1.06800 8.367397e-03
1.06900 8.227851e-03
1.07000 8.368797e-03
1.07100 8.117644e-03
1.07200 7.992610e-03
1.07300 8.185503e-03
1.07400 8.092589e-03
1.07500 8.283600e-03
1.07600 8.212425e-03
1.07700 7.964583e-03
1.07800 8.327755e-03
1.07900 7.937138e-03
1.08000 8.419771e-03
1.08100 8.011302e-03
1.08200 8.000703e-03
1.08300 8.140925e-03
1.08400 8.011513e-03
1.08500 7.901430e-03
1.08600 7.899128e-03
1.08700 7.854943e-03
1.08800 8.042632e-03
1.08900 7.984188e-03
1.09000 8.008709e-03
1.09100 7.877034e-03
1.09200 7.927879e-03
1.09300 7.870286e-03
1.09400 8.114394e-03
1.09500 7.763741e-03
1.09600 7.990053e-03
1.09700 7.696022e-03
1.09800 7.917346e-03
1.09900 7.835640e-03
1.10000 7.953377e-03
1.10100 7.746886e-03
1.10200 7.756021e-03
1.10300 7.383108e-03
1.10400 7.817684e-03
1.10500 7.857997e-03
1.10600 7.696214e-03
1.10700 7.734913e-03
1.10800 7.698594e-03
1.10900 7.659037e-03
1.11000 7.751572e-03
1.11100 7.750250e-03
1.11200 7.863954e-03
1.11300 7.601916e-03
1.11400 7.599745e-03
1.11500 7.422840e-03
1.11600 7.689010e-03
1.11700 7.532209e-03
1.11800 7.546426e-03
1.11900 7.447093e-03
1.12000 7.416291e-03
1.12100 7.583884e-03
1.12200 7.681372e-03
1.12300 7.419107e-03
1.12400 7.555472e-03
1.12500 7.539086e-03
1.12600 7.616004e-03
1.12700 7.549549e-03
1.12800 7.528854e-03
1.12900 7.401837e-03
1.13000 7.317424e-03
1.13100 7.173253e-03
1.13200 7.568160e-03
1.13300 7.409447e-03
1.13400 7.535452e-03
1.13500 7.323843e-03
1.13600 7.423069e-03
1.13700 7.132992e-03
1.13800 7.321261e-03
1.13900 7.504767e-03
1.14000 7.347204e-03
1.14100 7.195632e-03
1.14200 7.127165e-03
1.14300 7.331654e-03
1.14400 7.192589e-03
1.14500 7.177366e-03
1.14600 7.296645e-03
1.14700 7.308464e-03
1.14800 7.365206e-03
1.14900 7.143522e-03
1.15000 7.214200e-03
1.15100 7.489198e-03
1.15200 7.160647e-03
1.15300 7.053968e-03
1.15400 7.141607e-03
1.15500 7.038534e-03
1.15600 6.973705e-03
1.15700 7.155039e-03
1.15800 7.258919e-03
1.15900 7.160935e-03
1.16000 7.041207e-03
1.16100 7.093817e-03
1.16200 7.136897e-03
1.16300 6.819866e-03
1.16400 7.004433e-03
1.16500 7.152794e-03
1.16600 7.145367e-03
1.16700 6.891496e-03
1.16800 6.989555e-03
1.16900 6.933456e-03
1.17000 7.043047e-03
1.17100 7.088998e-03
1.17200 7.049608e-03
1.17300 6.873780e-03
1.17400 6.932502e-03
1.17500 6.876671e-03
1.17600 6.868717e-03
1.17700 6.764399e-03
1.17800 6.993951e-03
1.17900 6.939739e-03
1.18000 6.906527e-03
1.18100 6.980648e-03
1.18200 6.880980e-03
1.18300 6.914614e-03
1.18400 6.875836e-03
1.18500 6.775048e-03
1.18600 7.133642e-03
1.18700 6.776532e-03
1.18800 6.735396e-03
1.18900 6.795938e-03
1.19000 6.919851e-03
1.19100 6.697851e-03
1.19200 6.694327e-03
1.19300 6.555769e-03
1.19400 6.685379e-03
1.19500 6.766513e-03
1.19600 6.773222e-03
1.19700 6.417328e-03
1.19800 6.873935e-03
1.19900 6.534866e-03
1.20000 6.722635e-03
1.20100 6.634988e-03
1.20200 6.775137e-03
1.20300 6.591830e-03
1.20400 6.608359e-03
1.20500 6.585761e-03
1.20600 6.506778e-03
1.20700 6.795379e-03
1.20800 6.770033e-03
1.20900 6.573290e-03
1.21000 6.493296e-03
1.21100 6.618642e-03
1.21200 6.527222e-03
1.21300 6.377028e-03
1.21400 6.544083e-03
1.21500 6.500813e-03
1.21600 6.507559e-03
1.21700 6.536924e-03
1.21800 6.440787e-03
1.21900 6.500301e-03
1.22000 6.597382e-03
1.22100 6.634159e-03
1.22200 6.660817e-03
1.22300 6.459048e-03
1.22400 6.341093e-03
1.22500 6.269010e-03
1.22600 6.419935e-03
1.22700 6.240314e-03
1.22800 6.398693e-03
1.22900 6.429134e-03
1.23000 6.346521e-03
1.23100 6.413828e-03
1.23200 6.260221e-03
1.23300 6.340131e-03
1.23400 6.446374e-03
1.23500 6.010123e-03
1.23600 6.310136e-03
1.23700 6.287962e-03
1.23800 6.213808e-03
1.23900 6.337331e-03
1.24000 6.414191e-03
1.24100 6.201318e-03
1.24200 6.179944e-03
1.24300 6.137963e-03
1.24400 6.074058e-03
1.24500 6.093382e-03
1.24600 6.284281e-03
1.24700 6.204991e-03
1.24800 6.336704e-03
1.24900 6.227648e-03
1.25000 6.192236e-03
1.25100 6.208036e-03
1.25200 6.207572e-03
1.25300 5.992537e-03
1.25400 6.112929e-03
1.25500 6.015417e-03
1.25600 6.114483e-03
1.25700 6.119695e-03
1.25800 6.265282e-03
1.25900 5.896706e-03
1.26000 6.153618e-03
1.26100 6.135533e-03
1.26200 6.137940e-03
1.26300 5.893969e-03
1.26400 6.157379e-03
1.26500 6.143137e-03
1.26600 5.976755e-03
1.26700 6.031114e-03
1.26800 6.042045e-03
1.26900 5.919575e-03
1.27000 5.954203e-03
1.27100 5.900039e-03
1.27200 5.898035e-03
1.27300 6.010470e-03
1.27400 5.973302e-03
1.27500 5.962304e-03
1.27600 5.924232e-03
1.27700 5.985798e-03
1.27800 5.920477e-03
1.27900 5.990162e-03
1.28000 5.868932e-03
1.28100 5.761164e-03
1.28200 5.967834e-03
1.28300 5.837513e-03
1.28400 5.845189e-03
1.28500 5.890328e-03
1.28600 5.862173e-03
1.28700 5.781761e-03
1.28800 6.014123e-03
1.28900 5.763834e-03
1.29000 5.885968e-03
1.29100 5.795753e-03
1.29200 5.848031e-03
1.29300 5.844450e-03
1.29400 5.741016e-03
1.29500 5.784927e-03
1.29600 5.712845e-03
1.29700 5.741554e-03
1.29800 5.960063e-03
1.29900 5.590696e-03
1.30000 5.690424e-03
1.30100 5.680060e-03
1.30200 5.664217e-03
1.30300 5.685139e-03
1.30400 5.709292e-03
1.30500 5.781074e-03
1.30600 5.618473e-03
1.30700 5.490981e-03
1.30800 5.580487e-03
1.30900 5.734928e-03
1.31000 5.735113e-03
1.31100 5.620142e-03
1.31200 5.658654e-03
1.31300 5.534727e-03
1.31400 5.657375e-03
1.31500 5.501019e-03
1.31600 5.610008e-03
1.31700 5.459818e-03
1.31800 5.541692e-03
1.31900 5.393971e-03
1.32000 5.707811e-03
1.32100 5.605207e-03
1.32200 5.513613e-03
1.32300 5.452796e-03
1.32400 5.506206e-03
1.32500 5.596871e-03
1.32600 5.663773e-03
1.32700 5.508618e-03
1.32800 5.672087e-03
1.32900 5.372766e-03
1.33000 5.682608e-03
1.33100 5.529673e-03
1.33200 5.478059e-03
1.33300 5.466939e-03
1.33400 5.425549e-03
1.33500 5.458921e-03
1.33600 5.337925e-03
1.33700 5.491771e-03
1.33800 5.577456e-03
1.33900 5.313986e-03
1.34000 5.413311e-03
1.34100 5.354733e-03
1.34200 5.360756e-03
1.34300 5.480853e-03
1.34400 5.447351e-03
1.34500 5.452040e-03
1.34600 5.326746e-03
1.34700 5.360558e-03
1.34800 5.326337e-03
1.34900 5.328965e-03
1.35000 5.358167e-03
1.35100 5.246640e-03
1.35200 5.304229e-03
1.35300 5.278092e-03
1.35400 5.347441e-03
1.35500 5.280770e-03
1.35600 5.225457e-03
1.35700 5.201583e-03
1.35800 5.313037e-03
1.35900 5.233701e-03
1.36000 5.320307e-03
1.36100 5.213571e-03
1.36200 5.320243e-03
1.36300 5.182811e-03
1.36400 5.285094e-03
1.36500 5.078254e-03
1.36600 5.278416e-03
1.36700 5.313283e-03
1.36800 5.154896e-03
1.36900 5.277283e-03
1.37000 5.322844e-03
1.37100 5.204012e-03
1.37200 5.282983e-03
1.37300 5.241207e-03
1.37400 5.026431e-03
1.37500 5.047343e-03
1.37600 5.157295e-03
1.37700 5.198639e-03
1.37800 5.093988e-03
1.37900 5.038266e-03
1.38000 5.235418e-03
1.38100 5.263234e-03
1.38200 5.304600e-03
1.38300 5.103831e-03
1.38400 5.035317e-03
1.38500 4.999518e-03
1.38600 5.141421e-03
1.38700 5.066940e-03
1.38800 5.116414e-03
1.38900 5.068432e-03
1.39000 5.114532e-03
1.39100 5.242885e-03
1.39200 5.035852e-03
1.39300 5.025084e-03
1.39400 5.024062e-03
1.39500 4.957505e-03
1.39600 5.065179e-03
1.39700 4.972523e-03
1.39800 4.980529e-03
1.39900 4.954049e-03
1.40000 4.965715e-03
1.40100 4.872742e-03
1.40200 5.062566e-03
1.40300 4.987924e-03
1.40400 4.901054e-03
1.40500 4.954969e-03
1.40600 5.001849e-03
1.40700 4.947216e-03
1.40800 4.946352e-03
1.40900 4.941039e-03
1.41000 5.006946e-03
1.41100 4.861444e-03
1.41200 5.008003e-03
1.41300 4.864684e-03
1.41400 4.915953e-03
1.41500 4.977782e-03
1.41600 4.999794e-03
1.41700 4.949936e-03
1.41800 4.948732e-03
1.41900 4.905873e-03
1.42000 4.889651e-03
1.42100 4.840600e-03
1.42200 4.790675e-03
1.42300 4.879806e-03
1.42400 4.938068e-03
1.42500 4.715886e-03
1.42600 4.818594e-03
1.42700 4.854222e-03
1.42800 4.846254e-03
1.42900 4.844317e-03
1.43000 4.839884e-03
1.43100 4.827356e-03
1.43200 4.803546e-03
1.43300 4.808871e-03
1.43400 4.942701e-03
1.43500 4.600964e-03
1.43600 4.887299e-03
1.43700 4.729084e-03
1.43800 4.931056e-03
1.43900 4.738107e-03
1.44000 4.766641e-03
1.44100 4.598040e-03
1.44200 4.733027e-03
1.44300 4.732080e-03
1.44400 4.805848e-03
1.44500 4.771463e-03
1.44600 4.603131e-03
1.44700 4.708933e-03
1.44800 4.732147e-03
1.44900 4.572301e-03
1.45000 4.645462e-03
1.45100 4.532342e-03
1.45200 4.769471e-03
1.45300 4.629138e-03
1.45400 4.675741e-03
1.45500 4.611558e-03
1.45600 4.633747e-03
1.45700 4.499622e-03
1.45800 4.597833e-03
1.45900 4.487859e-03
1.46000 4.764057e-03
1.46100 4.533298e-03
1.46200 4.653316e-03
1.46300 4.587342e-03
1.46400 4.637490e-03
1.46500 4.492614e-03
1.46600 4.553508e-03
1.46700 4.524312e-03
1.46800 4.468114e-03
1.46900 4.483755e-03
1.47000 4.579723e-03
1.47100 4.528274e-03
1.47200 4.589339e-03
1.47300 4.593342e-03
1.47400 4.496033e-03
1.47500 4.551018e-03
1.47600 4.469410e-03
1.47700 4.605982e-03
1.47800 4.512826e-03
1.47900 4.439550e-03
1.48000 4.545427e-03
1.48100 4.360405e-03
1.48200 4.356183e-03
1.48300 4.405791e-03
1.48400 4.517426e-03
1.48500 4.370433e-03
1.48600 4.362141e-03
1.48700 4.413448e-03
1.48800 4.503221e-03
1.48900 4.384258e-03
1.49000 4.460047e-03
1.49100 4.432929e-03
1.49200 4.382722e-03
1.49300 4.396220e-03
1.49400 4.502063e-03
1.49500 4.304103e-03
1.49600 4.402605e-03
1.49700 4.292055e-03
1.49800 4.494668e-03
1.49900 4.183885e-03
1.50000 4.348280e-03
1.50100 4.358060e-03
1.50200 4.375853e-03
1.50300 4.284272e-03
1.50400 4.305064e-03
1.50500 4.309704e-03
1.50600 4.421278e-03
1.50700 4.268726e-03
1.50800 4.355841e-03
1.50900 4.288950e-03
1.51000 4.299344e-03
1.51100 4.168076e-03
1.51200 4.295566e-03
1.51300 4.250281e-03
1.51400 4.317496e-03
1.51500 4.275456e-03
1.51600 4.247588e-03
1.51700 4.275231e-03
1.51800 4.214023e-03
1.51900 4.283942e-03
1.52000 4.311805e-03
1.52100 4.271056e-03
1.52200 4.288699e-03
1.52300 4.218473e-03
1.52400 4.139312e-03
1.52500 4.178387e-03
1.52600 4.261744e-03
1.52700 4.146409e-03
1.52800 4.201009e-03
1.52900 4.191046e-03
1.53000 4.218219e-03
1.53100 4.221125e-03
1.53200 4.166583e-03
1.53300 4.185220e-03
1.53400 4.179399e-03
1.53500 4.158255e-03
1.53600 4.252844e-03
1.53700 4.084487e-03
1.53800 4.129775e-03
1.53900 4.221810e-03
1.54000 4.080458e-03
1.54100 4.170015e-03
1.54200 4.150136e-03
1.54300 4.158125e-03
1.54400 4.199406e-03
1.54500 4.117608e-03
1.54600 4.086096e-03
1.54700 4.091147e-03
1.54800 4.188659e-03
1.54900 4.211221e-03
1.55000 4.127693e-03
1.55100 4.001903e-03
1.55200 4.168138e-03
1.55300 4.076663e-03
1.55400 4.031961e-03
1.55500 4.083580e-03
1.55600 4.055238e-03
1.55700 4.106630e-03
1.55800 4.085777e-03
1.55900 4.062440e-03
1.56000 4.112163e-03
1.56100 4.011431e-03
1.56200 4.082019e-03
1.56300 3.994918e-03
1.56400 3.999449e-03
1.56500 4.039148e-03
1.56600 3.991758e-03
1.56700 3.913043e-03
1.56800 3.970952e-03
1.56900 3.951619e-03
1.57000 4.123953e-03
1.57100 3.915297e-03
1.57200 3.981845e-03
1.57300 4.042738e-03
1.57400 3.981005e-03
1.57500 3.885350e-03
1.57600 3.991589e-03
1.57700 3.932561e-03
1.57800 3.968492e-03
1.57900 3.876330e-03
1.58000 4.108538e-03
1.58100 3.927130e-03
1.58200 3.936229e-03
1.58300 3.834902e-03
1.58400 4.135241e-03
1.58500 3.880553e-03
1.58600 3.970085e-03
1.58700 3.984258e-03
1.58800 3.953029e-03
1.58900 3.942592e-03
1.59000 3.900956e-03
1.59100 3.854406e-03
1.59200 3.936901e-03
1.59300 3.999423e-03
1.59400 3.861396e-03
1.59500 3.836212e-03
1.59600 3.857590e-03
1.59700 3.890989e-03
1.59800 3.919931e-03
1.59900 3.880409e-03
1.60000 3.932084e-03
1.60100 3.871478e-03
1.60200 3.918151e-03
1.60300 3.726649e-03
1.60400 3.751054e-03
1.60500 3.917297e-03
1.60600 3.851946e-03
1.60700 3.720124e-03
1.60800 3.852200e-03
1.60900 3.731735e-03
1.61000 3.765224e-03
1.61100 3.799581e-03
1.61200 3.954318e-03
1.61300 3.823297e-03
1.61400 3.750747e-03
1.61500 3.796850e-03
1.61600 3.839796e-03
1.61700 3.747675e-03
1.61800 3.739311e-03
1.61900 3.659680e-03
1.62000 3.822115e-03
1.62100 3.799906e-03
1.62200 3.775489e-03
1.62300 3.947704e-03
1.62400 3.899038e-03
1.62500 3.827608e-03
1.62600 3.773569e-03
1.62700 3.674467e-03
1.62800 3.733395e-03
1.62900 3.725499e-03
1.63000 3.814440e-03
1.63100 3.735466e-03
1.63200 3.658154e-03
1.63300 3.661894e-03
1.63400 3.839417e-03
1.63500 3.696957e-03
1.63600 3.653688e-03
1.63700 3.704576e-03
1.63800 3.637796e-03
1.63900 3.748081e-03
1.64000 3.700395e-03
1.64100 3.668838e-03
1.64200 3.672590e-03
1.64300 3.766075e-03
1.64400 3.670110e-03
1.64500 3.647237e-03
1.64600 3.630273e-03
1.64700 3.608957e-03
1.64800 3.652617e-03
1.64900 3.554745e-03
1.65000 3.822226e-03
1.65100 3.623978e-03
1.65200 3.619448e-03
1.65300 3.645714e-03
1.65400 3.577672e-03
1.65500 3.602510e-03
1.65600 3.585192e-03
1.65700 3.582447e-03
1.65800 3.608492e-03
1.65900 3.657957e-03
1.66000 3.680182e-03
1.66100 3.512687e-03
1.66200 3.590311e-03
1.66300 3.538535e-03
1.66400 3.666845e-03
1.66500 3.670014e-03
1.66600 3.590679e-03
1.66700 3.625924e-03
1.66800 3.570981e-03
1.66900 3.535200e-03
1.67000 3.616271e-03
1.67100 3.648945e-03
1.67200 3.550440e-03
1.67300 3.467356e-03
1.67400 3.569645e-03
1.67500 3.508349e-03
1.67600 3.498467e-03
1.67700 3.542170e-03
1.67800 3.514884e-03
1.67900 3.535189e-03
1.68000 3.486073e-03
1.68100 3.503974e-03
1.68200 3.587342e-03
1.68300 3.578740e-03
1.68400 3.528726e-03
1.68500 3.420434e-03
1.68600 3.441906e-03
1.68700 3.472930e-03
1.68800 3.409244e-03
1.68900 3.459348e-03
1.69000 3.587445e-03
1.69100 3.390303e-03
1.69200 3.488946e-03
1.69300 3.501625e-03
1.69400 3.471877e-03
1.69500 3.562615e-03
1.69600 3.387435e-03
1.69700 3.403277e-03
1.69800 3.531471e-03
1.69900 3.427348e-03
1.70000 3.470538e-03
1.70100 3.435552e-03
1.70200 3.492590e-03
1.70300 3.451260e-03
1.70400 3.421496e-03
1.70500 3.460491e-03
1.70600 3.544999e-03
1.70700 3.383110e-03
1.70800 3.476969e-03
1.70900 3.396736e-03
1.71000 3.359332e-03
1.71100 3.384223e-03
1.71200 3.354012e-03
1.71300 3.358644e-03
1.71400 3.415819e-03
1.71500 3.368581e-03
1.71600 3.372462e-03
1.71700 3.373706e-03
1.71800 3.478807e-03
1.71900 3.373959e-03
1.72000 3.453656e-03
1.72100 3.381408e-03
1.72200 3.315943e-03
1.72300 3.375105e-03
1.72400 3.311549e-03
1.72500 3.270903e-03
1.72600 3.415476e-03
1.72700 3.278324e-03
1.72800 3.362647e-03
1.72900 3.289333e-03
1.73000 3.385606e-03
1.73100 3.230340e-03
1.73200 3.293931e-03
1.73300 3.305891e-03
1.73400 3.304376e-03
1.73500 3.175872e-03
1.73600 3.278348e-03
1.73700 3.251144e-03
1.73800 3.421462e-03
1.73900 3.270468e-03
1.74000 3.292586e-03
1.74100 3.385730e-03
1.74200 3.220901e-03
1.74300 3.295642e-03
1.74400 3.326809e-03
1.74500 3.198858e-03
1.74600 3.333172e-03
1.74700 3.238727e-03
1.74800 3.269081e-03
1.74900 3.254590e-03
1.75000 3.248797e-03
1.75100 3.172884e-03
1.75200 3.342113e-03
1.75300 3.301346e-03
1.75400 3.230404e-03
1.75500 3.216374e-03
1.75600 3.237412e-03
1.75700 3.126833e-03
1.75800 3.197769e-03
1.75900 3.225953e-03
1.76000 3.305533e-03
1.76100 3.191882e-03
1.76200 3.304637e-03
1.76300 3.201347e-03
1.76400 3.248230e-03
1.76500 3.176856e-03
1.76600 3.177275e-03
1.76700 3.179955e-03
1.76800 3.284213e-03
1.76900 3.043227e-03
1.77000 3.171551e-03
1.77100 3.101001e-03
1.77200 3.165611e-03
1.77300 3.127422e-03
1.77400 3.145484e-03
1.77500 3.121602e-03
1.77600 3.144949e-03
1.77700 3.123447e-03
1.77800 3.140735e-03
1.77900 3.161667e-03
1.78000 3.108488e-03
1.78100 3.096472e-03
1.78200 3.142186e-03
1.78300 3.164786e-03
1.78400 3.064481e-03
1.78500 3.167979e-03
1.78600 3.091512e-03
1.78700 3.250974e-03
1.78800 3.099154e-03
1.78900 3.109041e-03
1.79000 3.114508e-03
1.79100 3.046161e-03
1.79200 3.124018e-03
1.79300 3.066483e-03
1.79400 3.118871e-03
1.79500 3.037311e-03
1.79600 3.145567e-03
1.79700 3.064558e-03
1.79800 3.141894e-03
1.79900 3.047418e-03
1.80000 3.059895e-03
1.80100 3.031358e-03
1.80200 3.106636e-03
1.80300 3.048805e-03
1.80400 3.124042e-03
1.80500 3.001580e-03
1.80600 3.066935e-03
1.80700 3.081513e-03
1.80800 3.043727e-03
1.80900 3.007403e-03
1.81000 3.091900e-03
1.81100 3.018657e-03
1.81200 2.983148e-03
1.81300 3.020300e-03
1.81400 3.038968e-03
1.81500 3.017464e-03
1.81600 3.041180e-03
1.81700 3.023173e-03
1.81800 2.974321e-03
1.81900 3.010242e-03
1.82000 3.092936e-03
1.82100 2.988594e-03
1.82200 3.027203e-03
1.82300 3.075870e-03
1.82400 2.979447e-03
1.82500 2.993093e-03
1.82600 3.021230e-03
1.82700 2.921848e-03
1.82800 3.066069e-03
1.82900 2.937748e-03
1.83000 2.944620e-03
1.83100 3.020234e-03
1.83200 2.969606e-03
1.83300 2.948722e-03
1.83400 2.956781e-03
1.83500 2.860404e-03
1.83600 2.947511e-03
1.83700 2.855376e-03
1.83800 2.915406e-03
1.83900 2.912222e-03
1.84000 2.985619e-03
1.84100 3.023440e-03
1.84200 2.974638e-03
1.84300 2.968543e-03
1.84400 2.926354e-03
1.84500 2.863107e-03
1.84600 2.888800e-03
1.84700 2.866334e-03
1.84800 2.956007e-03
1.84900 2.853578e-03
1.85000 2.914067e-03
1.85100 2.878320e-03
1.85200 2.948936e-03
1.85300 2.852218e-03
1.85400 2.935743e-03
1.85500 2.860646e-03
1.85600 2.983722e-03
1.85700 2.933185e-03
1.85800 2.901005e-03
1.85900 2.839415e-03
1.86000 2.944670e-03
1.86100 2.809196e-03
1.86200 2.951332e-03
1.86300 2.889714e-03
1.86400 2.902807e-03
1.86500 2.928508e-03
1.86600 2.842773e-03
1.86700 2.788568e-03
1.86800 2.948236e-03
1.86900 2.835746e-03
1.87000 2.899345e-03
1.87100 2.856915e-03
1.87200 2.891992e-03
1.87300 2.797383e-03
1.87400 2.798030e-03
1.87500 2.813507e-03
1.87600 2.880159e-03
1.87700 2.843530e-03
1.87800 2.849144e-03
1.87900 2.783484e-03
1.88000 2.900125e-03
1.88100 2.772200e-03
1.88200 2.789199e-03
1.88300 2.852382e-03
1.88400 2.870664e-03
1.88500 2.854749e-03
1.88600 2.919953e-03
1.88700 2.885722e-03
1.88800 2.809426e-03
1.88900 2.736218e-03
1.89000 2.841082e-03
1.89100 2.868984e-03
1.89200 2.819833e-03
1.89300 2.723882e-03
1.89400 2.831282e-03
1.89500 2.769736e-03
1.89600 2.765224e-03
1.89700 2.746302e-03
1.89800 2.809845e-03
1.89900 2.777983e-03
1.90000 2.770734e-03
1.90100 2.780296e-03
1.90200 2.752338e-03
1.90300 2.727038e-03
1.90400 2.831369e-03
1.90500 2.829502e-03
1.90600 2.813909e-03
1.90700 2.720942e-03
1.90800 2.736559e-03
1.90900 2.682255e-03
1.91000 2.828704e-03
1.91100 2.735641e-03
1.91200 2.757077e-03
1.91300 2.685544e-03
1.91400 2.734412e-03
1.91500 2.712341e-03
1.91600 2.713929e-03
1.91700 2.778085e-03
1.91800 2.722086e-03
1.91900 2.732344e-03
1.92000 2.765469e-03
1.92100 2.707104e-03
1.92200 2.719246e-03
1.92300 2.734676e-03
1.92400 2.715412e-03
1.92500 2.674161e-03
1.92600 2.729798e-03
1.92700 2.636082e-03
1.92800 2.818020e-03
1.92900 2.704900e-03
1.93000 2.679741e-03
1.93100 2.648703e-03
1.93200 2.701537e-03
1.93300 2.670845e-03
1.93400 2.662192e-03
1.93500 2.662268e-03
1.93600 2.661550e-03
1.93700 2.633867e-03
1.93800 2.687482e-03
1.93900 2.670756e-03
1.94000 2.733525e-03
1.94100 2.691086e-03
1.94200 2.670523e-03
1.94300 2.636532e-03
1.94400 2.693987e-03
1.94500 2.604746e-03
1.94600 2.705684e-03
1.94700 2.631415e-03
1.94800 2.704364e-03
1.94900 2.599063e-03
1.95000 2.678143e-03
1.95100 2.675053e-03
1.95200 2.617070e-03
1.95300 2.679658e-03
1.95400 2.647089e-03
1.95500 2.588619e-03
1.95600 2.592204e-03
1.95700 2.558258e-03
1.95800 2.690826e-03
1.95900 2.659898e-03
1.96000 2.614694e-03
1.96100 2.591921e-03
1.96200 2.639913e-03
1.96300 2.594709e-03
1.96400 2.593923e-03
1.96500 2.528065e-03
1.96600 2.608817e-03
1.96700 2.496081e-03
1.96800 2.607500e-03
1.96900 2.597098e-03
1.97000 2.608260e-03
1.97100 2.501246e-03
1.97200 2.566148e-03
1.97300 2.560316e-03
1.97400 2.597601e-03
1.97500 2.554869e-03
1.97600 2.569246e-03
1.97700 2.541948e-03
1.97800 2.544702e-03
1.97900 2.572127e-03
1.98000 2.644614e-03
1.98100 2.568565e-03
1.98200 2.551115e-03
1.98300 2.501971e-03
1.98400 2.539701e-03
1.98500 2.515476e-03
1.98600 2.602111e-03
1.98700 2.485097e-03
1.98800 2.541288e-03
1.98900 2.500239e-03
1.99000 2.616781e-03
1.99100 2.581668e-03
1.99200 2.570458e-03
1.99300 2.494070e-03
1.99400 2.538135e-03
1.99500 2.558243e-03
1.99600 2.503852e-03
1.99700 2.532425e-03
1.99800 2.522038e-03
1.99900 2.432651e-03
2.00000 2.539189e-03
2.00100 2.500449e-03
2.00200 2.546919e-03
2.00300 2.456620e-03
2.00400 2.507781e-03
2.00500 2.465430e-03
2.00600 2.482430e-03
2.00700 2.500275e-03
2.00800 2.507806e-03
2.00900 2.540541e-03
2.01000 2.538946e-03
2.01100 2.396062e-03
2.01200 2.472050e-03
2.01300 2.419448e-03
2.01400 2.480314e-03
2.01500 2.475887e-03
2.01600 2.520806e-03
2.01700 2.473910e-03
2.01800 2.526835e-03
2.01900 2.462490e-03
2.02000 2.491582e-03
2.02100 2.505741e-03
2.02200 2.450237e-03
2.02300 2.514725e-03
2.02400 2.411384e-03
2.02500 2.437503e-03
2.02600 2.437135e-03
2.02700 2.417671e-03
2.02800 2.507037e-03
2.02900 2.420909e-03
2.03000 2.455323e-03
2.03100 2.426364e-03
2.03200 2.467525e-03
2.03300 2.397955e-03
2.03400 2.448195e-03
2.03500 2.376184e-03
2.03600 2.423616e-03
2.03700 2.350908e-03
2.03800 2.415093e-03
2.03900 2.421410e-03
2.04000 2.434091e-03
2.04100 2.407624e-03
2.04200 2.404311e-03
2.04300 2.334954e-03
2.04400 2.467521e-03
2.04500 2.366942e-03
2.04600 2.386173e-03
2.04700 2.370059e-03
2.04800 2.408591e-03
2.04900 2.388069e-03
2.05000 2.439627e-03
2.05100 2.374110e-03
2.05200 2.484823e-03
2.05300 2.388828e-03
2.05400 2.365125e-03
2.05500 2.317640e-03
2.05600 2.359445e-03
2.05700 2.339076e-03
2.05800 2.349536e-03
2.05900 2.327870e-03
2.06000 2.351715e-03
2.06100 2.362863e-03
2.06200 2.387048e-03
2.06300 2.295510e-03
2.06400 2.394605e-03
2.06500 2.328910e-03
2.06600 2.376807e-03
2.06700 2.353982e-03
2.06800 2.382022e-03
2.06900 2.342255e-03
2.07000 2.363582e-03
2.07100 2.353578e-03
2.07200 2.363466e-03
2.07300 2.370142e-03
2.07400 2.400036e-03
2.07500 2.309092e-03
2.07600 2.366478e-03
2.07700 2.319604e-03
2.07800 2.348639e-03
2.07900 2.294909e-03
2.08000 2.353818e-03
2.08100 2.415388e-03
2.08200 2.301958e-03
2.08300 2.372240e-03
2.08400 2.347187e-03
2.08500 2.330581e-03
2.08600 2.280916e-03
2.08700 2.271270e-03
2.08800 2.341186e-03
2.08900 2.315515e-03
2.09000 2.295646e-03
2.09100 2.305040e-03
2.09200 2.299395e-03
2.09300 2.303582e-03
2.09400 2.307308e-03
2.09500 2.314323e-03
2.09600 2.326055e-03
2.09700 2.283739e-03
2.09800 2.334547e-03
2.09900 2.279180e-03
2.10000 2.296987e-03
2.10100 2.246358e-03
2.10200 2.322584e-03
2.10300 2.204878e-03
2.10400 2.258289e-03
2.10500 2.242709e-03
2.10600 2.297745e-03
2.10700 2.273054e-03
2.10800 2.301006e-03
2.10900 2.283679e-03
2.11000 2.292058e-03
2.11100 2.209599e-03
2.11200 2.260675e-03
2.11300 2.221708e-03
2.11400 2.278928e-03
2.11500 2.246906e-03
2.11600 2.250096e-03
2.11700 2.233481e-03
2.11800 2.209642e-03
2.11900 2.228765e-03
2.12000 2.264418e-03
2.12100 2.198857e-03
2.12200 2.246099e-03
2.12300 2.290625e-03
2.12400 2.264634e-03
2.12500 2.153347e-03
2.12600 2.256578e-03
2.12700 2.248497e-03
2.12800 2.266459e-03
2.12900 2.219725e-03
2.13000 2.244005e-03
2.13100 2.206381e-03
2.13200 2.257264e-03
2.13300 2.152215e-03
2.13400 2.166849e-03
2.13500 2.175652e-03
2.13600 2.249452e-03
2.13700 2.203488e-03
2.13800 2.258072e-03
2.13900 2.226540e-03
2.14000 2.191760e-03
2.14100 2.146842e-03
2.14200 2.157110e-03
2.14300 2.177419e-03
2.14400 2.195655e-03
2.14500 2.195070e-03
2.14600 2.201346e-03
2.14700 2.152605e-03
2.14800 2.222311e-03
2.14900 2.213678e-03
2.15000 2.174172e-03
2.15100 2.217606e-03
2.15200 2.204215e-03
2.15300 2.149615e-03
2.15400 2.189572e-03
2.15500 2.233143e-03
2.15600 2.142644e-03
2.15700 2.220201e-03
2.15800 2.117542e-03
2.15900 2.099648e-03
2.16000 2.175761e-03
2.16100 2.164108e-03
2.16200 2.173657e-03
2.16300 2.128508e-03
2.16400 2.163613e-03
2.16500 2.099562e-03
2.16600 2.158248e-03
2.16700 2.139174e-03
2.16800 2.125741e-03
2.16900 2.126758e-03
2.17000 2.094155e-03
2.17100 2.172199e-03
2.17200 2.158565e-03
2.17300 2.138443e-03
2.17400 2.194996e-03
2.17500 2.126728e-03
2.17600 2.191929e-03
2.17700 2.095633e-03
2.17800 2.139414e-03
2.17900 2.071904e-03
2.18000 2.139173e-03
2.18100 2.101564e-03
2.18200 2.137388e-03
2.18300 2.144067e-03
2.18400 2.116714e-03
2.18500 2.096274e-03
2.18600 2.144216e-03
2.18700 2.087363e-03
2.18800 2.104554e-03
2.18900 2.112510e-03
2.19000 2.088085e-03
2.19100 2.066401e-03
2.19200 2.071428e-03
2.19300 2.104925e-03
2.19400 2.182607e-03
2.19500 2.112712e-03
2.19600 2.110631e-03
2.19700 2.107519e-03
2.19800 2.060558e-03
2.19900 2.112207e-03
2.20000 2.107390e-03
2.20100 2.104356e-03
2.20200 2.127116e-03
2.20300 2.050720e-03
2.20400 2.132814e-03
2.20500 2.041309e-03
2.20600 2.107396e-03
2.20700 2.087352e-03
2.20800 2.103967e-03
2.20900 2.086509e-03
2.21000 2.075545e-03
2.21100 2.049017e-03
2.21200 2.081286e-03
2.21300 2.024093e-03
2.21400 2.031250e-03
2.21500 2.039371e-03
2.21600 2.044264e-03
2.21700 2.037367e-03
2.21800 2.062185e-03
2.21900 2.020968e-03
2.22000 2.046717e-03
2.22100 2.004228e-03
2.22200 2.094504e-03
2.22300 2.008444e-03
2.22400 2.080004e-03
2.22500 1.975063e-03
2.22600 2.039393e-03
2.22700 1.976315e-03
2.22800 2.019688e-03
2.22900 2.022217e-03
2.23000 2.032122e-03
2.23100 2.027305e-03
2.23200 2.055837e-03
2.23300 1.977849e-03
2.23400 2.015321e-03
2.23500 2.041956e-03
2.23600 1.965776e-03
2.23700 2.014874e-03
2.23800 2.032383e-03
2.23900 1.972314e-03
2.24000 1.995652e-03
2.24100 1.979928e-03
2.24200 2.011639e-03
2.24300 2.046409e-03
2.24400 1.996542e-03
2.24500 2.042541e-03
2.24600 2.015959e-03
2.24700 2.035752e-03
2.24800 2.002040e-03
2.24900 2.000606e-03
2.25000 2.043466e-03
2.25100 2.019595e-03
2.25200 1.968951e-03
2.25300 1.963880e-03
2.25400 2.017269e-03
2.25500 1.978683e-03
2.25600 2.042056e-03
2.25700 2.020661e-03
2.25800 1.977186e-03
2.25900 1.951675e-03
2.26000 2.002107e-03
2.26100 1.985168e-03
2.26200 1.974268e-03
2.26300 1.952201e-03
2.26400 1.995625e-03
2.26500 1.996968e-03
2.26600 1.992642e-03
2.26700 2.007621e-03
2.26800 1.975357e-03
2.26900 1.915874e-03
2.27000 1.984959e-03
2.27100 1.958157e-03
2.27200 1.935353e-03
2.27300 1.975281e-03
2.27400 1.962463e-03
2.27500 1.954257e-03
2.27600 2.013630e-03
2.27700 1.937495e-03
2.27800 2.006371e-03
2.27900 1.957822e-03
2.28000 1.969920e-03
2.28100 1.924031e-03
2.28200 1.932977e-03
2.28300 1.963169e-03
2.28400 1.961782e-03
2.28500 1.866560e-03
2.28600 1.926598e-03
2.28700 1.936889e-03
2.28800 1.928586e-03
2.28900 1.947029e-03
2.29000 1.948975e-03
2.29100 1.954086e-03
2.29200 1.953459e-03
2.29300 1.868594e-03
2.29400 1.980069e-03
2.29500 1.909375e-03
2.29600 1.964872e-03
2.29700 1.877262e-03
2.29800 1.865114e-03
2.29900 1.883836e-03
2.30000 1.935952e-03
2.30100 1.909752e-03
2.30200 1.903838e-03
2.30300 1.874589e-03
2.30400 1.930281e-03
2.30500 1.891226e-03
2.30600 1.922929e-03
2.30700 1.878790e-03
2.30800 1.920587e-03
2.30900 1.872322e-03
2.31000 1.889840e-03
2.31100 1.880984e-03
2.31200 1.901688e-03
2.31300 1.875149e-03
2.31400 1.912688e-03
2.31500 1.843624e-03
2.31600 1.881783e-03
2.31700 1.909067e-03
2.31800 1.839494e-03
2.31900 1.882794e-03
2.32000 1.923150e-03
2.32100 1.853130e-03
2.32200 1.888247e-03
2.32300 1.862307e-03
2.32400 1.881751e-03
2.32500 1.834281e-03
2.32600 1.870125e-03
2.32700 1.830102e-03
2.32800 1.873376e-03
2.32900 1.890101e-03
2.33000 1.836747e-03
2.33100 1.851062e-03
2.33200 1.866247e-03
2.33300 1.864492e-03
2.33400 1.879204e-03
2.33500 1.857901e-03
2.33600 1.888930e-03
2.33700 1.872465e-03
2.33800 1.906355e-03
2.33900 1.823752e-03
2.34000 1.855311e-03
2.34100 1.847780e-03
2.34200 1.866274e-03
2.34300 1.799818e-03
2.34400 1.869081e-03
2.34500 1.798999e-03
2.34600 1.851899e-03
2.34700 1.876012e-03
2.34800 1.847424e-03
2.34900 1.824724e-03
2.35000 1.790594e-03
2.35100 1.837738e-03
2.35200 1.821489e-03
2.35300 1.795711e-03
2.35400 1.810184e-03
2.35500 1.829575e-03
2.35600 1.812274e-03
2.35700 1.832535e-03
2.35800 1.822270e-03
2.35900 1.842556e-03
2.36000 1.798486e-03
2.36100 1.796352e-03
2.36200 1.808845e-03
2.36300 1.817932e-03
2.36400 1.822212e-03
2.36500 1.780358e-03
2.36600 1.814136e-03
2.36700 1.774670e-03
2.36800 1.821235e-03
2.36900 1.769569e-03
2.37000 1.833952e-03
2.37100 1.826374e-03
2.37200 1.816671e-03
2.37300 1.778804e-03
2.37400 1.796319e-03
2.37500 1.781844e-03
2.37600 1.854652e-03
2.37700 1.810053e-03
2.37800 1.825600e-03
2.37900 1.749454e-03
2.38000 1.788070e-03
2.38100 1.773216e-03
2.38200 1.799974e-03
2.38300 1.793293e-03
2.38400 1.795607e-03
2.38500 1.742575e-03
2.38600 1.821350e-03
2.38700 1.781129e-03
2.38800 1.792790e-03
2.38900 1.778739e-03
2.39000 1.777095e-03
2.39100 1.772561e-03
2.39200 1.744467e-03
2.39300 1.802275e-03
2.39400 1.797878e-03
2.39500 1.722858e-03
2.39600 1.776427e-03
2.39700 1.766685e-03
2.39800 1.777777e-03
2.39900 1.781061e-03
2.40000 1.813898e-03
2.40100 1.736437e-03
2.40200 1.750205e-03
2.40300 1.736607e-03
2.40400 1.752606e-03
2.40500 1.739080e-03
2.40600 1.786986e-03
2.40700 1.742691e-03
2.40800 1.782468e-03
2.40900 1.715312e-03
2.41000 1.771210e-03
2.41100 1.765104e-03
2.41200 1.790620e-03
2.41300 1.744443e-03
2.41400 1.749030e-03
2.41500 1.741343e-03
2.41600 1.738690e-03
2.41700 1.731840e-03
2.41800 1.721101e-03
2.41900 1.723278e-03
2.42000 1.726761e-03
2.42100 1.706590e-03
2.42200 1.738855e-03
2.42300 1.713921e-03
2.42400 1.735730e-03
2.42500 1.706160e-03
2.42600 1.728533e-03
2.42700 1.720146e-03
2.42800 1.697891e-03
2.42900 1.643394e-03
2.43000 1.712798e-03
2.43100 1.690863e-03
2.43200 1.742882e-03
2.43300 1.697958e-03
2.43400 1.725973e-03
2.43500 1.712226e-03
2.43600 1.676304e-03
2.43700 1.703693e-03
2.43800 1.691617e-03
2.43900 1.688676e-03
2.44000 1.734146e-03
2.44100 1.698465e-03
2.44200 1.671713e-03
2.44300 1.685740e-03
2.44400 1.692785e-03
2.44500 1.700318e-03
2.44600 1.663375e-03
2.44700 1.690061e-03
2.44800 1.730085e-03
2.44900 1.619828e-03
2.45000 1.689039e-03
2.45100 1.679259e-03
2.45200 1.709093e-03
2.45300 1.675793e-03
2.45400 1.724482e-03
2.45500 1.689406e-03
2.45600 1.657913e-03
2.45700 1.675748e-03
2.45800 1.693422e-03
2.45900 1.676729e-03
2.46000 1.669296e-03
2.46100 1.668447e-03
2.46200 1.670492e-03
2.46300 1.667494e-03
2.46400 1.702787e-03
2.46500 1.656182e-03
2.46600 1.659306e-03
2.46700 1.693069e-03
2.46800 1.651785e-03
2.46900 1.669307e-03
2.47000 1.640049e-03
2.47100 1.678706e-03
2.47200 1.701104e-03
2.47300 1.673033e-03
2.47400 1.667703e-03
2.47500 1.670135e-03
2.47600 1.683147e-03
2.47700 1.693295e-03
2.47800 1.656705e-03
2.47900 1.635233e-03
2.48000 1.639596e-03
2.48100 1.647908e-03
2.48200 1.635352e-03
2.48300 1.604009e-03
2.48400 1.654961e-03
2.48500 1.616963e-03
2.48600 1.672780e-03
2.48700 1.646316e-03
2.48800 1.626694e-03
2.48900 1.646512e-03
2.49000 1.629932e-03
2.49100 1.634890e-03
2.49200 1.631327e-03
2.49300 1.600802e-03
2.49400 1.612044e-03
2.49500 1.604281e-03
2.49600 1.627320e-03
2.49700 1.636972e-03
2.49800 1.627479e-03
2.49900 1.643610e-03
2.50000 1.643945e-03
2.50100 1.641053e-03
2.50200 1.588960e-03
2.50300 1.642716e-03
2.50400 1.648418e-03
2.50500 1.614677e-03
2.50600 1.624008e-03
2.50700 1.607516e-03
2.50800 1.613370e-03
2.50900 1.612571e-03
2.51000 1.632459e-03
2.51100 1.590180e-03
2.51200 1.660041e-03
2.51300 1.599346e-03
2.51400 1.623275e-03
2.51500 1.591988e-03
2.51600 1.609102e-03
2.51700 1.599400e-03
2.51800 1.623578e-03
2.51900 1.576639e-03
2.52000 1.628874e-03
2.52100 1.586942e-03
2.52200 1.622555e-03
2.52300 1.576446e-03
2.52400 1.609134e-03
2.52500 1.536011e-03
2.52600 1.605874e-03
2.52700 1.592292e-03
2.52800 1.581227e-03
2.52900 1.600322e-03
2.53000 1.575312e-03
2.53100 1.581612e-03
2.53200 1.565850e-03
2.53300 1.553694e-03
2.53400 1.599409e-03
2.53500 1.578659e-03
2.53600 1.569931e-03
2.53700 1.617932e-03
2.53800 1.532857e-03
2.53900 1.546635e-03
2.54000 1.553927e-03
2.54100 1.597897e-03
2.54200 1.585984e-03
2.54300 1.572648e-03
2.54400 1.579271e-03
2.54500 1.536027e-03
2.54600 1.579372e-03
2.54700 1.558541e-03
2.54800 1.573981e-03
2.54900 1.552234e-03
2.55000 1.556354e-03
2.55100 1.560933e-03
2.55200 1.564384e-03
2.55300 1.563560e-03
2.55400 1.594704e-03
2.55500 1.558577e-03
2.55600 1.540545e-03
2.55700 1.520861e-03
2.55800 1.523440e-03
2.55900 1.533041e-03
2.56000 1.548301e-03
2.56100 1.541563e-03
2.56200 1.561427e-03
2.56300 1.530258e-03
2.56400 1.549235e-03
2.56500 1.526982e-03
2.56600 1.518728e-03
2.56700 1.539069e-03
2.56800 1.570029e-03
2.56900 1.507316e-03
2.57000 1.557638e-03
2.57100 1.517551e-03
2.57200 1.535048e-03
2.57300 1.494465e-03
2.57400 1.577433e-03
2.57500 1.512554e-03
2.57600 1.548746e-03
2.57700 1.538569e-03
2.57800 1.511348e-03
2.57900 1.514775e-03
2.58000 1.545811e-03
2.58100 1.503297e-03
2.58200 1.567284e-03
2.58300 1.511843e-03
2.58400 1.475022e-03
2.58500 1.498550e-03
2.58600 1.544330e-03
2.58700 1.469066e-03
2.58800 1.506125e-03
2.58900 1.528094e-03
2.59000 1.544716e-03
2.59100 1.483643e-03
2.59200 1.536364e-03
2.59300 1.493301e-03
2.59400 1.523395e-03
2.59500 1.499628e-03
2.59600 1.526237e-03
2.59700 1.491177e-03
2.59800 1.536203e-03
2.59900 1.503878e-03
2.60000 1.526105e-03
2.60100 1.461629e-03
2.60200 1.488453e-03
2.60300 1.462755e-03
2.60400 1.483359e-03
2.60500 1.468356e-03
2.60600 1.537248e-03
2.60700 1.474269e-03
2.60800 1.501226e-03
2.60900 1.453969e-03
2.61000 1.513580e-03
2.61100 1.509029e-03
2.61200 1.492953e-03
2.61300 1.468872e-03
2.61400 1.483541e-03
2.61500 1.481988e-03
2.61600 1.464420e-03
2.61700 1.479893e-03
2.61800 1.502865e-03
2.61900 1.498460e-03
2.62000 1.460456e-03
2.62100 1.456936e-03
2.62200 1.470608e-03
2.62300 1.483170e-03
2.62400 1.484388e-03
2.62500 1.463593e-03
2.62600 1.456144e-03
2.62700 1.486472e-03
2.62800 1.482493e-03
2.62900 1.474201e-03
2.63000 1.478745e-03
2.63100 1.509224e-03
2.63200 1.480000e-03
2.63300 1.438820e-03
2.63400 1.481071e-03
2.63500 1.470711e-03
2.63600 1.484366e-03
2.63700 1.435765e-03
2.63800 1.467876e-03
2.63900 1.440070e-03
2.64000 1.485076e-03
2.64100 1.448529e-03
2.64200 1.475324e-03
2.64300 1.421819e-03
2.64400 1.460677e-03
2.64500 1.427934e-03
2.64600 1.482740e-03
2.64700 1.443142e-03
2.64800 1.482603e-03
2.64900 1.459588e-03
2.65000 1.449991e-03
2.65100 1.438147e-03
2.65200 1.431859e-03
2.65300 1.452974e-03
2.65400 1.422667e-03
2.65500 1.416536e-03
2.65600 1.422674e-03
2.65700 1.452143e-03
2.65800 1.403316e-03
2.65900 1.421119e-03
2.66000 1.456961e-03
2.66100 1.421493e-03
2.66200 1.431343e-03
2.66300 1.403008e-03
2.66400 1.434133e-03
2.66500 1.420726e-03
2.66600 1.444262e-03
2.66700 1.431467e-03
2.66800 1.441937e-03
2.66900 1.419752e-03
2.67000 1.446665e-03
2.67100 1.391178e-03
2.67200 1.455060e-03
2.67300 1.432384e-03
2.67400 1.448981e-03
2.67500 1.460658e-03
2.67600 1.416701e-03
2.67700 1.409644e-03
2.67800 1.419301e-03
2.67900 1.438331e-03
2.68000 1.430460e-03
2.68100 1.382159e-03
2.68200 1.407858e-03
2.68300 1.430045e-03
2.68400 1.401229e-03
2.68500 1.405703e-03
2.68600 1.386080e-03
2.68700 1.411581e-03
2.68800 1.420317e-03
2.68900 1.408009e-03
2.69000 1.397905e-03
2.69100 1.368428e-03
2.69200 1.393337e-03
2.69300 1.408042e-03
2.69400 1.410154e-03
2.69500 1.423257e-03
2.69600 1.432598e-03
2.69700 1.341132e-03
2.69800 1.381996e-03
2.69900 1.424957e-03
2.70000 1.369849e-03
2.70100 1.359233e-03
2.70200 1.386832e-03
2.70300 1.383790e-03
2.70400 1.400856e-03
2.70500 1.402119e-03
2.70600 1.390440e-03
2.70700 1.407152e-03
2.70800 1.361806e-03
2.70900 1.349295e-03
2.71000 1.381516e-03
2.71100 1.368424e-03
2.71200 1.373403e-03
2.71300 1.385068e-03
2.71400 1.373558e-03
2.71500 1.384917e-03
2.71600 1.375698e-03
2.71700 1.321683e-03
2.71800 1.373708e-03
2.71900 1.356440e-03
2.72000 1.356660e-03
2.72100 1.367077e-03
2.72200 1.373044e-03
2.72300 1.358224e-03
2.72400 1.399784e-03
2.72500 1.360875e-03
2.72600 1.358899e-03
2.72700 1.350024e-03
2.72800 1.359072e-03
2.72900 1.356669e-03
2.73000 1.380701e-03
2.73100 1.277826e-03
2.73200 1.364948e-03
2.73300 1.377088e-03
2.73400 1.382696e-03
2.73500 1.373870e-03
2.73600 1.372962e-03
2.73700 1.374245e-03
2.73800 1.392267e-03
2.73900 1.369823e-03
2.74000 1.349195e-03
2.74100 1.356142e-03
2.74200 1.351301e-03
2.74300 1.332934e-03
2.74400 1.327532e-03
2.74500 1.372416e-03
2.74600 1.363797e-03
2.74700 1.311201e-03
2.74800 1.348806e-03
2.74900 1.344006e-03
2.75000 1.329360e-03
2.75100 1.334366e-03
2.75200 1.326960e-03
2.75300 1.352675e-03
2.75400 1.330930e-03
2.75500 1.375703e-03
2.75600 1.380101e-03
2.75700 1.327359e-03
2.75800 1.353039e-03
2.75900 1.330819e-03
2.76000 1.317182e-03
2.76100 1.300960e-03
2.76200 1.305116e-03
2.76300 1.341942e-03
2.76400 1.376917e-03
2.76500 1.322090e-03
2.76600 1.325664e-03
2.76700 1.316750e-03
2.76800 1.332066e-03
2.76900 1.333865e-03
2.77000 1.349696e-03
2.77100 1.301908e-03
2.77200 1.368330e-03
2.77300 1.328419e-03
2.77400 1.297246e-03
2.77500 1.322084e-03
2.77600 1.302571e-03
2.77700 1.321827e-03
2.77800 1.337879e-03
2.77900 1.283388e-03
2.78000 1.312843e-03
2.78100 1.318411e-03
2.78200 1.320177e-03
2.78300 1.286559e-03
2.78400 1.320154e-03
2.78500 1.298889e-03
2.78600 1.316174e-03
2.78700 1.264747e-03
2.78800 1.287978e-03
2.78900 1.303578e-03
2.79000 1.317538e-03
2.79100 1.298821e-03
2.79200 1.286320e-03
2.79300 1.330982e-03
2.79400 1.273743e-03
2.79500 1.326116e-03
2.79600 1.317583e-03
2.79700 1.319703e-03
2.79800 1.284806e-03
2.79900 1.268703e-03
2.80000 1.329275e-03
2.80100 1.322243e-03
2.80200 1.293203e-03
2.80300 1.270627e-03
2.80400 1.267735e-03
2.80500 1.270186e-03
2.80600 1.338731e-03
2.80700 1.293852e-03
2.80800 1.300750e-03
2.80900 1.283587e-03
2.81000 1.293923e-03
2.81100 1.267231e-03
2.81200 1.304088e-03
2.81300 1.277022e-03
2.81400 1.311608e-03
2.81500 1.288027e-03
2.81600 1.302882e-03
2.81700 1.268820e-03
2.81800 1.314358e-03
2.81900 1.267825e-03
2.82000 1.297348e-03
2.82100 1.287009e-03
2.82200 1.301958e-03
2.82300 1.265961e-03
2.82400 1.264305e-03
2.82500 1.281852e-03
2.82600 1.288861e-03
2.82700 1.241418e-03
2.82800 1.259999e-03
2.82900 1.269665e-03
2.83000 1.272189e-03
2.83100 1.255701e-03
2.83200 1.258886e-03
2.83300 1.262277e-03
2.83400 1.280697e-03
2.83500 1.271813e-03
2.83600 1.291112e-03
2.83700 1.264583e-03
2.83800 1.237845e-03
2.83900 1.247364e-03
2.84000 1.250296e-03
2.84100 1.244733e-03
2.84200 1.288701e-03
2.84300 1.200253e-03
2.84400 1.241199e-03
2.84500 1.242865e-03
2.84600 1.273548e-03
2.84700 1.273221e-03
2.84800 1.255049e-03
2.84900 1.224771e-03
2.85000 1.277912e-03
2.85100 1.251456e-03
2.85200 1.264240e-03
2.85300 1.250899e-03
2.85400 1.269049e-03
2.85500 1.242680e-03
2.85600 1.255414e-03
2.85700 1.240353e-03
2.85800 1.258736e-03
2.85900 1.224488e-03
2.86000 1.279402e-03
2.86100 1.227301e-03
2.86200 1.217847e-03
2.86300 1.239159e-03
2.86400 1.238291e-03
2.86500 1.254518e-03
2.86600 1.277849e-03
2.86700 1.243977e-03
2.86800 1.251826e-03
2.86900 1.238390e-03
2.87000 1.251723e-03
2.87100 1.219177e-03
2.87200 1.225004e-03
2.87300 1.246686e-03
2.87400 1.233830e-03
2.87500 1.215324e-03
2.87600 1.258289e-03
2.87700 1.223702e-03
2.87800 1.244215e-03
2.87900 1.227702e-03
2.88000 1.237011e-03
2.88100 1.239911e-03
2.88200 1.248557e-03
2.88300 1.200089e-03
2.88400 1.219595e-03
2.88500 1.248275e-03
2.88600 1.233738e-03
2.88700 1.221195e-03
2.88800 1.222948e-03
2.88900 1.221203e-03
2.89000 1.238105e-03
2.89100 1.215829e-03
2.89200 1.218087e-03
2.89300 1.199152e-03
2.89400 1.231118e-03
2.89500 1.216682e-03
2.89600 1.200612e-03
2.89700 1.186444e-03
2.89800 1.236615e-03
2.89900 1.197839e-03
2.90000 1.227872e-03
2.90100 1.204826e-03
2.90200 1.239733e-03
2.90300 1.179543e-03
2.90400 1.172432e-03
2.90500 1.173695e-03
2.90600 1.219446e-03
2.90700 1.197519e-03
2.90800 1.201813e-03
2.90900 1.212889e-03
2.91000 1.195348e-03
2.91100 1.192910e-03
2.91200 1.204693e-03
2.91300 1.178839e-03
2.91400 1.202050e-03
2.91500 1.190732e-03
2.91600 1.229427e-03
2.91700 1.204115e-03
2.91800 1.220357e-03
2.91900 1.189900e-03
2.92000 1.189161e-03
2.92100 1.186759e-03
2.92200 1.217830e-03
2.92300 1.179462e-03
2.92400 1.199763e-03
2.92500 1.203205e-03
2.92600 1.183266e-03
2.92700 1.182930e-03
2.92800 1.170043e-03
2.92900 1.155681e-03
2.93000 1.194555e-03
2.93100 1.173928e-03
2.93200 1.166773e-03
2.93300 1.190868e-03
2.93400 1.198986e-03
2.93500 1.176579e-03
2.93600 1.184023e-03
2.93700 1.180382e-03
2.93800 1.206027e-03
2.93900 1.188481e-03
2.94000 1.164338e-03
2.94100 1.193731e-03
2.94200 1.189899e-03
2.94300 1.172385e-03
2.94400 1.175557e-03
2.94500 1.175185e-03
2.94600 1.193610e-03
2.94700 1.168707e-03
2.94800 1.194597e-03
2.94900 1.171757e-03
2.95000 1.184869e-03
2.95100 1.133995e-03
2.95200 1.194951e-03
2.95300 1.170288e-03
2.95400 1.187585e-03
2.95500 1.182055e-03
2.95600 1.162135e-03
2.95700 1.143870e-03
2.95800 1.178565e-03
2.95900 1.188007e-03
2.96000 1.185023e-03
2.96100 1.128607e-03
2.96200 1.175797e-03
2.96300 1.154567e-03
2.96400 1.140784e-03
2.96500 1.127902e-03
2.96600 1.154838e-03
2.96700 1.136857e-03
2.96800 1.165081e-03
2.96900 1.145016e-03
2.97000 1.125567e-03
2.97100 1.152847e-03
2.97200 1.136734e-03
2.97300 1.151619e-03
2.97400 1.188318e-03
2.97500 1.144962e-03
2.97600 1.134698e-03
2.97700 1.179161e-03
2.97800 1.163524e-03
2.97900 1.139454e-03
2.98000 1.163249e-03
2.98100 1.181135e-03
2.98200 1.132385e-03
2.98300 1.119109e-03
2.98400 1.143392e-03
2.98500 1.148893e-03
2.98600 1.137353e-03
2.98700 1.146897e-03
2.98800 1.162832e-03
2.98900 1.153780e-03
2.99000 1.131695e-03
2.99100 1.116672e-03
2.99200 1.136290e-03
2.99300 1.140661e-03
2.99400 1.154892e-03
2.99500 1.120069e-03
2.99600 1.125387e-03
2.99700 1.125590e-03
2.99800 1.136548e-03
2.99900 1.132569e-03
3.00000 1.168732e-03
3.00100 1.129694e-03
3.00200 1.103760e-03
3.00300 1.111688e-03
3.00400 1.127857e-03
3.00500 1.108811e-03
3.00600 1.111066e-03
3.00700 1.092107e-03
3.00800 1.130958e-03
3.00900 1.124624e-03
3.01000 1.095830e-03
3.01100 1.115958e-03
3.01200 1.105670e-03
3.01300 1.118152e-03
3.01400 1.128020e-03
3.01500 1.118243e-03
3.01600 1.106743e-03
3.01700 1.102222e-03
3.01800 1.129455e-03
3.01900 1.109204e-03
3.02000 1.119162e-03
3.02100 1.108193e-03
3.02200 1.146757e-03
3.02300 1.103584e-03
3.02400 1.136282e-03
3.02500 1.106381e-03
3.02600 1.126577e-03
3.02700 1.090134e-03
3.02800 1.146992e-03
3.02900 1.079587e-03
3.03000 1.116610e-03
3.03100 1.110294e-03
3.03200 1.119928e-03
3.03300 1.087035e-03
3.03400 1.100481e-03
3.03500 1.107759e-03
3.03600 1.129058e-03
3.03700 1.114840e-03
3.03800 1.106481e-03
3.03900 1.081133e-03
3.04000 1.128050e-03
3.04100 1.097995e-03
3.04200 1.141534e-03
3.04300 1.054245e-03
3.04400 1.089808e-03
3.04500 1.071938e-03
3.04600 1.085455e-03
3.04700 1.110340e-03
3.04800 1.089767e-03
3.04900 1.090885e-03
3.05000 1.096924e-03
3.05100 1.100021e-03
3.05200 1.107482e-03
3.05300 1.090377e-03
3.05400 1.105603e-03
3.05500 1.080272e-03
3.05600 1.103370e-03
3.05700 1.097109e-03
3.05800 1.107719e-03
3.05900 1.096676e-03
3.06000 1.106409e-03
3.06100 1.085032e-03
3.06200 1.130018e-03
3.06300 1.084813e-03
3.06400 1.119113e-03
3.06500 1.069388e-03
3.06600 1.090149e-03
3.06700 1.078660e-03
3.06800 1.090752e-03
3.06900 1.047774e-03
3.07000 1.114367e-03
3.07100 1.090393e-03
3.07200 1.090524e-03
3.07300 1.096310e-03
3.07400 1.086199e-03
3.07500 1.056200e-03
3.07600 1.072508e-03
3.07700 1.067429e-03
3.07800 1.069094e-03
3.07900 1.078088e-03
3.08000 1.088856e-03
3.08100 1.049091e-03
3.08200 1.061079e-03
3.08300 1.083451e-03
3.08400 1.074871e-03
3.08500 1.067513e-03
3.08600 1.078574e-03
3.08700 1.054938e-03
3.08800 1.061780e-03
3.08900 1.069950e-03
3.09000 1.094504e-03
3.09100 1.050780e-03
3.09200 1.063984e-03
3.09300 1.049766e-03
3.09400 1.080816e-03
3.09500 1.050965e-03
3.09600 1.074123e-03
3.09700 1.046973e-03
3.09800 1.061610e-03
3.09900 1.028897e-03
3.10000 1.046258e-03
3.10100 1.068557e-03
3.10200 1.068678e-03
3.10300 1.061780e-03
3.10400 1.070669e-03
3.10500 1.045604e-03
3.10600 1.073775e-03
3.10700 1.049021e-03
3.10800 1.062110e-03
3.10900 1.061823e-03
3.11000 1.076606e-03
3.11100 1.040182e-03
3.11200 1.056739e-03
3.11300 1.038253e-03
3.11400 1.037497e-03
3.11500 1.037205e-03
3.11600 1.062803e-03
3.11700 1.039583e-03
3.11800 1.073496e-03
3.11900 1.021598e-03
3.12000 1.057728e-03
3.12100 1.066026e-03
3.12200 1.036197e-03
3.12300 1.051830e-03
3.12400 1.065198e-03
3.12500 1.011875e-03
3.12600 1.064520e-03
3.12700 1.052432e-03
3.12800 1.056441e-03
3.12900 1.037114e-03
3.13000 1.047933e-03
3.13100 1.025145e-03
3.13200 1.063028e-03
3.13300 1.022804e-03
3.13400 1.060443e-03
3.13500 1.058375e-03
3.13600 1.041790e-03
3.13700 1.056394e-03
3.13800 1.063078e-03
3.13900 1.027272e-03
3.14000 1.013271e-03
3.14100 1.027680e-03
3.14200 1.032528e-03
3.14300 1.027220e-03
3.14400 1.055790e-03
3.14500 1.051441e-03
3.14600 1.058606e-03
3.14700 1.029589e-03
3.14800 1.034655e-03
3.14900 1.040824e-03
3.15000 1.022023e-03
3.15100 1.004058e-03
3.15200 1.031521e-03
3.15300 1.024124e-03
3.15400 1.028457e-03
3.15500 1.007307e-03
3.15600 1.053291e-03
3.15700 9.967856e-04
3.15800 1.016467e-03
3.15900 9.904545e-04
3.16000 1.060368e-03
3.16100 1.014869e-03
3.16200 1.031090e-03
3.16300 1.024704e-03
3.16400 1.035462e-03
3.16500 1.008758e-03
3.16600 1.038627e-03
3.16700 1.000343e-03
3.16800 1.013624e-03
3.16900 1.002043e-03
3.17000 1.025778e-03
3.17100 1.014645e-03
3.17200 1.015622e-03
3.17300 9.987167e-04
3.17400 1.045773e-03
3.17500 1.012743e-03
3.17600 1.020830e-03
3.17700 1.011138e-03
3.17800 1.028721e-03
3.17900 1.010591e-03
3.18000 1.015687e-03
3.18100 9.982544e-04
3.18200 1.020592e-03
3.18300 1.019295e-03
3.18400 1.012115e-03
3.18500 9.956982e-04
3.18600 9.980635e-04
3.18700 1.006447e-03
3.18800 9.989492e-04
3.18900 9.969548e-04
3.19000 9.883874e-04
3.19100 1.029290e-03
3.19200 1.022739e-03
3.19300 9.950325e-04
3.19400 1.013288e-03
3.19500 1.010253e-03
3.19600 1.028468e-03
3.19700 9.967780e-04
3.19800 9.792082e-04
3.19900 1.009608e-03
3.20000 1.025261e-03
3.20100 1.000527e-03
3.20200 9.895707e-04
3.20300 1.015149e-03
3.20400 1.001903e-03
3.20500 9.839964e-04
3.20600 1.005119e-03
3.20700 1.014522e-03
3.20800 9.895003e-04
3.20900 9.752839e-04
3.21000 9.819665e-04
3.21100 9.952563e-04
3.21200 1.015305e-03
3.21300 9.941572e-04
3.21400 1.002664e-03
3.21500 9.944766e-04
3.21600 9.901084e-04
3.21700 9.926720e-04
3.21800 9.780810e-04
3.21900 9.437208e-04
3.22000 1.008123e-03
3.22100 9.473527e-04
3.22200 9.869286e-04
3.22300 9.943983e-04
3.22400 9.891273e-04
3.22500 9.675992e-04
3.22600 9.750630e-04
3.22700 9.955014e-04
3.22800 1.005815e-03
3.22900 9.758608e-04
3.23000 9.912269e-04
3.23100 9.661633e-04
3.23200 9.889677e-04
3.23300 9.931718e-04
3.23400 9.876481e-04
3.23500 9.679570e-04
3.23600 9.651520e-04
3.23700 9.845551e-04
3.23800 9.743970e-04
3.23900 9.688647e-04
3.24000 9.791952e-04
3.24100 9.433851e-04
3.24200 9.980669e-04
3.24300 9.619229e-04
3.24400 9.764746e-04
3.24500 9.581250e-04
3.24600 9.716719e-04
3.24700 9.558816e-04
3.24800 1.004123e-03
3.24900 9.729939e-04
3.25000 9.738253e-04
3.25100 9.634125e-04
3.25200 9.572998e-04
3.25300 9.419921e-04
3.25400 9.584696e-04
3.25500 9.700149e-04
3.25600 9.774212e-04
3.25700 9.387791e-04
3.25800 9.790646e-04
3.25900 9.589552e-04
3.26000 9.784280e-04
3.26100 9.428477e-04
3.26200 9.510043e-04
3.26300 9.450625e-04
3.26400 9.666263e-04
3.26500 9.593835e-04
3.26600 9.568332e-04
3.26700 9.368769e-04
3.26800 9.520143e-04
3.26900 9.581669e-04
3.27000 9.689639e-04
3.27100 9.515200e-04
3.27200 9.594515e-04
3.27300 9.501412e-04
3.27400 9.656161e-04
3.27500 9.386712e-04
3.27600 9.521920e-04
3.27700 9.632639e-04
3.27800 9.418130e-04
3.27900 9.184607e-04
3.28000 9.627626e-04
3.28100 9.580799e-04
3.28200 9.460242e-04
3.28300 9.517922e-04
3.28400 9.371631e-04
3.28500 9.511061e-04
3.28600 9.272710e-04
3.28700 9.404340e-04
3.28800 9.618776e-04
3.28900 9.471172e-04
3.29000 9.627867e-04
3.29100 9.197857e-04
3.29200 9.424836e-04
3.29300 9.176835e-04
3.29400 9.720565e-04
3.29500 9.335060e-04
3.29600 9.269639e-04
3.29700 9.572573e-04
3.29800 9.500890e-04
3.29900 8.953201e-04
3.30000 9.583670e-04
3.30100 9.395866e-04
3.30200 9.365993e-04
3.30300 9.246854e-04
3.30400 9.191147e-04
3.30500 9.421655e-04
3.30600 9.242164e-04
3.30700 9.156742e-04
3.30800 9.291623e-04
3.30900 9.405748e-04
3.31000 9.633245e-04
3.31100 9.187344e-04
3.31200 9.424457e-04
3.31300 9.234324e-04
3.31400 9.336115e-04
3.31500 9.265268e-04
3.31600 9.393539e-04
3.31700 9.057465e-04
3.31800 9.452527e-04
3.31900 9.402034e-04
3.32000 9.353055e-04
3.32100 9.230695e-04
3.32200 9.204987e-04
3.32300 9.184243e-04
3.32400 9.490351e-04
3.32500 9.413232e-04
3.32600 9.200331e-04
3.32700 9.534633e-04
3.32800 9.287007e-04
3.32900 9.184481e-04
3.33000 9.115817e-04
3.33100 9.260693e-04
3.33200 9.181859e-04
3.33300 9.052865e-04
3.33400 9.415518e-04
3.33500 9.189032e-04
3.33600 9.214597e-04
3.33700 9.246544e-04
3.33800 9.454619e-04
3.33900 9.265570e-04
3.34000 9.410524e-04
3.34100 9.097573e-04
3.34200 9.454927e-04
3.34300 9.081316e-04
3.34400 9.099998e-04
3.34500 9.042751e-04
3.34600 9.203777e-04
3.34700 9.096938e-04
3.34800 9.279648e-04
3.34900 9.056389e-04
3.35000 9.171718e-04
3.35100 9.102551e-04
3.35200 9.165505e-04
3.35300 8.926601e-04
3.35400 9.368208e-04
3.35500 8.919018e-04
3.35600 9.324523e-04
3.35700 8.929660e-04
3.35800 9.228012e-04
3.35900 9.120387e-04
3.36000 9.293088e-04
3.36100 9.283914e-04
3.36200 9.075227e-04
3.36300 9.001716e-04
3.36400 9.305923e-04
3.36500 9.151257e-04
3.36600 9.038506e-04
3.36700 8.971379e-04
3.36800 9.052300e-04
3.36900 8.989703e-04
3.37000 8.990481e-04
3.37100 8.938396e-04
3.37200 9.137206e-04
3.37300 8.854292e-04
3.37400 9.102655e-04
3.37500 8.804055e-04
3.37600 9.131260e-04
3.37700 8.807880e-04
3.37800 9.078024e-04
3.37900 8.954889e-04
3.38000 9.348518e-04
3.38100 9.009696e-04
3.38200 8.945693e-04
3.38300 8.807913e-04
3.38400 9.050372e-04
3.38500 8.823031e-04
3.38600 8.938107e-04
3.38700 8.777962e-04
3.38800 8.986093e-04
3.38900 8.821669e-04
3.39000 8.874584e-04
3.39100 8.755950e-04
3.39200 8.613605e-04
3.39300 8.755392e-04
3.39400 8.995261e-04
3.39500 8.508212e-04
3.39600 9.075250e-04
3.39700 9.075191e-04
3.39800 8.828131e-04
3.39900 8.779255e-04
3.40000 8.844009e-04
3.40100 8.979035e-04
3.40200 8.795588e-04
3.40300 8.813580e-04
3.40400 9.192374e-04
3.40500 8.688122e-04
3.40600 8.854490e-04
3.40700 8.828710e-04
3.40800 8.960000e-04
3.40900 8.751994e-04
3.41000 8.959942e-04
3.41100 8.833307e-04
3.41200 8.902197e-04
3.41300 8.600806e-04
3.41400 8.849401e-04
3.41500 8.802248e-04
3.41600 8.877654e-04
3.41700 8.815672e-04
3.41800 8.780218e-04
3.41900 8.874798e-04
3.42000 8.857575e-04
3.42100 8.606917e-04
3.42200 8.777648e-04
3.42300 8.549366e-04
3.42400 8.914318e-04
3.42500 8.583924e-04
3.42600 8.775068e-04
3.42700 8.711504e-04
3.42800 8.787112e-04
3.42900 8.541450e-04
3.43000 8.606304e-04
3.43100 8.776257e-04
3.43200 8.622386e-04
3.43300 8.485241e-04
3.43400 8.629250e-04
3.43500 8.549303e-04
3.43600 8.834425e-04
3.43700 8.629135e-04
3.43800 8.645625e-04
3.43900 8.632502e-04
3.44000 8.498786e-04
3.44100 8.533564e-04
3.44200 8.626698e-04
3.44300 8.565440e-04
3.44400 8.663495e-04
3.44500 8.464134e-04
3.44600 8.763893e-04
3.44700 8.695609e-04
3.44800 8.555886e-04
3.44900 8.400870e-04
3.45000 8.558838e-04
3.45100 8.546190e-04
3.45200 8.613538e-04
3.45300 8.630551e-04
3.45400 8.445295e-04
3.45500 8.372437e-04
3.45600 8.635216e-04
3.45700 8.567686e-04
3.45800 8.626892e-04
3.45900 8.432342e-04
3.46000 8.428383e-04
3.46100 8.429079e-04
3.46200 8.530402e-04
3.46300 8.652622e-04
3.46400 8.614435e-04
3.46500 8.377478e-04
3.46600 8.465860e-04
3.46700 8.521432e-04
3.46800 8.678044e-04
3.46900 8.291232e-04
3.47000 8.654337e-04
3.47100 8.423577e-04
3.47200 8.485778e-04
3.47300 8.527649e-04
3.47400 8.247601e-04
3.47500 8.481576e-04
3.47600 8.408276e-04
3.47700 8.532619e-04
3.47800 8.419620e-04
3.47900 8.327024e-04
3.48000 8.475513e-04
3.48100 8.491072e-04
3.48200 8.437132e-04
3.48300 8.309674e-04
3.48400 8.396946e-04
3.48500 8.509713e-04
3.48600 8.571366e-04
3.48700 8.243825e-04
3.48800 8.429792e-04
3.48900 8.552356e-04
3.49000 8.538494e-04
3.49100 8.540626e-04
3.49200 8.369439e-04
3.49300 8.260841e-04
3.49400 8.387439e-04
3.49500 8.261480e-04
3.49600 8.523203e-04
3.49700 8.504270e-04
3.49800 8.403574e-04
3.49900 8.161584e-04
3.50000 8.254945e-04
3.50100 8.386242e-04
3.50200 8.540708e-04
3.50300 8.361824e-04
3.50400 8.293852e-04
3.50500 8.263883e-04
3.50600 8.552425e-04
3.50700 8.317005e-04
3.50800 8.350241e-04
3.50900 8.346371e-04
3.51000 8.165595e-04
3.51100 8.175334e-04
3.51200 8.315911e-04
3.51300 8.143447e-04
3.51400 8.333384e-04
3.51500 8.269816e-04
3.51600 8.379459e-04
3.51700 8.059169e-04
3.51800 8.532131e-04
3.51900 8.312150e-04
3.52000 8.381054e-04
3.52100 8.256185e-04
3.52200 8.233433e-04
3.52300 8.308449e-04
3.52400 8.292235e-04
3.52500 8.413760e-04
3.52600 7.873186e-04
3.52700 8.129003e-04
3.52800 8.470325e-04
3.52900 8.365405e-04
3.53000 8.161173e-04
3.53100 8.175680e-04
3.53200 7.793642e-04
3.53300 8.235872e-04
3.53400 8.244865e-04
3.53500 8.184983e-04
3.53600 8.411864e-04
3.53700 8.331572e-04
3.53800 8.606165e-04
3.53900 8.155011e-04
3.54000 8.260281e-04
3.54100 8.160025e-04
3.54200 8.115349e-04
3.54300 8.048753e-04
3.54400 8.287245e-04
3.54500 8.032587e-04
3.54600 8.103082e-04
3.54700 8.153707e-04
3.54800 8.255869e-04
3.54900 7.938482e-04
3.55000 8.160366e-04
3.55100 8.098581e-04
3.55200 8.297715e-04
3.55300 8.022963e-04
3.55400 8.011883e-04
3.55500 8.055011e-04
3.55600 8.211596e-04
3.55700 8.308490e-04
3.55800 8.338295e-04
3.55900 8.107765e-04
3.56000 8.059148e-04
3.56100 7.936789e-04
3.56200 8.101920e-04
3.56300 8.162354e-04
3.56400 8.076810e-04
3.56500 8.066202e-04
3.56600 8.116213e-04
3.56700 7.848223e-04
3.56800 8.245716e-04
3.56900 7.969004e-04
3.57000 8.318051e-04
3.57100 8.191171e-04
3.57200 8.129408e-04
3.57300 7.892325e-04
3.57400 8.106964e-04
3.57500 8.177661e-04
3.57600 7.819169e-04
3.57700 8.116038e-04
3.57800 8.021584e-04
3.57900 7.922390e-04
3.58000 7.793022e-04
3.58100 8.017454e-04
3.58200 8.140485e-04
3.58300 7.786379e-04
3.58400 8.157346e-04
3.58500 7.787566e-04
3.58600 8.003157e-04
3.58700 7.813186e-04
3.58800 8.067373e-04
3.58900 7.719108e-04
3.59000 7.949233e-04
3.59100 7.908578e-04
3.59200 8.047767e-04
3.59300 7.895361e-04
3.59400 7.822440e-04
3.59500 7.961626e-04
3.59600 7.690439e-04
3.59700 8.057764e-04
3.59800 8.025631e-04
3.59900 7.905886e-04
3.60000 8.066170e-04
3.60100 7.729140e-04
3.60200 7.922707e-04
3.60300 7.669902e-04
3.60400 8.225383e-04
3.60500 7.825173e-04
3.60600 8.139801e-04
3.60700 7.815826e-04
3.60800 8.020644e-04
3.60900 7.742594e-04
3.61000 7.821517e-04
3.61100 7.856184e-04
3.61200 7.754595e-04
3.61300 7.698137e-04
3.61400 7.902842e-04
3.61500 7.808816e-04
3.61600 7.764394e-04
3.61700 7.871935e-04
3.61800 7.930055e-04
3.61900 7.782153e-04
3.62000 7.946747e-04
3.62100 7.804872e-04
3.62200 8.045555e-04
3.62300 7.654156e-04
3.62400 7.709010e-04
3.62500 7.897767e-04
3.62600 7.647805e-04
3.62700 7.633471e-04
3.62800 7.935340e-04
3.62900 7.734030e-04
3.63000 7.772645e-04
3.63100 7.739321e-04
3.63200 7.913283e-04
3.63300 7.605343e-04
3.63400 7.808273e-04
3.63500 7.671837e-04
3.63600 7.704664e-04
3.63700 7.749733e-04
3.63800 7.836716e-04
3.63900 7.670365e-04
3.64000 7.900357e-04
3.64100 7.794982e-04
3.64200 7.748225e-04
3.64300 7.849890e-04
3.64400 7.825506e-04
3.64500 7.820364e-04
3.64600 7.622431e-04
3.64700 7.755156e-04
3.64800 7.687739e-04
3.64900 7.616581e-04
3.65000 7.546211e-04
3.65100 7.714462e-04
3.65200 7.911000e-04
3.65300 7.649937e-04
3.65400 7.664889e-04
3.65500 7.718284e-04
3.65600 7.647905e-04
3.65700 7.497691e-04
3.65800 7.691844e-04
3.65900 7.752629e-04
3.66000 7.744869e-04
3.66100 7.685242e-04
3.66200 7.602361e-04
3.66300 7.480285e-04
3.66400 7.763597e-04
3.66500 7.543936e-04
3.66600 7.702015e-04
3.66700 7.559688e-04
3.66800 7.495786e-04
3.66900 7.547359e-04
3.67000 7.682683e-04
3.67100 7.496890e-04
3.67200 7.786720e-04
3.67300 7.405072e-04
3.67400 7.618706e-04
3.67500 7.432012e-04
3.67600 7.640208e-04
3.67700 7.724471e-04
3.67800 7.585055e-04
3.67900 7.438070e-04
3.68000 7.691212e-04
3.68100 7.544518e-04
3.68200 7.710381e-04
3.68300 7.481866e-04
3.68400 7.626618e-04
3.68500 7.567576e-04
3.68600 7.648412e-04
3.68700 7.680292e-04
3.68800 7.575510e-04
3.68900 7.393646e-04
3.69000 7.531738e-04
3.69100 7.449418e-04
3.69200 7.509387e-04
3.69300 7.426994e-04
3.69400 7.573295e-04
3.69500 7.568349e-04
3.69600 7.621313e-04
3.69700 7.604796e-04
3.69800 7.695365e-04
3.69900 7.311361e-04
3.70000 7.524741e-04
3.70100 7.332396e-04
3.70200 7.570950e-04
3.70300 7.471833e-04
3.70400 7.624309e-04
3.70500 7.509262e-04
3.70600 7.553261e-04
3.70700 7.506580e-04
3.70800 7.759179e-04
3.70900 7.224256e-04
3.71000 7.539718e-04
3.71100 7.418288e-04
3.71200 7.313546e-04
3.71300 7.453651e-04
3.71400 7.553208e-04
3.71500 7.330488e-04
3.71600 7.425544e-04
3.71700 7.468794e-04
3.71800 7.388277e-04
3.71900 7.333424e-04
3.72000 7.375813e-04
3.72100 7.182632e-04
3.72200 7.403052e-04
3.72300 7.308651e-04
3.72400 7.225820e-04
3.72500 7.549185e-04
3.72600 7.431208e-04
3.72700 7.364485e-04
3.72800 7.447319e-04
3.72900 7.441675e-04
3.73000 7.431811e-04
3.73100 7.389775e-04
3.73200 7.225525e-04
3.73300 7.353930e-04
3.73400 7.513293e-04
3.73500 7.294904e-04
3.73600 7.342757e-04
3.73700 7.126248e-04
3.73800 7.389463e-04
3.73900 7.300218e-04
3.74000 7.365201e-04
3.74100 7.302072e-04
3.74200 7.279128e-04
3.74300 7.185987e-04
3.74400 7.433616e-04
3.74500 7.241611e-04
3.74600 7.471122e-04
3.74700 7.253928e-04
3.74800 7.241150e-04
3.74900 7.290703e-04
3.75000 7.202172e-04
3.75100 7.152993e-04
3.75200 7.184110e-04
3.75300 7.192697e-04
3.75400 7.408605e-04
3.75500 7.365983e-04
3.75600 7.324046e-04
3.75700 7.124977e-04
3.75800 7.272968e-04
3.75900 7.398380e-04
3.76000 7.289303e-04
3.76100 7.175252e-04
3.76200 7.379083e-04
3.76300 7.234814e-04
3.76400 7.286359e-04
3.76500 7.035077e-04
3.76600 7.227361e-04
3.76700 7.220488e-04
3.76800 7.230137e-04
3.76900 7.112216e-04
3.77000 7.193039e-04
3.77100 7.109792e-04
3.77200 7.410451e-04
3.77300 7.117047e-04
3.77400 7.274676e-04
3.77500 7.243541e-04
3.77600 6.909820e-04
3.77700 7.097483e-04
3.77800 7.242234e-04
3.77900 7.149757e-04
3.78000 7.094693e-04
3.78100 7.168816e-04
3.78200 7.135160e-04
3.78300 6.993811e-04
3.78400 7.338464e-04
3.78500 7.156853e-04
3.78600 6.975017e-04
3.78700 7.119808e-04
3.78800 7.161996e-04
3.78900 7.134824e-04
3.79000 7.206694e-04
3.79100 7.167867e-04
3.79200 7.199321e-04
3.79300 7.141564e-04
3.79400 7.090988e-04
3.79500 7.159231e-04
3.79600 7.246652e-04
3.79700 6.983580e-04
3.79800 7.251648e-04
3.79900 7.002778e-04
3.80000 7.331570e-04
3.80100 6.979711e-04
3.80200 7.070550e-04
3.80300 6.980900e-04
3.80400 6.906934e-04
3.80500 7.223361e-04
3.80600 7.183164e-04
3.80700 6.986391e-04
3.80800 7.255490e-04
3.80900 7.072911e-04
3.81000 7.081327e-04
3.81100 7.183550e-04
3.81200 7.098219e-04
3.81300 7.095121e-04
3.81400 7.142656e-04
3.81500 7.093437e-04
3.81600 7.174812e-04
3.81700 6.985747e-04
3.81800 7.062967e-04
3.81900 7.128030e-04
3.82000 7.106173e-04
3.82100 7.106823e-04
3.82200 7.139813e-04
3.82300 6.913955e-04
3.82400 7.040601e-04
3.82500 6.939566e-04
3.82600 7.098275e-04
3.82700 6.997045e-04
3.82800 6.884863e-04
3.82900 6.930189e-04
3.83000 7.032881e-04
3.83100 6.932528e-04
3.83200 7.050403e-04
3.83300 7.014917e-04
3.83400 7.002929e-04
3.83500 6.859660e-04
3.83600 7.102621e-04
3.83700 6.890713e-04
3.83800 6.879952e-04
3.83900 6.882940e-04
3.84000 6.892348e-04
3.84100 7.001911e-04
3.84200 7.013968e-04
3.84300 6.978832e-04
3.84400 6.805841e-04
3.84500 6.946158e-04
3.84600 6.908857e-04
3.84700 7.085532e-04
3.84800 7.072244e-04
3.84900 6.926085e-04
3.85000 7.014795e-04
3.85100 6.953070e-04
3.85200 6.962850e-04
3.85300 6.884482e-04
3.85400 7.017744e-04
3.85500 6.956026e-04
3.85600 7.113020e-04
3.85700 6.978726e-04
3.85800 6.839042e-04
3.85900 6.801796e-04
3.86000 6.962043e-04
3.86100 6.811292e-04
3.86200 6.927262e-04
3.86300 6.955332e-04
3.86400 6.982874e-04
3.86500 6.865308e-04
3.86600 6.974652e-04
3.86700 6.889895e-04
3.86800 6.928045e-04
3.86900 6.906430e-04
3.87000 6.879036e-04
3.87100 6.736791e-04
3.87200 6.913486e-04
3.87300 6.900166e-04
3.87400 7.039080e-04
3.87500 6.834208e-04
3.87600 7.068125e-04
3.87700 6.733289e-04
3.87800 6.714924e-04
3.87900 6.978961e-04
3.88000 6.977966e-04
3.88100 6.698287e-04
3.88200 6.838315e-04
3.88300 6.645215e-04
3.88400 6.816651e-04
3.88500 6.698585e-04
3.88600 6.719593e-04
3.88700 6.614533e-04
3.88800 6.842284e-04
3.88900 6.606597e-04
3.89000 6.807358e-04
3.89100 6.738551e-04
3.89200 6.822455e-04
3.89300 6.817254e-04
3.89400 6.945478e-04
3.89500 6.722124e-04
3.89600 6.785723e-04
3.89700 6.882353e-04
3.89800 6.806488e-04
3.89900 6.742796e-04
3.90000 6.806280e-04
3.90100 6.634543e-04
3.90200 6.766404e-04
3.90300 6.617412e-04
3.90400 6.812729e-04
3.90500 6.774767e-04
3.90600 6.570108e-04
3.90700 6.665030e-04
3.90800 6.665999e-04
3.90900 6.717615e-04
3.91000 6.609213e-04
3.91100 6.611323e-04
3.91200 6.669986e-04
3.91300 6.603034e-04
3.91400 6.742149e-04
3.91500 6.671156e-04
3.91600 6.724978e-04
3.91700 6.559434e-04
3.91800 6.623425e-04
3.91900 6.850529e-04
3.92000 6.793073e-04
3.92100 6.793760e-04
3.92200 6.610099e-04
3.92300 6.740093e-04
3.92400 6.798271e-04
3.92500 6.728035e-04
3.92600 6.635927e-04
3.92700 6.578143e-04
3.92800 6.650130e-04
3.92900 6.669939e-04
3.93000 6.703246e-04
3.93100 6.723786e-04
3.93200 6.511882e-04
3.93300 6.595590e-04
3.93400 6.822138e-04
3.93500 6.510355e-04
3.93600 6.685931e-04
3.93700 6.545359e-04
3.93800 6.614469e-04
3.93900 6.374727e-04
3.94000 6.609824e-04
3.94100 6.628157e-04
3.94200 6.729492e-04
3.94300 6.594593e-04
3.94400 6.700497e-04
3.94500 6.592600e-04
3.94600 6.539500e-04
3.94700 6.459112e-04
3.94800 6.697916e-04
3.94900 6.559852e-04
3.95000 6.600962e-04
3.95100 6.306756e-04
3.95200 6.631231e-04
3.95300 6.688896e-04
3.95400 6.527456e-04
3.95500 6.579819e-04
3.95600 6.651800e-04
3.95700 6.646911e-04
3.95800 6.575333e-04
3.95900 6.439400e-04
3.96000 6.507557e-04
3.96100 6.413284e-04
3.96200 6.467976e-04
3.96300 6.573280e-04
3.96400 6.408890e-04
3.96500 6.544739e-04
3.96600 6.576410e-04
3.96700 6.582498e-04
3.96800 6.592318e-04
3.96900 6.450232e-04
3.97000 6.493306e-04
3.97100 6.374108e-04
3.97200 6.543119e-04
3.97300 6.539114e-04
3.97400 6.498451e-04
3.97500 6.525071e-04
3.97600 6.675647e-04
3.97700 6.628521e-04
3.97800 6.617543e-04
3.97900 6.371766e-04
3.98000 6.588961e-04
3.98100 6.511082e-04
3.98200 6.726802e-04
3.98300 6.457504e-04
3.98400 6.537320e-04
3.98500 6.420382e-04
3.98600 6.361387e-04
3.98700 6.400572e-04
3.98800 6.590594e-04
3.98900 6.363732e-04
3.99000 6.537056e-04
3.99100 6.400170e-04
3.99200 6.354793e-04
3.99300 6.385009e-04
3.99400 6.492423e-04
3.99500 6.348986e-04
3.99600 6.496481e-04
3.99700 6.486220e-04
3.99800 6.379450e-04
3.99900 6.342325e-04
4.00000 6.245324e-04
4.00100 6.431218e-04
4.00200 6.388748e-04
4.00300 6.323416e-04
4.00400 6.315341e-04
4.00500 6.485650e-04
4.00600 6.435344e-04
4.00700 6.220134e-04
4.00800 6.239910e-04
4.00900 6.374378e-04
4.01000 6.458414e-04
4.01100 6.300762e-04
4.01200 6.511595e-04
4.01300 6.377957e-04
4.01400 6.505452e-04
4.01500 6.306507e-04
4.01600 6.493544e-04
4.01700 6.408062e-04
4.01800 6.370566e-04
4.01900 6.407749e-04
4.02000 6.456863e-04
4.02100 6.447319e-04
4.02200 6.405012e-04
4.02300 6.250055e-04
4.02400 6.453095e-04
4.02500 6.164924e-04
4.02600 6.324918e-04
4.02700 6.237071e-04
4.02800 6.263434e-04
4.02900 6.345558e-04
4.03000 6.344245e-04
4.03100 6.313452e-04
4.03200 6.424071e-04
4.03300 6.236121e-04
4.03400 6.225909e-04
4.03500 6.384361e-04
4.03600 6.317191e-04
4.03700 6.209447e-04
4.03800 6.404494e-04
4.03900 6.289865e-04
4.04000 6.423718e-04
4.04100 6.291914e-04
4.04200 6.315899e-04
4.04300 6.231248e-04
4.04400 6.388599e-04
4.04500 6.238032e-04
4.04600 6.359942e-04
4.04700 6.204647e-04
4.04800 6.302514e-04
4.04900 6.285333e-04
4.05000 6.445558e-04
4.05100 6.253285e-04
4.05200 6.421088e-04
4.05300 6.090687e-04
4.05400 6.171861e-04
4.05500 6.191382e-04
4.05600 6.254661e-04
4.05700 6.278824e-04
4.05800 6.331257e-04
4.05900 6.058947e-04
4.06000 6.146455e-04
4.06100 6.108424e-04
4.06200 6.326309e-04
4.06300 6.004294e-04
4.06400 6.393792e-04
4.06500 6.180739e-04
4.06600 6.323861e-04
4.06700 6.228293e-04
4.06800 6.106983e-04
4.06900 6.066627e-04
4.07000 6.191249e-04
4.07100 6.124146e-04
4.07200 6.182684e-04
4.07300 6.314467e-04
4.07400 6.237034e-04
4.07500 6.155143e-04
4.07600 6.037218e-04
4.07700 6.144992e-04
4.07800 6.244389e-04
4.07900 6.102782e-04
4.08000 6.273480e-04
4.08100 6.156312e-04
4.08200 6.303968e-04
4.08300 6.040241e-04
4.08400 6.341172e-04
4.08500 6.199194e-04
4.08600 6.053511e-04
4.08700 6.038474e-04
4.08800 6.210463e-04
4.08900 6.192158e-04
4.09000 6.298449e-04
4.09100 6.057514e-04
4.09200 6.161429e-04
4.09300 6.074100e-04
4.09400 6.188450e-04
4.09500 6.022797e-04
4.09600 6.156430e-04
4.09700 5.980037e-04
4.09800 6.305222e-04
4.09900 5.978106e-04
4.10000 6.270002e-04
4.10100 6.066026e-04
4.10200 6.132116e-04
4.10300 6.205016e-04
4.10400 6.179092e-04
4.10500 6.151001e-04
4.10600 5.967483e-04
4.10700 5.908900e-04
4.10800 5.936269e-04
4.10900 6.069857e-04
4.11000 6.236769e-04
4.11100 5.981738e-04
4.11200 6.018324e-04
4.11300 6.172164e-04
4.11400 6.072155e-04
4.11500 5.988810e-04
4.11600 6.171159e-04
4.11700 6.157989e-04
4.11800 6.093063e-04
4.11900 5.897448e-04
4.12000 6.024983e-04
4.12100 5.976411e-04
4.12200 6.067347e-04
4.12300 6.085797e-04
4.12400 6.029559e-04
4.12500 6.010467e-04
4.12600 6.152602e-04
4.12700 6.004347e-04
4.12800 6.156401e-04
4.12900 5.940170e-04
4.13000 6.105419e-04
4.13100 6.068721e-04
4.13200 6.088207e-04
4.13300 6.023182e-04
4.13400 6.038936e-04
4.13500 6.058974e-04
4.13600 5.941822e-04
4.13700 5.737578e-04
4.13800 6.092492e-04
4.13900 5.943097e-04
4.14000 5.914270e-04
4.14100 5.923874e-04
4.14200 5.826877e-04
4.14300 5.874717e-04
4.14400 6.112726e-04
4.14500 5.877016e-04
4.14600 6.053264e-04
4.14700 5.888911e-04
4.14800 6.078004e-04
4.14900 6.000350e-04
4.15000 6.043831e-04
4.15100 5.854412e-04
4.15200 5.913743e-04
4.15300 5.952163e-04
4.15400 5.990892e-04
4.15500 5.975513e-04
4.15600 6.006708e-04
4.15700 5.924339e-04
4.15800 5.985043e-04
4.15900 5.873623e-04
4.16000 5.928277e-04
4.16100 5.856266e-04
4.16200 5.983832e-04
4.16300 5.957183e-04
4.16400 5.998625e-04
4.16500 5.917127e-04
4.16600 5.951207e-04
4.16700 5.891855e-04
4.16800 6.080606e-04
4.16900 6.112031e-04
4.17000 6.159309e-04
4.17100 5.795257e-04
4.17200 5.945672e-04
4.17300 5.858845e-04
4.17400 6.047292e-04
4.17500 5.883706e-04
4.17600 6.014947e-04
4.17700 5.873389e-04
4.17800 6.022271e-04
4.17900 5.959013e-04
4.18000 6.092494e-04
4.18100 5.983275e-04
4.18200 5.781391e-04
4.18300 5.765704e-04
4.18400 5.878288e-04
4.18500 5.976931e-04
4.18600 5.836939e-04
4.18700 5.846118e-04
4.18800 5.925431e-04
4.18900 5.849336e-04
4.19000 5.905900e-04
4.19100 5.740134e-04
4.19200 5.848024e-04
4.19300 5.886686e-04
4.19400 6.041730e-04
4.19500 5.913010e-04
4.19600 5.930729e-04
4.19700 5.781033e-04
4.19800 5.863181e-04
4.19900 5.996232e-04
4.20000 5.845246e-04
4.20100 5.785156e-04
4.20200 5.726338e-04
4.20300 5.676737e-04
4.20400 5.940192e-04
4.20500 5.925761e-04
4.20600 5.867362e-04
4.20700 5.848334e-04
4.20800 5.809763e-04
4.20900 5.878213e-04
4.21000 5.946631e-04
4.21100 5.785305e-04
4.21200 5.837402e-04
4.21300 5.811585e-04
4.21400 5.854498e-04
4.21500 5.770476e-04
4.21600 5.751016e-04
4.21700 5.725932e-04
4.21800 5.881772e-04
4.21900 5.812110e-04
4.22000 5.918662e-04
4.22100 5.703585e-04
4.22200 5.853652e-04
4.22300 5.608055e-04
4.22400 5.864990e-04
4.22500 5.690447e-04
4.22600 5.793118e-04
4.22700 5.741665e-04
4.22800 5.846704e-04
4.22900 5.796590e-04
4.23000 5.733861e-04
4.23100 5.727013e-04
4.23200 5.806816e-04
4.23300 5.758286e-04
4.23400 5.827484e-04
4.23500 5.693272e-04
4.23600 5.680572e-04
4.23700 5.667592e-04
4.23800 5.813709e-04
4.23900 5.717427e-04
4.24000 5.717362e-04
4.24100 5.746048e-04
4.24200 5.764661e-04
4.24300 5.649105e-04
4.24400 5.754861e-04
4.24500 5.447595e-04
4.24600 5.853010e-04
4.24700 5.705231e-04
4.24800 5.689170e-04
4.24900 5.616479e-04
4.25000 5.625042e-04
4.25100 5.719875e-04
4.25200 5.624230e-04
4.25300 5.565625e-04
4.25400 5.715082e-04
4.25500 5.764504e-04
4.25600 5.800245e-04
4.25700 5.579702e-04
4.25800 5.628861e-04
4.25900 5.540718e-04
4.26000 5.613235e-04
4.26100 5.573133e-04
4.26200 5.760041e-04
4.26300 5.582420e-04
4.26400 5.545899e-04
4.26500 5.577097e-04
4.26600 5.664344e-04
4.26700 5.549009e-04
4.26800 5.759676e-04
4.26900 5.664937e-04
4.27000 5.916152e-04
4.27100 5.740379e-04
4.27200 5.599888e-04
4.27300 5.779966e-04
4.27400 5.682863e-04
4.27500 5.620377e-04
4.27600 5.676453e-04
4.27700 5.580026e-04
4.27800 5.687427e-04
4.27900 5.658665e-04
4.28000 5.680396e-04
4.28100 5.448360e-04
4.28200 5.571375e-04
4.28300 5.659604e-04
4.28400 5.750489e-04
4.28500 5.620571e-04
4.28600 5.635184e-04
4.28700 5.586754e-04
4.28800 5.571796e-04
4.28900 5.496827e-04
4.29000 5.705533e-04
4.29100 5.486928e-04
4.29200 5.540824e-04
4.29300 5.511876e-04
4.29400 5.481506e-04
4.29500 5.462237e-04
4.29600 5.583275e-04
4.29700 5.431786e-04
4.29800 5.435721e-04
4.29900 5.565947e-04
4.30000 5.740696e-04
4.30100 5.572512e-04
4.30200 5.481295e-04
4.30300 5.524589e-04
4.30400 5.518096e-04
4.30500 5.522304e-04
4.30600 5.696734e-04
4.30700 5.455435e-04
4.30800 5.532074e-04
4.30900 5.486349e-04
4.31000 5.633007e-04
4.31100 5.436513e-04
4.31200 5.638079e-04
4.31300 5.549840e-04
4.31400 5.444867e-04
4.31500 5.537744e-04
4.31600 5.453033e-04
4.31700 5.543775e-04
4.31800 5.583166e-04
4.31900 5.663215e-04
4.32000 5.573626e-04
4.32100 5.513203e-04
4.32200 5.594419e-04
4.32300 5.340866e-04
4.32400 5.620432e-04
4.32500 5.487442e-04
4.32600 5.652309e-04
4.32700 5.609016e-04
4.32800 5.459079e-04
4.32900 5.346315e-04
4.33000 5.396864e-04
4.33100 5.371985e-04
4.33200 5.246355e-04
4.33300 5.429668e-04
4.33400 5.486506e-04
4.33500 5.291408e-04
4.33600 5.378096e-04
4.33700 5.449028e-04
4.33800 5.482759e-04
4.33900 5.346122e-04
4.34000 5.478735e-04
4.34100 5.530250e-04
4.34200 5.336951e-04
4.34300 5.422619e-04
4.34400 5.415104e-04
4.34500 5.653798e-04
4.34600 5.512646e-04
4.34700 5.348307e-04
4.34800 5.610157e-04
4.34900 5.421966e-04
4.35000 5.506435e-04
4.35100 5.350574e-04
4.35200 5.463210e-04
4.35300 5.353059e-04
4.35400 5.537995e-04
4.35500 5.367229e-04
4.35600 5.522040e-04
4.35700 5.360363e-04
4.35800 5.413887e-04
4.35900 5.395880e-04
4.36000 5.411932e-04
4.36100 5.302545e-04
4.36200 5.405940e-04
4.36300 5.360250e-04
4.36400 5.461969e-04
4.36500 5.506051e-04
4.36600 5.418700e-04
4.36700 5.298820e-04
4.36800 5.345449e-04
4.36900 5.377706e-04
4.37000 5.537119e-04
4.37100 5.315840e-04
4.37200 5.374994e-04
4.37300 5.431352e-04
4.37400 5.342030e-04
4.37500 5.409962e-04
4.37600 5.308926e-04
4.37700 5.362764e-04
4.37800 5.401865e-04
4.37900 5.421710e-04
4.38000 5.440193e-04
4.38100 5.297408e-04
4.38200 5.318035e-04
4.38300 5.366307e-04
4.38400 5.466131e-04
4.38500 5.362748e-04
4.38600 5.302380e-04
4.38700 5.332469e-04
4.38800 5.286481e-04
4.38900 5.411699e-04
4.39000 5.415137e-04
4.39100 5.334719e-04
4.39200 5.305560e-04
4.39300 5.352238e-04
4.39400 5.335127e-04
4.39500 5.277282e-04
4.39600 5.348262e-04
4.39700 5.243770e-04
4.39800 5.290083e-04
4.39900 5.249482e-04
4.40000 5.369863e-04
4.40100 5.308879e-04
4.40200 5.290982e-04
4.40300 5.216640e-04
4.40400 5.365188e-04
4.40500 5.270389e-04
4.40600 5.314820e-04
4.40700 5.350356e-04
4.40800 5.326708e-04
4.40900 5.406258e-04
4.41000 5.335767e-04
4.41100 5.364736e-04
4.41200 5.356954e-04
4.41300 5.331453e-04
4.41400 5.341188e-04
4.41500 5.273607e-04
4.41600 5.370460e-04
4.41700 5.387171e-04
4.41800 5.403821e-04
4.41900 5.087995e-04
4.42000 5.331179e-04
4.42100 5.235070e-04
4.42200 5.367806e-04
4.42300 5.287614e-04
4.42400 5.362730e-04
4.42500 5.156305e-04
4.42600 5.191777e-04
4.42700 5.242836e-04
4.42800 5.222795e-04
4.42900 5.248301e-04
4.43000 5.236165e-04
4.43100 5.222635e-04
4.43200 5.247469e-04
4.43300 5.167970e-04
4.43400 5.391685e-04
4.43500 5.083308e-04
4.43600 5.324057e-04
4.43700 5.197613e-04
4.43800 5.346801e-04
4.43900 5.249205e-04
4.44000 5.144670e-04
4.44100 5.103639e-04
4.44200 5.291862e-04
4.44300 5.154750e-04
4.44400 5.354439e-04
4.44500 5.269223e-04
4.44600 5.234390e-04
4.44700 5.271474e-04
4.44800 5.108405e-04
4.44900 5.240522e-04
4.45000 5.217476e-04
4.45100 5.265597e-04
4.45200 5.296220e-04
4.45300 5.187654e-04
4.45400 5.240870e-04
4.45500 5.234568e-04
4.45600 5.294565e-04
4.45700 5.180091e-04
4.45800 5.121625e-04
4.45900 5.146857e-04
4.46000 5.182221e-04
4.46100 5.269055e-04
4.46200 5.278678e-04
4.46300 5.161182e-04
4.46400 5.141846e-04
4.46500 5.254455e-04
4.46600 5.145022e-04
4.46700 5.168330e-04
4.46800 5.099744e-04
4.46900 5.041801e-04
4.47000 5.040745e-04
4.47100 5.147731e-04
4.47200 5.011568e-04
4.47300 5.138914e-04
4.47400 5.023687e-04
4.47500 5.164624e-04
4.47600 5.161146e-04
4.47700 5.040967e-04
4.47800 5.093513e-04
4.47900 5.124703e-04
4.48000 5.258009e-04
4.48100 5.104319e-04
4.48200 5.225217e-04
4.48300 5.100782e-04
4.48400 5.092222e-04
4.48500 5.152868e-04
4.48600 5.278019e-04
4.48700 5.012492e-04
4.48800 5.196242e-04
4.48900 5.151903e-04
4.49000 5.134909e-04
4.49100 5.181081e-04
4.49200 5.245016e-04
4.49300 5.043453e-04
4.49400 5.009999e-04
4.49500 5.007532e-04
4.49600 5.173925e-04
4.49700 5.110833e-04
4.49800 5.264697e-04
4.49900 5.032890e-04
4.50000 5.032733e-04
4.50100 5.077438e-04
4.50200 5.210471e-04
4.50300 5.017176e-04
4.50400 5.032520e-04
4.50500 5.052359e-04
4.50600 5.066453e-04
4.50700 5.071156e-04
4.50800 5.127362e-04
4.50900 5.204127e-04
4.51000 5.129925e-04
4.51100 5.063315e-04
4.51200 5.155467e-04
4.51300 5.029942e-04
4.51400 4.963739e-04
4.51500 5.027789e-04
4.51600 4.987551e-04
4.51700 4.967330e-04
4.51800 4.998161e-04
4.51900 5.110855e-04
4.52000 5.005293e-04
4.52100 4.970013e-04
4.52200 4.981635e-04
4.52300 5.050316e-04
4.52400 5.049235e-04
4.52500 4.906697e-04
4.52600 5.108004e-04
4.52700 5.031587e-04
4.52800 5.174791e-04
4.52900 4.894951e-04
4.53000 5.117783e-04
4.53100 5.041013e-04
4.53200 5.059583e-04
4.53300 4.927398e-04
4.53400 5.082528e-04
4.53500 4.863363e-04
4.53600 4.994303e-04
4.53700 5.009855e-04
4.53800 5.070602e-04
4.53900 4.961985e-04
4.54000 4.932623e-04
4.54100 4.970814e-04
4.54200 5.114306e-04
4.54300 5.070609e-04
4.54400 5.086500e-04
4.54500 5.031954e-04
4.54600 4.980613e-04
4.54700 4.896117e-04
4.54800 5.011324e-04
4.54900 4.895504e-04
4.55000 4.937355e-04
4.55100 4.844908e-04
4.55200 5.097104e-04
4.55300 5.009764e-04
4.55400 5.032288e-04
4.55500 4.865313e-04
4.55600 5.143539e-04
4.55700 4.922768e-04
4.55800 4.946856e-04
4.55900 4.808267e-04
4.56000 5.013743e-04
4.56100 4.834374e-04
4.56200 4.993127e-04
4.56300 4.908786e-04
4.56400 5.134987e-04
4.56500 4.999137e-04
4.56600 4.861789e-04
4.56700 4.884813e-04
4.56800 4.991738e-04
4.56900 4.965395e-04
4.57000 5.006704e-04
4.57100 4.984557e-04
4.57200 5.090468e-04
4.57300 4.843666e-04
4.57400 4.899690e-04
4.57500 4.976492e-04
4.57600 4.858765e-04
4.57700 4.902830e-04
4.57800 4.815085e-04
4.57900 4.841992e-04
4.58000 4.898473e-04
4.58100 4.819867e-04
4.58200 4.955243e-04
4.58300 4.918292e-04
4.58400 4.951805e-04
4.58500 4.881593e-04
4.58600 4.966135e-04
4.58700 4.820230e-04
4.58800 4.993690e-04
4.58900 4.853744e-04
4.59000 4.926100e-04
4.59100 4.885527e-04
4.59200 4.808169e-04
4.59300 4.826091e-04
4.59400 5.060978e-04
4.59500 4.854806e-04
4.59600 4.830210e-04
4.59700 4.734168e-04
4.59800 4.875037e-04
4.59900 4.910179e-04
4.60000 4.825331e-04
4.60100 4.860227e-04
4.60200 4.788193e-04
4.60300 4.908380e-04
4.60400 4.905323e-04
4.60500 4.906942e-04
4.60600 4.829451e-04
4.60700 4.947739e-04
4.60800 4.817874e-04
4.60900 4.808297e-04
4.61000 4.913010e-04
4.61100 4.824742e-04
4.61200 4.778695e-04
4.61300 4.720496e-04
4.61400 4.823713e-04
4.61500 4.772831e-04
4.61600 4.836658e-04
4.61700 4.856111e-04
4.61800 4.811344e-04
4.61900 4.829805e-04
4.62000 4.800687e-04
4.62100 4.884611e-04
4.62200 4.815373e-04
4.62300 4.757393e-04
4.62400 4.910411e-04
4.62500 4.794478e-04
4.62600 4.797607e-04
4.62700 4.735544e-04
4.62800 4.828549e-04
4.62900 4.727998e-04
4.63000 5.006977e-04
4.63100 4.780019e-04
4.63200 4.786853e-04
4.63300 4.794951e-04
4.63400 4.823443e-04
4.63500 4.771267e-04
4.63600 4.793489e-04
4.63700 4.744725e-04
4.63800 4.801854e-04
4.63900 4.746260e-04
4.64000 4.989974e-04
4.64100 4.771066e-04
4.64200 4.719099e-04
4.64300 4.825475e-04
4.64400 4.783454e-04
4.64500 4.843670e-04
4.64600 4.767331e-04
4.64700 4.835728e-04
4.64800 4.790836e-04
4.64900 4.734629e-04
4.65000 4.805634e-04
4.65100 4.892390e-04
4.65200 4.746814e-04
4.65300 4.601882e-04
4.65400 4.776502e-04
4.65500 4.703357e-04
4.65600 4.853249e-04
4.65700 4.654127e-04
4.65800 4.814282e-04
4.65900 4.744459e-04
4.66000 4.841468e-04
4.66100 4.870485e-04
4.66200 4.703207e-04
4.66300 4.791551e-04
4.66400 4.670154e-04
4.66500 4.744729e-04
4.66600 4.753433e-04
4.66700 4.796697e-04
4.66800 4.823508e-04
4.66900 4.662849e-04
4.67000 4.668671e-04
4.67100 4.736766e-04
4.67200 4.796311e-04
4.67300 4.733110e-04
4.67400 4.777532e-04
4.67500 4.701717e-04
4.67600 4.769015e-04
4.67700 4.642949e-04
4.67800 4.756024e-04
4.67900 4.668041e-04
4.68000 4.764015e-04
4.68100 4.669972e-04
4.68200 4.802912e-04
4.68300 4.662000e-04
4.68400 4.701244e-04
4.68500 4.496233e-04
4.68600 4.675415e-04
4.68700 4.566480e-04
4.68800 4.790141e-04
4.68900 4.701946e-04
4.69000 4.643364e-04
4.69100 4.651208e-04
4.69200 4.748500e-04
4.69300 4.656803e-04
4.69400 4.681966e-04
4.69500 4.643770e-04
4.69600 4.713621e-04
4.69700 4.669425e-04
4.69800 4.789556e-04
4.69900 4.632259e-04
4.70000 4.687048e-04
4.70100 4.632062e-04
4.70200 4.777230e-04
4.70300 4.703271e-04
4.70400 4.616213e-04
4.70500 4.569713e-04
4.70600 4.673925e-04
4.70700 4.605153e-04
4.70800 4.678236e-04
4.70900 4.687265e-04
4.71000 4.605729e-04
4.71100 4.589747e-04
4.71200 4.722199e-04
4.71300 4.668503e-04
4.71400 4.688494e-04
4.71500 4.539719e-04
4.71600 4.726148e-04
4.71700 4.615175e-04
4.71800 4.602847e-04
4.71900 4.570177e-04
4.72000 4.579459e-04
4.72100 4.573692e-04
4.72200 4.618589e-04
4.72300 4.516692e-04
4.72400 4.639014e-04
4.72500 4.709296e-04
4.72600 4.542516e-04
4.72700 4.589378e-04
4.72800 4.690819e-04
4.72900 4.565219e-04
4.73000 4.798409e-04
4.73100 4.552423e-04
4.73200 4.555101e-04
4.73300 4.504911e-04
4.73400 4.583853e-04
4.73500 4.599257e-04
4.73600 4.816135e-04
4.73700 4.535957e-04
4.73800 4.586349e-04
4.73900 4.510614e-04
4.74000 4.635384e-04
4.74100 4.596326e-04
4.74200 4.619497e-04
4.74300 4.462760e-04
4.74400 4.548875e-04
4.74500 4.617597e-04
4.74600 4.635489e-04
4.74700 4.561881e-04
4.74800 4.626563e-04
4.74900 4.578920e-04
4.75000 4.452440e-04
4.75100 4.569082e-04
4.75200 4.594317e-04
4.75300 4.650799e-04
4.75400 4.575265e-04
4.75500 4.430811e-04
4.75600 4.610217e-04
4.75700 4.607623e-04
4.75800 4.476641e-04
4.75900 4.619813e-04
4.76000 4.563121e-04
4.76100 4.486490e-04
4.76200 4.618337e-04
4.76300 4.474582e-04
4.76400 4.624227e-04
4.76500 4.560518e-04
4.76600 4.681019e-04
4.76700 4.472589e-04
4.76800 4.611512e-04
4.76900 4.492553e-04
4.77000 4.545076e-04
4.77100 4.421388e-04
4.77200 4.567741e-04
4.77300 4.515391e-04
4.77400 4.608772e-04
4.77500 4.433911e-04
4.77600 4.512012e-04
4.77700 4.454442e-04
4.77800 4.540194e-04
4.77900 4.409774e-04
4.78000 4.616444e-04
4.78100 4.536684e-04
4.78200 4.562424e-04
4.78300 4.584824e-04
4.78400 4.510330e-04
4.78500 4.472044e-04
4.78600 4.581566e-04
4.78700 4.395110e-04
4.78800 4.510894e-04
4.78900 4.422769e-04
4.79000 4.637128e-04
4.79100 4.463215e-04
4.79200 4.483933e-04
4.79300 4.448908e-04
4.79400 4.533521e-04
4.79500 4.568909e-04
4.79600 4.528691e-04
4.79700 4.431834e-04
4.79800 4.409688e-04
4.79900 4.474003e-04
4.80000 4.545667e-04
4.80100 4.542709e-04
4.80200 4.436391e-04
4.80300 4.460013e-04
4.80400 4.482476e-04
4.80500 4.457801e-04
4.80600 4.538250e-04
4.80700 4.389135e-04
4.80800 4.463740e-04
4.80900 4.400900e-04
4.81000 4.469965e-04
4.81100 4.466591e-04
4.81200 4.486191e-04
4.81300 4.431756e-04
4.81400 4.466355e-04
4.81500 4.461021e-04
4.81600 4.454686e-04
4.81700 4.446239e-04
4.81800 4.470918e-04
4.81900 4.271354e-04
4.82000 4.421651e-04
4.82100 4.446715e-04
4.82200 4.459864e-04
4.82300 4.394703e-04
4.82400 4.349792e-04
4.82500 4.418667e-04
4.82600 4.469334e-04
4.82700 4.399766e-04
4.82800 4.454456e-04
4.82900 4.336522e-04
4.83000 4.391191e-04
4.83100 4.381747e-04
4.83200 4.344638e-04
4.83300 4.406774e-04
4.83400 4.372566e-04
4.83500 4.459240e-04
4.83600 4.494042e-04
4.83700 4.454653e-04
4.83800 4.387247e-04
4.83900 4.435964e-04
4.84000 4.346447e-04
4.84100 4.367795e-04
4.84200 4.414604e-04
4.84300 4.402458e-04
4.84400 4.458120e-04
4.84500 4.424582e-04
4.84600 4.483962e-04
4.84700 4.404658e-04
4.84800 4.324099e-04
4.84900 4.365718e-04
4.85000 4.351137e-04
4.85100 4.372567e-04
4.85200 4.438983e-04
4.85300 4.461577e-04
4.85400 4.358053e-04
4.85500 4.468265e-04
4.85600 4.512890e-04
4.85700 4.345869e-04
4.85800 4.266009e-04
4.85900 4.222450e-04
4.86000 4.308581e-04
4.86100 4.292137e-04
4.86200 4.331850e-04
4.86300 4.222053e-04
4.86400 4.265286e-04
4.86500 4.257374e-04
4.86600 4.300544e-04
4.86700 4.301848e-04
4.86800 4.399748e-04
4.86900 4.276094e-04
4.87000 4.374690e-04
4.87100 4.275100e-04
4.87200 4.372269e-04
4.87300 4.384090e-04
4.87400 4.432454e-04
4.87500 4.331237e-04
4.87600 4.357318e-04
4.87700 4.293690e-04
4.87800 4.411368e-04
4.87900 4.322614e-04
4.88000 4.322454e-04
4.88100 4.299677e-04
4.88200 4.334068e-04
4.88300 4.327665e-04
4.88400 4.434967e-04
4.88500 4.255681e-04
4.88600 4.420331e-04
4.88700 4.212263e-04
4.88800 4.371222e-04
4.88900 4.241067e-04
4.89000 4.371656e-04
4.89100 4.330773e-04
4.89200 4.316867e-04
4.89300 4.356771e-04
4.89400 4.241319e-04
4.89500 4.225256e-04
4.89600 4.473397e-04
4.89700 4.235637e-04
4.89800 4.353606e-04
4.89900 4.268239e-04
4.90000 4.301962e-04
4.90100 4.245755e-04
4.90200 4.212133e-04
4.90300 4.271840e-04
4.90400 4.294625e-04
4.90500 4.165844e-04
4.90600 4.366527e-04
4.90700 4.311231e-04
4.90800 4.328960e-04
4.90900 4.256046e-04
4.91000 4.254963e-04
4.91100 4.268776e-04
4.91200 4.233588e-04
4.91300 4.356523e-04
4.91400 4.353701e-04
4.91500 4.136498e-04
4.91600 4.271252e-04
4.91700 4.275015e-04
4.91800 4.327039e-04
4.91900 4.325073e-04
4.92000 4.291648e-04
4.92100 4.146547e-04
4.92200 4.331041e-04
4.92300 4.019885e-04
4.92400 4.240768e-04
4.92500 4.251851e-04
4.92600 4.358850e-04
4.92700 4.260623e-04
4.92800 4.204497e-04
4.92900 4.275579e-04
4.93000 4.351430e-04
4.93100 4.186959e-04
4.93200 4.199706e-04
4.93300 4.295470e-04
4.93400 4.194546e-04
4.93500 4.192958e-04
4.93600 4.225374e-04
4.93700 4.183184e-04
4.93800 4.189443e-04
4.93900 4.134582e-04
4.94000 4.247290e-04
4.94100 4.204641e-04
4.94200 4.288619e-04
4.94300 4.155448e-04
4.94400 4.169733e-04
4.94500 4.178485e-04
4.94600 4.341637e-04
4.94700 4.331071e-04
4.94800 4.226132e-04
4.94900 4.235595e-04
4.95000 4.191127e-04
4.95100 4.173278e-04
4.95200 4.211247e-04
4.95300 4.185309e-04
4.95400 4.229173e-04
4.95500 4.183707e-04
4.95600 4.291991e-04
4.95700 4.101725e-04
4.95800 4.173193e-04
4.95900 4.253886e-04
4.96000 4.164590e-04
4.96100 4.129416e-04
4.96200 4.237177e-04
4.96300 4.264101e-04
4.96400 4.134922e-04
4.96500 4.204850e-04
4.96600 4.195377e-04
4.96700 4.175051e-04
4.96800 4.210804e-04
4.96900 4.203642e-04
4.97000 4.147570e-04
4.97100 4.168650e-04
4.97200 4.245345e-04
4.97300 4.271858e-04
4.97400 4.142785e-04
4.97500 4.102255e-04
4.97600 4.210311e-04
4.97700 4.077871e-04
4.97800 4.158572e-04
4.97900 4.094876e-04
4.98000 4.197352e-04
4.98100 4.106296e-04
4.98200 4.208253e-04
4.98300 4.067675e-04
4.98400 4.172458e-04
4.98500 4.156069e-04
4.98600 4.195306e-04
4.98700 4.128277e-04
4.98800 4.178254e-04
4.98900 4.036110e-04
4.99000 4.187239e-04
4.99100 4.078308e-04
4.99200 4.253944e-04
4.99300 4.180672e-04
4.99400 4.150082e-04
4.99500 4.140889e-04
4.99600 4.155517e-04
4.99700 4.152207e-04
4.99800 4.062127e-04
4.99900 4.066649e-04
5.00000 4.183461e-04
5.00100 4.146319e-04
5.00200 4.154265e-04
5.00300 4.152583e-04
5.00400 4.301925e-04
5.00500 4.191814e-04
5.00600 4.112760e-04
5.00700 4.183503e-04
5.00800 4.143289e-04
5.00900 4.167381e-04
5.01000 4.183073e-04
5.01100 4.025380e-04
5.01200 4.135443e-04
5.01300 4.147247e-04
5.01400 4.168998e-04
5.01500 4.204265e-04
5.01600 4.086454e-04
5.01700 4.029670e-04
5.01800 4.099161e-04
5.01900 3.986946e-04
5.02000 4.129072e-04
5.02100 4.122584e-04
5.02200 4.117750e-04
5.02300 4.041325e-04
5.02400 4.074380e-04
5.02500 4.026952e-04
5.02600 4.128512e-04
5.02700 4.037936e-04
5.02800 4.146685e-04
5.02900 4.080980e-04
5.03000 3.976277e-04
5.03100 4.060624e-04
5.03200 4.198710e-04
5.03300 4.016619e-04
5.03400 4.180744e-04
5.03500 4.104064e-04
5.03600 3.984022e-04
5.03700 4.068919e-04
5.03800 4.092160e-04
5.03900 4.071738e-04
5.04000 4.063712e-04
5.04100 4.092309e-04
5.04200 4.008848e-04
5.04300 4.014199e-04
5.04400 4.038051e-04
5.04500 4.154029e-04
5.04600 4.006226e-04
5.04700 4.154389e-04
5.04800 4.082735e-04
5.04900 4.062100e-04
5.05000 4.112355e-04
5.05100 4.121658e-04
5.05200 4.037508e-04
5.05300 3.977894e-04
5.05400 4.099155e-04
5.05500 4.033309e-04
5.05600 4.088960e-04
5.05700 4.135525e-04
5.05800 4.080420e-04
5.05900 4.047236e-04
5.06000 4.154108e-04
5.06100 4.019428e-04
5.06200 4.097516e-04
5.06300 3.989554e-04
5.06400 4.116765e-04
5.06500 3.995245e-04
5.06600 4.047394e-04
5.06700 3.950272e-04
5.06800 4.034541e-04
5.06900 4.009213e-04
5.07000 3.985911e-04
5.07100 3.908855e-04
5.07200 4.025528e-04
5.07300 4.011468e-04
5.07400 4.005962e-04
5.07500 4.118429e-04
5.07600 3.941408e-04
5.07700 3.965774e-04
5.07800 4.041268e-04
5.07900 4.028467e-04
5.08000 3.987455e-04
5.08100 4.054317e-04
5.08200 4.106832e-04
5.08300 3.979219e-04
5.08400 4.046553e-04
5.08500 4.022071e-04
5.08600 3.993132e-04
5.08700 4.031013e-04
5.08800 3.887456e-04
5.08900 3.937849e-04
5.09000 4.155132e-04
5.09100 3.977427e-04
5.09200 3.944259e-04
5.09300 4.000045e-04
5.09400 4.063445e-04
5.09500 4.115091e-04
5.09600 4.044713e-04
5.09700 4.021743e-04
5.09800 4.024851e-04
5.09900 3.912277e-04
5.10000 3.925941e-04
5.10100 3.941574e-04
5.10200 4.099026e-04
5.10300 4.082907e-04
5.10400 4.047397e-04
5.10500 3.916201e-04
5.10600 3.974677e-04
5.10700 3.943130e-04
5.10800 3.956584e-04
5.10900 3.781253e-04
5.11000 3.923918e-04
5.11100 4.021873e-04
5.11200 4.071785e-04
5.11300 3.923554e-04
5.11400 3.906028e-04
5.11500 3.868747e-04
5.11600 3.980020e-04
5.11700 3.879671e-04
5.11800 3.974444e-04
5.11900 3.901169e-04
5.12000 4.001990e-04
5.12100 3.937052e-04
5.12200 3.962155e-04
5.12300 3.796335e-04
5.12400 3.921264e-04
5.12500 3.838782e-04
5.12600 3.976895e-04
5.12700 3.921616e-04
5.12800 3.962311e-04
5.12900 3.960232e-04
5.13000 4.025209e-04
5.13100 3.808046e-04
5.13200 4.025216e-04
5.13300 3.879163e-04
5.13400 3.980655e-04
5.13500 3.799983e-04
5.13600 4.030609e-04
5.13700 3.856571e-04
5.13800 3.933728e-04
5.13900 3.943748e-04
5.14000 3.928984e-04
5.14100 3.848362e-04
5.14200 3.952258e-04
5.14300 3.882419e-04
5.14400 3.968134e-04
5.14500 3.895131e-04
5.14600 3.887451e-04
5.14700 3.907131e-04
5.14800 4.069827e-04
5.14900 3.750853e-04
5.15000 3.872572e-04
5.15100 3.801121e-04
5.15200 3.918770e-04
5.15300 3.790825e-04
5.15400 3.942953e-04
5.15500 3.826355e-04
5.15600 3.785026e-04
5.15700 3.761574e-04
5.15800 3.953587e-04
5.15900 3.884772e-04
5.16000 3.927073e-04
5.16100 3.764380e-04
5.16200 3.916076e-04
5.16300 3.772698e-04
5.16400 3.966091e-04
5.16500 3.871589e-04
5.16600 3.864532e-04
5.16700 3.930417e-04
5.16800 3.942752e-04
5.16900 3.820867e-04
5.17000 3.782737e-04
5.17100 3.839103e-04
5.17200 3.872026e-04
5.17300 3.883015e-04
5.17400 3.908444e-04
5.17500 3.849909e-04
5.17600 3.820346e-04
5.17700 3.828957e-04
5.17800 3.901934e-04
5.17900 3.898089e-04
5.18000 3.891510e-04
5.18100 3.858337e-04
5.18200 3.929310e-04
5.18300 3.781750e-04
5.18400 3.810261e-04
5.18500 3.845531e-04
5.18600 3.954683e-04
5.18700 3.680572e-04
5.18800 3.951743e-04
5.18900 3.806596e-04
5.19000 3.912067e-04
5.19100 3.745242e-04
5.19200 3.899240e-04
5.19300 3.765745e-04
5.19400 3.879554e-04
5.19500 3.777676e-04
5.19600 3.883918e-04
5.19700 3.860477e-04
5.19800 3.894886e-04
5.19900 3.783122e-04
5.20000 3.810077e-04
5.20100 3.844940e-04
5.20200 3.900980e-04
5.20300 3.862352e-04
5.20400 3.846983e-04
5.20500 3.761710e-04
5.20600 3.999322e-04
5.20700 3.789624e-04
5.20800 3.913265e-04
5.20900 3.850656e-04
5.21000 3.869265e-04
5.21100 3.766538e-04
5.21200 3.934629e-04
5.21300 3.727895e-04
5.21400 3.761076e-04
5.21500 3.795420e-04
5.21600 3.797339e-04
5.21700 3.738606e-04
5.21800 3.852261e-04
5.21900 3.667066e-04
5.22000 3.792177e-04
5.22100 3.814457e-04
5.22200 3.745293e-04
5.22300 3.789969e-04
5.22400 3.759208e-04
5.22500 3.747854e-04
5.22600 3.808741e-04
5.22700 3.814192e-04
5.22800 3.922739e-04
5.22900 3.904730e-04
5.23000 3.796206e-04
5.23100 3.797090e-04
5.23200 3.844172e-04
5.23300 3.796906e-04
5.23400 3.802322e-04
5.23500 3.753846e-04
5.23600 3.754938e-04
5.23700 3.820858e-04
5.23800 3.790737e-04
5.23900 3.748602e-04
5.24000 3.774643e-04
5.24100 3.824227e-04
5.24200 3.761097e-04
5.24300 3.732186e-04
5.24400 3.787120e-04
5.24500 3.784155e-04
5.24600 3.756702e-04
5.24700 3.782227e-04
5.24800 3.665202e-04
5.24900 3.648466e-04
5.25000 3.858345e-04
5.25100 3.819493e-04
5.25200 3.795665e-04
5.25300 3.751465e-04
5.25400 3.741530e-04
5.25500 3.684688e-04
5.25600 3.783455e-04
5.25700 3.710295e-04
5.25800 3.756458e-04
5.25900 3.750120e-04
5.26000 3.780424e-04
5.26100 3.732820e-04
5.26200 3.744265e-04
5.26300 3.711166e-04
5.26400 3.772435e-04
5.26500 3.712991e-04
5.26600 3.674910e-04
5.26700 3.738315e-04
5.26800 3.711096e-04
5.26900 3.682498e-04
5.27000 3.769677e-04
5.27100 3.697295e-04
5.27200 3.733277e-04
5.27300 3.737683e-04
5.27400 3.744358e-04
5.27500 3.662484e-04
5.27600 3.694193e-04
5.27700 3.701676e-04
5.27800 3.711557e-04
5.27900 3.672930e-04
5.28000 3.664708e-04
5.28100 3.645468e-04
5.28200 3.567338e-04
5.28300 3.629932e-04
5.28400 3.737054e-04
5.28500 3.589484e-04
5.28600 3.602234e-04
5.28700 3.700535e-04
5.28800 3.660068e-04
5.28900 3.690152e-04
5.29000 3.648960e-04
5.29100 3.660419e-04
5.29200 3.687942e-04
5.29300 3.700391e-04
5.29400 3.683916e-04
5.29500 3.623566e-04
5.29600 3.725865e-04
5.29700 3.573382e-04
5.29800 3.808707e-04
5.29900 3.581966e-04
5.30000 3.808503e-04
5.30100 3.634413e-04
5.30200 3.604804e-04
5.30300 3.634760e-04
5.30400 3.640089e-04
5.30500 3.733927e-04
5.30600 3.732077e-04
5.30700 3.660210e-04
5.30800 3.855804e-04
5.30900 3.680396e-04
5.31000 3.664891e-04
5.31100 3.688435e-04
5.31200 3.705131e-04
5.31300 3.700407e-04
5.31400 3.718910e-04
5.31500 3.707114e-04
5.31600 3.687370e-04
5.31700 3.630839e-04
5.31800 3.689052e-04
5.31900 3.559909e-04
5.32000 3.734196e-04
5.32100 3.693916e-04
5.32200 3.718356e-04
5.32300 3.691917e-04
5.32400 3.723255e-04
5.32500 3.627548e-04
5.32600 3.526313e-04
5.32700 3.589246e-04
5.32800 3.612601e-04
5.32900 3.681615e-04
5.33000 3.608147e-04
5.33100 3.610453e-04
5.33200 3.702508e-04
5.33300 3.581461e-04
5.33400 3.687310e-04
5.33500 3.518681e-04
5.33600 3.622608e-04
5.33700 3.633853e-04
5.33800 3.579173e-04
5.33900 3.582899e-04
5.34000 3.742218e-04
5.34100 3.687690e-04
5.34200 3.722462e-04
5.34300 3.516043e-04
5.34400 3.741217e-04
5.34500 3.656377e-04
5.34600 3.610291e-04
5.34700 3.535195e-04
5.34800 3.703802e-04
5.34900 3.547238e-04
5.35000 3.550342e-04
5.35100 3.521212e-04
5.35200 3.613160e-04
5.35300 3.584931e-04
5.35400 3.541972e-04
5.35500 3.592731e-04
5.35600 3.586969e-04
5.35700 3.598428e-04
5.35800 3.656600e-04
5.35900 3.566733e-04
5.36000 3.541747e-04
5.36100 3.613942e-04
5.36200 3.603392e-04
5.36300 3.545138e-04
5.36400 3.625151e-04
5.36500 3.576542e-04
5.36600 3.632016e-04
5.36700 3.515564e-04
5.36800 3.676569e-04
5.36900 3.607009e-04
5.37000 3.589930e-04
5.37100 3.526297e-04
5.37200 3.523256e-04
5.37300 3.514742e-04
5.37400 3.579339e-04
5.37500 3.592856e-04
5.37600 3.621551e-04
5.37700 3.576741e-04
5.37800 3.616176e-04
5.37900 3.590509e-04
5.38000 3.540605e-04
5.38100 3.591325e-04
5.38200 3.611229e-04
5.38300 3.519167e-04
5.38400 3.526925e-04
5.38500 3.599253e-04
5.38600 3.577651e-04
5.38700 3.569124e-04
5.38800 3.559852e-04
5.38900 3.546506e-04
5.39000 3.483814e-04
5.39100 3.492968e-04
5.39200 3.563143e-04
5.39300 3.497588e-04
5.39400 3.652221e-04
5.39500 3.565297e-04
5.39600 3.541868e-04
5.39700 3.584837e-04
5.39800 3.461136e-04
5.39900 3.478533e-04
5.40000 3.616099e-04
5.40100 3.560119e-04
5.40200 3.609039e-04
5.40300 3.470011e-04
5.40400 3.537484e-04
5.40500 3.525535e-04
5.40600 3.674474e-04
5.40700 3.471354e-04
5.40800 3.568090e-04
5.40900 3.442253e-04
5.41000 3.594537e-04
5.41100 3.523263e-04
5.41200 3.673616e-04
5.41300 3.471200e-04
5.41400 3.474950e-04
5.41500 3.467602e-04
5.41600 3.510480e-04
5.41700 3.523008e-04
5.41800 3.598624e-04
5.41900 3.478725e-04
5.42000 3.565129e-04
5.42100 3.546450e-04
5.42200 3.625466e-04
5.42300 3.523005e-04
5.42400 3.542746e-04
5.42500 3.536716e-04
5.42600 3.524025e-04
5.42700 3.508861e-04
5.42800 3.586450e-04
5.42900 3.480309e-04
5.43000 3.496714e-04
5.43100 3.542978e-04
5.43200 3.416385e-04
5.43300 3.444107e-04
5.43400 3.472756e-04
5.43500 3.556491e-04
5.43600 3.539046e-04
5.43700 3.505277e-04
5.43800 3.506817e-04
5.43900 3.455708e-04
5.44000 3.494200e-04
5.44100 3.522464e-04
5.44200 3.538956e-04
5.44300 3.476043e-04
5.44400 3.513369e-04
5.44500 3.532042e-04
5.44600 3.513638e-04
5.44700 3.455445e-04
5.44800 3.566835e-04
5.44900 3.448406e-04
5.45000 3.517299e-04
5.45100 3.408150e-04
5.45200 3.583052e-04
5.45300 3.429455e-04
5.45400 3.438757e-04
5.45500 3.462367e-04
5.45600 3.480615e-04
5.45700 3.510572e-04
5.45800 3.509395e-04
5.45900 3.473611e-04
5.46000 3.488440e-04
5.46100 3.443894e-04
5.46200 3.400172e-04
5.46300 3.502932e-04
5.46400 3.466290e-04
5.46500 3.391259e-04
5.46600 3.437536e-04
5.46700 3.541232e-04
5.46800 3.529703e-04
5.46900 3.442308e-04
5.47000 3.460834e-04
5.47100 3.426298e-04
5.47200 3.485186e-04
5.47300 3.441128e-04
5.47400 3.600758e-04
5.47500 3.433823e-04
5.47600 3.427272e-04
5.47700 3.456094e-04
5.47800 3.473995e-04
5.47900 3.385445e-04
5.48000 3.402768e-04
5.48100 3.452296e-04
5.48200 3.413839e-04
5.48300 3.480063e-04
5.48400 3.510115e-04
5.48500 3.426457e-04
5.48600 3.550367e-04
5.48700 3.438513e-04
5.48800 3.393336e-04
5.48900 3.397457e-04
5.49000 3.478293e-04
5.49100 3.377467e-04
5.49200 3.480902e-04
5.49300 3.362368e-04
5.49400 3.504653e-04
5.49500 3.454725e-04
5.49600 3.413936e-04
5.49700 3.432812e-04
5.49800 3.398717e-04
5.49900 3.416821e-04
5.50000 3.425712e-04
5.50100 3.386236e-04
5.50200 3.522319e-04
5.50300 3.416188e-04
5.50400 3.436336e-04
5.50500 3.348973e-04
5.50600 3.357223e-04
5.50700 3.377411e-04
5.50800 3.472340e-04
5.50900 3.449290e-04
5.51000 3.432243e-04
5.51100 3.395716e-04
5.51200 3.460096e-04
5.51300 3.438125e-04
5.51400 3.454235e-04
5.51500 3.292928e-04
5.51600 3.393150e-04
5.51700 3.461123e-04
5.51800 3.434077e-04
5.51900 3.413541e-04
5.52000 3.404161e-04
5.52100 3.476728e-04
5.52200 3.317432e-04
5.52300 3.447504e-04
5.52400 3.411811e-04
5.52500 3.392294e-04
5.52600 3.418441e-04
5.52700 3.402830e-04
5.52800 3.449247e-04
5.52900 3.321977e-04
5.53000 3.355678e-04
5.53100 3.322671e-04
5.53200 3.379920e-04
5.53300 3.406021e-04
5.53400 3.314546e-04
5.53500 3.337519e-04
5.53600 3.362691e-04
5.53700 3.381919e-04
5.53800 3.467746e-04
5.53900 3.377753e-04
5.54000 3.446367e-04
5.54100 3.320891e-04
5.54200 3.425567e-04
5.54300 3.255647e-04
5.54400 3.369402e-04
5.54500 3.412514e-04
5.54600 3.377919e-04
5.54700 3.308088e-04
5.54800 3.369933e-04
5.54900 3.298829e-04
5.55000 3.371135e-04
5.55100 3.381498e-04
5.55200 3.295418e-04
5.55300 3.406025e-04
5.55400 3.323289e-04
5.55500 3.335767e-04
5.55600 3.310883e-04
5.55700 3.365302e-04
5.55800 3.373539e-04
5.55900 3.426327e-04
5.56000 3.402900e-04
5.56100 3.413942e-04
5.56200 3.310387e-04
5.56300 3.341050e-04
5.56400 3.366906e-04
5.56500 3.451197e-04
5.56600 3.282114e-04
5.56700 3.372954e-04
5.56800 3.338851e-04
5.56900 3.314563e-04
5.57000 3.378761e-04
5.57100 3.329982e-04
5.57200 3.368036e-04
5.57300 3.349496e-04
5.57400 3.425185e-04
5.57500 3.411770e-04
5.57600 3.322701e-04
5.57700 3.371286e-04
5.57800 3.325780e-04
5.57900 3.321862e-04
5.58000 3.323599e-04
5.58100 3.413361e-04
5.58200 3.291002e-04
5.58300 3.208464e-04
5.58400 3.300225e-04
5.58500 3.253493e-04
5.58600 3.449495e-04
5.58700 3.358184e-04
5.58800 3.379069e-04
5.58900 3.344939e-04
5.59000 3.395858e-04
5.59100 3.300484e-04
5.59200 3.278199e-04
5.59300 3.244095e-04
5.59400 3.341357e-04
5.59500 3.293682e-04
5.59600 3.311710e-04
5.59700 3.301949e-04
5.59800 3.460131e-04
5.59900 3.259383e-04
5.60000 3.367084e-04
5.60100 3.305105e-04
5.60200 3.305873e-04
5.60300 3.318978e-04
5.60400 3.328647e-04
5.60500 3.281835e-04
5.60600 3.363703e-04
5.60700 3.267675e-04
5.60800 3.298392e-04
5.60900 3.302645e-04
5.61000 3.321036e-04
5.61100 3.255183e-04
5.61200 3.283625e-04
5.61300 3.258822e-04
5.61400 3.322389e-04
5.61500 3.239558e-04
5.61600 3.344246e-04
5.61700 3.304879e-04
5.61800 3.292714e-04
5.61900 3.264635e-04
5.62000 3.307096e-04
5.62100 3.235895e-04
5.62200 3.259399e-04
5.62300 3.234141e-04
5.62400 3.300937e-04
5.62500 3.241115e-04
5.62600 3.212638e-04
5.62700 3.286698e-04
5.62800 3.331427e-04
5.62900 3.242584e-04
5.63000 3.289230e-04
5.63100 3.312798e-04
5.63200 3.281568e-04
5.63300 3.232659e-04
5.63400 3.227503e-04
5.63500 3.316211e-04
5.63600 3.195546e-04
5.63700 3.280771e-04
5.63800 3.309303e-04
5.63900 3.213764e-04
5.64000 3.175026e-04
5.64100 3.174093e-04
5.64200 3.248947e-04
5.64300 3.166110e-04
5.64400 3.288368e-04
5.64500 3.291182e-04
5.64600 3.229862e-04
5.64700 3.220212e-04
5.64800 3.258446e-04
5.64900 3.179360e-04
5.65000 3.212421e-04
5.65100 3.221440e-04
5.65200 3.291205e-04
5.65300 3.174972e-04
5.65400 3.276352e-04
5.65500 3.223021e-04
5.65600 3.245333e-04
5.65700 3.230487e-04
5.65800 3.323710e-04
5.65900 3.171673e-04
5.66000 3.253969e-04
5.66100 3.214865e-04
5.66200 3.330969e-04
5.66300 3.140315e-04
5.66400 3.227389e-04
5.66500 3.233529e-04
5.66600 3.255785e-04
5.66700 3.245573e-04
5.66800 3.208079e-04
5.66900 3.128472e-04
5.67000 3.159369e-04
5.67100 3.209932e-04
5.67200 3.329078e-04
5.67300 3.169822e-04
5.67400 3.260938e-04
5.67500 3.210528e-04
5.67600 3.263240e-04
5.67700 3.234167e-04
5.67800 3.224773e-04
5.67900 3.178351e-04
5.68000 3.252966e-04
5.68100 3.226861e-04
5.68200 3.184352e-04
5.68300 3.155234e-04
5.68400 3.264660e-04
5.68500 3.273102e-04
5.68600 3.240967e-04
5.68700 3.141184e-04
5.68800 3.278136e-04
5.68900 3.164786e-04
5.69000 3.306969e-04
5.69100 3.168942e-04
5.69200 3.229485e-04
5.69300 3.142135e-04
5.69400 3.228579e-04
5.69500 3.157259e-04
5.69600 3.232386e-04
5.69700 3.193080e-04
5.69800 3.257822e-04
5.69900 3.134982e-04
5.70000 3.252048e-04
5.70100 3.130214e-04
5.70200 3.213396e-04
5.70300 3.070745e-04
5.70400 3.215832e-04
5.70500 3.164757e-04
5.70600 3.146059e-04
5.70700 3.222158e-04
5.70800 3.186790e-04
5.70900 3.145414e-04
5.71000 3.243445e-04
5.71100 3.088818e-04
5.71200 3.138431e-04
5.71300 3.123284e-04
5.71400 3.249472e-04
5.71500 3.093295e-04
5.71600 3.193164e-04
5.71700 3.120356e-04
5.71800 3.190291e-04
5.71900 3.165040e-04
5.72000 3.146711e-04
5.72100 3.037477e-04
5.72200 3.066891e-04
5.72300 3.151518e-04
5.72400 3.116046e-04
5.72500 3.136044e-04
5.72600 3.147189e-04
5.72700 3.113099e-04
5.72800 3.155143e-04
5.72900 3.150065e-04
5.73000 3.167717e-04
5.73100 3.109581e-04
5.73200 3.180414e-04
5.73300 3.082332e-04
5.73400 3.224837e-04
5.73500 3.133466e-04
5.73600 3.107072e-04
5.73700 3.107113e-04
5.73800 3.146324e-04
5.73900 3.047809e-04
5.74000 3.159083e-04
5.74100 3.155881e-04
5.74200 3.224577e-04
5.74300 3.167366e-04
5.74400 3.126369e-04
5.74500 3.102880e-04
5.74600 3.122856e-04
5.74700 3.172084e-04
5.74800 3.211224e-04
5.74900 3.063804e-04
5.75000 3.086409e-04
5.75100 3.114380e-04
5.75200 3.108024e-04
5.75300 3.100593e-04
5.75400 3.187601e-04
5.75500 3.176216e-04
5.75600 3.094261e-04
5.75700 3.113817e-04
5.75800 3.183341e-04
5.75900 3.042415e-04
5.76000 3.152156e-04
5.76100 3.161587e-04
5.76200 3.135534e-04
5.76300 3.071198e-04
5.76400 3.140374e-04
5.76500 3.044780e-04
5.76600 3.135810e-04
5.76700 3.104811e-04
5.76800 3.118882e-04
5.76900 3.095218e-04
5.77000 3.131428e-04
5.77100 3.073434e-04
5.77200 3.162715e-04
5.77300 3.147471e-04
5.77400 3.154505e-04
5.77500 3.095353e-04
5.77600 3.124051e-04
5.77700 3.043830e-04
5.77800 3.170318e-04
5.77900 3.070140e-04
5.78000 3.137851e-04
5.78100 3.066232e-04
5.78200 3.019438e-04
5.78300 3.153541e-04
5.78400 3.108402e-04
5.78500 3.144176e-04
5.78600 3.203522e-04
5.78700 3.056136e-04
5.78800 3.138479e-04
5.78900 3.046013e-04
5.79000 3.131368e-04
5.79100 3.063405e-04
5.79200 3.060190e-04
5.79300 3.047381e-04
5.79400 3.041126e-04
5.79500 3.053659e-04
5.79600 3.040787e-04
5.79700 3.025901e-04
5.79800 3.163818e-04
5.79900 3.028797e-04
5.80000 3.086450e-04
5.80100 3.073206e-04
5.80200 2.991117e-04
5.80300 3.126616e-04
5.80400 3.135030e-04
5.80500 3.018601e-04
5.80600 3.116265e-04
5.80700 2.959123e-04
5.80800 3.105723e-04
5.80900 3.074148e-04
5.81000 3.180825e-04
5.81100 3.182898e-04
5.81200 3.101934e-04
5.81300 3.015617e-04
5.81400 3.021753e-04
5.81500 3.076505e-04
5.81600 3.045277e-04
5.81700 3.011496e-04
5.81800 3.066979e-04
5.81900 3.074440e-04
5.82000 3.008699e-04
5.82100 2.944784e-04
5.82200 3.107926e-04
5.82300 3.038065e-04
5.82400 3.113657e-04
5.82500 2.976434e-04
5.82600 3.043339e-04
5.82700 2.984278e-04
5.82800 2.994495e-04
5.82900 2.972674e-04
5.83000 3.092150e-04
5.83100 3.063252e-04
5.83200 3.146921e-04
5.83300 2.941699e-04
5.83400 3.037529e-04
5.83500 3.091023e-04
5.83600 3.044685e-04
5.83700 3.036642e-04
5.83800 3.020131e-04
5.83900 3.013380e-04
5.84000 3.029341e-04
5.84100 2.944545e-04
5.84200 3.107835e-04
5.84300 2.979290e-04
5.84400 3.075006e-04
5.84500 3.027248e-04
5.84600 3.062674e-04
5.84700 3.025626e-04
5.84800 3.056331e-04
5.84900 3.023200e-04
5.85000 3.060711e-04
5.85100 3.019854e-04
5.85200 3.063152e-04
5.85300 3.054705e-04
5.85400 3.045642e-04
5.85500 2.960993e-04
5.85600 2.995646e-04
5.85700 2.989950e-04
5.85800 3.164114e-04
5.85900 2.991236e-04
5.86000 3.035318e-04
5.86100 2.987874e-04
5.86200 3.019497e-04
5.86300 3.027008e-04
5.86400 3.019626e-04
5.86500 3.066804e-04
5.86600 3.045862e-04
5.86700 3.004608e-04
5.86800 3.065152e-04
5.86900 2.926448e-04
5.87000 3.058739e-04
5.87100 3.021767e-04
5.87200 3.049658e-04
5.87300 3.074907e-04
5.87400 3.060560e-04
5.87500 3.043252e-04
5.87600 2.996549e-04
5.87700 2.980136e-04
5.87800 2.983038e-04
5.87900 2.967590e-04
5.88000 3.033222e-04
5.88100 3.016330e-04
5.88200 2.986170e-04
5.88300 2.964042e-04
5.88400 2.959363e-04
5.88500 2.952455e-04
5.88600 3.014956e-04
5.88700 3.039338e-04
5.88800 3.030637e-04
5.88900 2.939186e-04
5.89000 2.949416e-04
5.89100 3.008969e-04
5.89200 2.997807e-04
5.89300 2.938093e-04
5.89400 3.065055e-04
5.89500 3.029529e-04
5.89600 3.000015e-04
5.89700 2.970432e-04
5.89800 2.896298e-04
5.89900 3.017728e-04
5.90000 3.054576e-04
5.90100 2.956756e-04
5.90200 2.947511e-04
5.90300 2.939491e-04
5.90400 2.974971e-04
5.90500 2.979947e-04
5.90600 3.000252e-04
5.90700 3.023014e-04
5.90800 2.936644e-04
5.90900 2.941217e-04
5.91000 2.922877e-04
5.91100 2.995597e-04
5.91200 2.933887e-04
5.91300 2.871626e-04
5.91400 2.961860e-04
5.91500 2.902113e-04
5.91600 2.994286e-04
5.91700 2.931275e-04
5.91800 3.041998e-04
5.91900 2.991608e-04
5.92000 2.945605e-04
5.92100 2.960668e-04
5.92200 2.928457e-04
5.92300 2.894003e-04
5.92400 3.024133e-04
5.92500 2.953374e-04
5.92600 2.920653e-04
5.92700 2.887311e-04
5.92800 3.000627e-04
5.92900 2.928495e-04
5.93000 2.896015e-04
5.93100 2.849343e-04
5.93200 2.980788e-04
5.93300 2.938726e-04
5.93400 3.019268e-04
5.93500 2.871450e-04
5.93600 2.910414e-04
5.93700 2.892371e-04
5.93800 2.968816e-04
5.93900 2.897155e-04
5.94000 3.010254e-04
5.94100 2.890582e-04
5.94200 2.952372e-04
5.94300 2.905339e-04
5.94400 2.886160e-04
5.94500 2.950317e-04
5.94600 2.944903e-04
5.94700 2.960955e-04
5.94800 2.985815e-04
5.94900 2.964302e-04
5.95000 2.902783e-04
5.95100 2.982577e-04
5.95200 2.916582e-04
5.95300 2.937117e-04
5.95400 3.033212e-04
5.95500 2.880490e-04
5.95600 2.898605e-04
5.95700 2.963988e-04
5.95800 2.962526e-04
5.95900 2.940985e-04
5.96000 2.934179e-04
5.96100 2.911440e-04
5.96200 2.961107e-04
5.96300 2.845705e-04
5.96400 2.847518e-04
5.96500 2.840928e-04
5.96600 2.936935e-04
5.96700 2.862338e-04
5.96800 2.902565e-04
5.96900 2.913433e-04
5.97000 2.946221e-04
5.97100 3.029450e-04
5.97200 2.939783e-04
5.97300 2.898437e-04
5.97400 3.026943e-04
5.97500 2.915101e-04
5.97600 2.910257e-04
5.97700 2.921559e-04
5.97800 2.889954e-04
5.97900 2.911353e-04
5.98000 2.870723e-04
5.98100 2.868311e-04
5.98200 2.933863e-04
5.98300 2.868075e-04
5.98400 2.953930e-04
5.98500 2.821422e-04
5.98600 2.951521e-04
5.98700 2.893992e-04
5.98800 2.909709e-04
5.98900 2.892704e-04
5.99000 2.902018e-04
5.99100 2.822717e-04
5.99200 2.976316e-04
5.99300 2.834797e-04
5.99400 2.964664e-04
5.99500 2.865398e-04
5.99600 2.899783e-04
5.99700 2.800177e-04
5.99800 2.910699e-04
5.99900 2.901991e-04
6.00000 2.965996e-04
6.00100 2.826071e-04
6.00200 2.894723e-04
6.00300 2.833413e-04
6.00400 2.875808e-04
6.00500 2.826583e-04
6.00600 2.939557e-04
6.00700 2.914819e-04
6.00800 2.850498e-04
6.00900 2.926731e-04
6.01000 2.841042e-04
6.01100 2.876698e-04
6.01200 2.850202e-04
6.01300 2.851588e-04
6.01400 2.867502e-04
6.01500 2.854019e-04
6.01600 2.807130e-04
6.01700 2.877464e-04
6.01800 2.859629e-04
6.01900 2.874123e-04
6.02000 2.894155e-04
6.02100 2.887827e-04
6.02200 2.891230e-04
6.02300 2.868868e-04
6.02400 2.925043e-04
6.02500 2.847125e-04
6.02600 2.864240e-04
6.02700 2.871694e-04
6.02800 2.826956e-04
6.02900 2.831507e-04
6.03000 2.867160e-04
6.03100 2.800844e-04
6.03200 2.923325e-04
6.03300 2.839063e-04
6.03400 2.831317e-04
6.03500 2.917462e-04
6.03600 2.854710e-04
6.03700 2.895691e-04
6.03800 2.881207e-04
6.03900 2.855703e-04
6.04000 2.791217e-04
6.04100 2.834695e-04
6.04200 2.940898e-04
6.04300 2.796387e-04
6.04400 2.877150e-04
6.04500 2.851009e-04
6.04600 2.803072e-04
6.04700 2.855466e-04
6.04800 2.838123e-04
6.04900 2.816388e-04
6.05000 2.874473e-04
6.05100 2.905637e-04
6.05200 2.841404e-04
6.05300 2.716608e-04
6.05400 2.829196e-04
6.05500 2.786047e-04
6.05600 2.858940e-04
6.05700 2.837448e-04
6.05800 2.808457e-04
6.05900 2.819743e-04
6.06000 2.895431e-04
6.06100 2.811804e-04
6.06200 2.805821e-04
6.06300 2.793799e-04
6.06400 2.799211e-04
6.06500 2.750676e-04
6.06600 2.849027e-04
6.06700 2.781740e-04
6.06800 2.862973e-04
6.06900 2.781208e-04
6.07000 2.870709e-04
6.07100 2.775648e-04
6.07200 2.811025e-04
6.07300 2.836822e-04
6.07400 2.817128e-04
6.07500 2.809399e-04
6.07600 2.798299e-04
6.07700 2.820464e-04
6.07800 2.847663e-04
6.07900 2.756116e-04
6.08000 2.771901e-04
6.08100 2.828736e-04
6.08200 2.823571e-04
6.08300 2.826755e-04
6.08400 2.791461e-04
6.08500 2.762773e-04
6.08600 2.809075e-04
6.08700 2.814970e-04
6.08800 2.821942e-04
6.08900 2.787773e-04
6.09000 2.794651e-04
6.09100 2.776171e-04
6.09200 2.817883e-04
6.09300 2.756172e-04
6.09400 2.839448e-04
6.09500 2.705940e-04
6.09600 2.881321e-04
6.09700 2.790938e-04
6.09800 2.867210e-04
6.09900 2.760415e-04
6.10000 2.809763e-04
6.10100 2.744431e-04
6.10200 2.946219e-04
6.10300 2.772820e-04
6.10400 2.851177e-04
6.10500 2.778245e-04
6.10600 2.831643e-04
6.10700 2.770775e-04
6.10800 2.796632e-04
6.10900 2.800434e-04
6.11000 2.781729e-04
6.11100 2.805143e-04
6.11200 2.835647e-04
6.11300 2.797522e-04
6.11400 2.823313e-04
6.11500 2.785278e-04
6.11600 2.814154e-04
6.11700 2.773879e-04
6.11800 2.779581e-04
6.11900 2.788757e-04
6.12000 2.727817e-04
6.12100 2.792873e-04
6.12200 2.835242e-04
6.12300 2.713528e-04
6.12400 2.770253e-04
6.12500 2.719069e-04
6.12600 2.788820e-04
6.12700 2.806664e-04
6.12800 2.766853e-04
6.12900 2.777470e-04
6.13000 2.795556e-04
6.13100 2.775508e-04
6.13200 2.767328e-04
6.13300 2.761539e-04
6.13400 2.745543e-04
6.13500 2.794864e-04
6.13600 2.749554e-04
6.13700 2.755301e-04
6.13800 2.784601e-04
6.13900 2.658962e-04
6.14000 2.774750e-04
6.14100 2.734915e-04
6.14200 2.747249e-04
6.14300 2.716422e-04
6.14400 2.752650e-04
6.14500 2.729133e-04
6.14600 2.790617e-04
6.14700 2.693528e-04
6.14800 2.748637e-04
6.14900 2.774625e-04
6.15000 2.788952e-04
6.15100 2.734621e-04
6.15200 2.684645e-04
6.15300 2.752934e-04
6.15400 2.787468e-04
6.15500 2.742246e-04
6.15600 2.755355e-04
6.15700 2.693331e-04
6.15800 2.818281e-04
6.15900 2.749448e-04
6.16000 2.740141e-04
6.16100 2.718872e-04
6.16200 2.756535e-04
6.16300 2.790352e-04
6.16400 2.731160e-04
6.16500 2.679828e-04
6.16600 2.777791e-04
6.16700 2.728963e-04
6.16800 2.756709e-04
6.16900 2.786211e-04
6.17000 2.777057e-04
6.17100 2.665349e-04
6.17200 2.755401e-04
6.17300 2.739972e-04
6.17400 2.708179e-04
6.17500 2.683826e-04
6.17600 2.719228e-04
6.17700 2.716618e-04
6.17800 2.749673e-04
6.17900 2.725879e-04
6.18000 2.733208e-04
6.18100 2.715202e-04
6.18200 2.722803e-04
6.18300 2.730273e-04
6.18400 2.726580e-04
6.18500 2.736560e-04
6.18600 2.696173e-04
6.18700 2.683134e-04
6.18800 2.739270e-04
6.18900 2.691320e-04
6.19000 2.721720e-04
6.19100 2.664439e-04
6.19200 2.728416e-04
6.19300 2.714337e-04
6.19400 2.709265e-04
6.19500 2.709677e-04
6.19600 2.711836e-04
6.19700 2.679136e-04
6.19800 2.746027e-04
6.19900 2.687451e-04
6.20000 2.690006e-04
6.20100 2.775339e-04
6.20200 2.772100e-04
6.20300 2.609692e-04
6.20400 2.719177e-04
6.20500 2.630934e-04
6.20600 2.664627e-04
6.20700 2.741142e-04
6.20800 2.682991e-04
6.20900 2.694784e-04
6.21000 2.721419e-04
6.21100 2.723514e-04
6.21200 2.694042e-04
6.21300 2.638657e-04
6.21400 2.702077e-04
6.21500 2.692319e-04
6.21600 2.706543e-04
6.21700 2.629732e-04
6.21800 2.682588e-04
6.21900 2.698742e-04
6.22000 2.759998e-04
6.22100 2.630470e-04
6.22200 2.745504e-04
6.22300 2.681636e-04
6.22400 2.755010e-04
6.22500 2.705761e-04
6.22600 2.725003e-04
6.22700 2.635887e-04
6.22800 2.654130e-04
6.22900 2.652329e-04
6.23000 2.703107e-04
6.23100 2.640837e-04
6.23200 2.622185e-04
6.23300 2.660364e-04
6.23400 2.733426e-04
6.23500 2.659188e-04
6.23600 2.683765e-04
6.23700 2.684074e-04
6.23800 2.645346e-04
6.23900 2.692533e-04
6.24000 2.653636e-04
6.24100 2.603933e-04
6.24200 2.790403e-04
6.24300 2.668071e-04
6.24400 2.612978e-04
6.24500 2.670134e-04
6.24600 2.684808e-04
6.24700 2.710203e-04
6.24800 2.677620e-04
6.24900 2.653977e-04
6.25000 2.711271e-04
6.25100 2.621947e-04
6.25200 2.668689e-04
6.25300 2.645932e-04
6.25400 2.677039e-04
6.25500 2.647960e-04
6.25600 2.621342e-04
6.25700 2.606478e-04
6.25800 2.678562e-04
6.25900 2.585732e-04
6.26000 2.683842e-04
6.26100 2.648386e-04
6.26200 2.678366e-04
6.26300 2.698794e-04
6.26400 2.638693e-04
6.26500 2.590137e-04
6.26600 2.644031e-04
6.26700 2.524269e-04
6.26800 2.674491e-04
6.26900 2.619063e-04
6.27000 2.652539e-04
6.27100 2.614113e-04
6.27200 2.652929e-04
6.27300 2.671897e-04
6.27400 2.633132e-04
6.27500 2.633491e-04
6.27600 2.656579e-04
6.27700 2.628691e-04
6.27800 2.622091e-04
6.27900 2.573243e-04
6.28000 2.735984e-04
6.28100 2.704828e-04
6.28200 2.670733e-04
6.28300 2.670987e-04
6.28400 2.626576e-04
6.28500 2.557893e-04
6.28600 2.604586e-04
6.28700 2.631724e-04
6.28800 2.623543e-04
6.28900 2.594795e-04
6.29000 2.617143e-04
6.29100 2.611692e-04
6.29200 2.676594e-04
6.29300 2.564888e-04
6.29400 2.635403e-04
6.29500 2.607001e-04
6.29600 2.595264e-04
6.29700 2.629736e-04
6.29800 2.687644e-04
6.29900 2.665570e-04
6.30000 2.597141e-04
6.30100 2.612151e-04
6.30200 2.648301e-04
6.30300 2.622274e-04
6.30400 2.599258e-04
6.30500 2.656635e-04
6.30600 2.645285e-04
6.30700 2.555474e-04
6.30800 2.645379e-04
6.30900 2.531742e-04
6.31000 2.552800e-04
6.31100 2.594519e-04
6.31200 2.588795e-04
6.31300 2.547120e-04
6.31400 2.611606e-04
6.31500 2.483472e-04
6.31600 2.666885e-04
6.31700 2.563848e-04
6.31800 2.611372e-04
6.31900 2.540663e-04
6.32000 2.628221e-04
6.32100 2.583811e-04
6.32200 2.601611e-04
6.32300 2.546317e-04
6.32400 2.585028e-04
6.32500 2.586946e-04
6.32600 2.605006e-04
6.32700 2.643210e-04
6.32800 2.594836e-04
6.32900 2.606379e-04
6.33000 2.683806e-04
6.33100 2.596172e-04
6.33200 2.620263e-04
6.33300 2.567214e-04
6.33400 2.577129e-04
6.33500 2.533319e-04
6.33600 2.630164e-04
6.33700 2.625237e-04
6.33800 2.591447e-04
6.33900 2.571405e-04
6.34000 2.597484e-04
6.34100 2.569645e-04
6.34200 2.581634e-04
6.34300 2.638417e-04
6.34400 2.589235e-04
6.34500 2.557933e-04
6.34600 2.602948e-04
6.34700 2.589907e-04
6.34800 2.629550e-04
6.34900 2.555103e-04
6.35000 2.547579e-04
6.35100 2.514704e-04
6.35200 2.564699e-04
6.35300 2.571660e-04
6.35400 2.635127e-04
6.35500 2.567451e-04
6.35600 2.541247e-04
6.35700 2.575843e-04
6.35800 2.622000e-04
6.35900 2.550619e-04
6.36000 2.538391e-04
6.36100 2.598088e-04
6.36200 2.566800e-04
6.36300 2.591890e-04
6.36400 2.531173e-04
6.36500 2.523029e-04
6.36600 2.561178e-04
6.36700 2.562941e-04
6.36800 2.573348e-04
6.36900 2.530005e-04
6.37000 2.574715e-04
6.37100 2.522368e-04
6.37200 2.613724e-04
6.37300 2.526911e-04
6.37400 2.601963e-04
6.37500 2.543141e-04
6.37600 2.580280e-04
6.37700 2.523225e-04
6.37800 2.614789e-04
6.37900 2.550713e-04
6.38000 2.567620e-04
6.38100 2.531925e-04
6.38200 2.640580e-04
6.38300 2.489618e-04
6.38400 2.587572e-04
6.38500 2.460669e-04
6.38600 2.607627e-04
6.38700 2.538803e-04
6.38800 2.553710e-04
6.38900 2.573864e-04
6.39000 2.620262e-04
6.39100 2.607750e-04
6.39200 2.564159e-04
6.39300 2.560258e-04
6.39400 2.534233e-04
6.39500 2.481972e-04
6.39600 2.494889e-04
6.39700 2.522582e-04
6.39800 2.564338e-04
6.39900 2.605035e-04
6.40000 2.551313e-04
6.40100 2.548125e-04
6.40200 2.534866e-04
6.40300 2.535952e-04
6.40400 2.565222e-04
6.40500 2.539154e-04
6.40600 2.521997e-04
6.40700 2.528483e-04
6.40800 2.586332e-04
6.40900 2.530321e-04
6.41000 2.553438e-04
6.41100 2.453852e-04
6.41200 2.468351e-04
6.41300 2.531104e-04
6.41400 2.540264e-04
6.41500 2.522000e-04
6.41600 2.473021e-04
6.41700 2.519683e-04
6.41800 2.571561e-04
6.41900 2.506467e-04
6.42000 2.561058e-04
6.42100 2.522622e-04
6.42200 2.582853e-04
6.42300 2.564498e-04
6.42400 2.487674e-04
6.42500 2.477480e-04
6.42600 2.535860e-04
6.42700 2.563036e-04
6.42800 2.570248e-04
6.42900 2.513929e-04
6.43000 2.492499e-04
6.43100 2.539775e-04
6.43200 2.584767e-04
6.43300 2.506830e-04
6.43400 2.510424e-04
6.43500 2.476228e-04
6.43600 2.544491e-04
6.43700 2.497013e-04
6.43800 2.517906e-04
6.43900 2.475758e-04
6.44000 2.516514e-04
6.44100 2.451649e-04
6.44200 2.492708e-04
6.44300 2.475832e-04
6.44400 2.576842e-04
6.44500 2.497047e-04
6.44600 2.503771e-04
6.44700 2.483334e-04
6.44800 2.512849e-04
6.44900 2.445575e-04
6.45000 2.538952e-04
6.45100 2.499146e-04
6.45200 2.516895e-04
6.45300 2.509527e-04
6.45400 2.541753e-04
6.45500 2.472349e-04
6.45600 2.519736e-04
6.45700 2.504946e-04
6.45800 2.461195e-04
6.45900 2.503849e-04
6.46000 2.518939e-04
6.46100 2.448772e-04
6.46200 2.581989e-04
6.46300 2.451241e-04
6.46400 2.470337e-04
6.46500 2.527097e-04
6.46600 2.459819e-04
6.46700 2.470258e-04
6.46800 2.466488e-04
6.46900 2.505595e-04
6.47000 2.508684e-04
6.47100 2.465016e-04
6.47200 2.567980e-04
6.47300 2.467115e-04
6.47400 2.467934e-04
6.47500 2.427980e-04
6.47600 2.485667e-04
6.47700 2.494800e-04
6.47800 2.529159e-04
6.47900 2.481850e-04
6.48000 2.526969e-04
6.48100 2.447191e-04
6.48200 2.509670e-04
6.48300 2.459864e-04
6.48400 2.490746e-04
6.48500 2.467796e-04
6.48600 2.443748e-04
6.48700 2.473092e-04
6.48800 2.471487e-04
6.48900 2.563637e-04
6.49000 2.524531e-04
6.49100 2.445459e-04
6.49200 2.514369e-04
6.49300 2.461009e-04
6.49400 2.449292e-04
6.49500 2.482527e-04
6.49600 2.445858e-04
6.49700 2.482051e-04
6.49800 2.497301e-04
6.49900 2.413531e-04
6.50000 2.518298e-04
6.50100 2.506631e-04
6.50200 2.465819e-04
6.50300 2.413199e-04
6.50400 2.460821e-04
6.50500 2.493058e-04
6.50600 2.437045e-04
6.50700 2.473097e-04
6.50800 2.411200e-04
6.50900 2.448952e-04
6.51000 2.468184e-04
6.51100 2.438909e-04
6.51200 2.546679e-04
6.51300 2.455290e-04
6.51400 2.455977e-04
6.51500 2.417933e-04
6.51600 2.414217e-04
6.51700 2.463324e-04
6.51800 2.482658e-04
6.51900 2.377225e-04
6.52000 2.504071e-04
6.52100 2.420228e-04
6.52200 2.482709e-04
6.52300 2.468331e-04
6.52400 2.421502e-04
6.52500 2.401636e-04
6.52600 2.489205e-04
6.52700 2.453134e-04
6.52800 2.453373e-04
6.52900 2.435534e-04
6.53000 2.437285e-04
6.53100 2.385019e-04
6.53200 2.522266e-04
6.53300 2.491988e-04
6.53400 2.449104e-04
6.53500 2.381002e-04
6.53600 2.423164e-04
6.53700 2.418467e-04
6.53800 2.442940e-04
6.53900 2.427456e-04
6.54000 2.492176e-04
6.54100 2.424389e-04
6.54200 2.370629e-04
6.54300 2.468422e-04
6.54400 2.489682e-04
6.54500 2.376511e-04
6.54600 2.469935e-04
6.54700 2.450177e-04
6.54800 2.475457e-04
6.54900 2.369664e-04
6.55000 2.385652e-04
6.55100 2.374618e-04
6.55200 2.436306e-04
6.55300 2.443189e-04
6.55400 2.398167e-04
6.55500 2.460704e-04
6.55600 2.461396e-04
6.55700 2.383480e-04
6.55800 2.411964e-04
6.55900 2.429310e-04
6.56000 2.420586e-04
6.56100 2.402466e-04
6.56200 2.449759e-04
6.56300 2.426214e-04
6.56400 2.376509e-04
6.56500 2.385197e-04
6.56600 2.424617e-04
6.56700 2.408650e-04
6.56800 2.394527e-04
6.56900 2.380622e-04
6.57000 2.470762e-04
6.57100 2.428776e-04
6.57200 2.393279e-04
6.57300 2.384106e-04
6.57400 2.404635e-04
6.57500 2.418321e-04
6.57600 2.419103e-04
6.57700 2.377696e-04
6.57800 2.407919e-04
6.57900 2.357550e-04
6.58000 2.427732e-04
6.58100 2.392130e-04
6.58200 2.463364e-04
6.58300 2.397473e-04
6.58400 2.393895e-04
6.58500 2.448176e-04
6.58600 2.403703e-04
6.58700 2.372623e-04
6.58800 2.372194e-04
6.58900 2.414702e-04
6.59000 2.421383e-04
6.59100 2.399737e-04
6.59200 2.455541e-04
6.59300 2.409442e-04
6.59400 2.409812e-04
6.59500 2.377572e-04
6.59600 2.398512e-04
6.59700 2.423571e-04
6.59800 2.419981e-04
6.59900 2.426784e-04
6.60000 2.427897e-04
6.60100 2.405253e-04
6.60200 2.421100e-04
6.60300 2.372965e-04
6.60400 2.352864e-04
6.60500 2.344206e-04
6.60600 2.410280e-04
6.60700 2.419545e-04
6.60800 2.408159e-04
6.60900 2.401274e-04
6.61000 2.347742e-04
6.61100 2.423845e-04
6.61200 2.380731e-04
6.61300 2.384030e-04
6.61400 2.409416e-04
6.61500 2.346842e-04
6.61600 2.407270e-04
6.61700 2.366120e-04
6.61800 2.321886e-04
6.61900 2.336756e-04
6.62000 2.383478e-04
6.62100 2.350850e-04
6.62200 2.394134e-04
6.62300 2.363843e-04
6.62400 2.389622e-04
6.62500 2.307705e-04
6.62600 2.343462e-04
6.62700 2.362845e-04
6.62800 2.388927e-04
6.62900 2.325709e-04
6.63000 2.449697e-04
6.63100 2.363915e-04
6.63200 2.421150e-04
6.63300 2.409832e-04
6.63400 2.351160e-04
6.63500 2.347775e-04
6.63600 2.323022e-04
6.63700 2.314163e-04
6.63800 2.388463e-04
6.63900 2.344473e-04
6.64000 2.396629e-04
6.64100 2.344693e-04
6.64200 2.388306e-04
6.64300 2.348927e-04
6.64400 2.330275e-04
6.64500 2.357670e-04
6.64600 2.387258e-04
6.64700 2.339519e-04
6.64800 2.374353e-04
6.64900 2.326216e-04
6.65000 2.360816e-04
6.65100 2.270254e-04
6.65200 2.359433e-04
6.65300 2.344249e-04
6.65400 2.377917e-04
6.65500 2.347114e-04
6.65600 2.392306e-04
6.65700 2.315861e-04
6.65800 2.347393e-04
6.65900 2.354182e-04
6.66000 2.357891e-04
6.66100 2.341299e-04
6.66200 2.290000e-04
6.66300 2.324572e-04
6.66400 2.360956e-04
6.66500 2.377014e-04
6.66600 2.296655e-04
6.66700 2.336793e-04
6.66800 2.355505e-04
6.66900 2.347400e-04
6.67000 2.370983e-04
6.67100 2.306845e-04
6.67200 2.355545e-04
6.67300 2.358130e-04
6.67400 2.408197e-04
6.67500 2.316491e-04
6.67600 2.336402e-04
6.67700 2.299905e-04
6.67800 2.385818e-04
6.67900 2.340649e-04
6.68000 2.313421e-04
6.68100 2.274749e-04
6.68200 2.354635e-04
6.68300 2.376314e-04
6.68400 2.325540e-04
6.68500 2.289423e-04
6.68600 2.350804e-04
6.68700 2.346166e-04
6.68800 2.294843e-04
6.68900 2.322402e-04
6.69000 2.275631e-04
6.69100 2.328181e-04
6.69200 2.328183e-04
6.69300 2.328721e-04
6.69400 2.394484e-04
6.69500 2.316274e-04
6.69600 2.324320e-04
6.69700 2.220955e-04
6.69800 2.307835e-04
6.69900 2.338850e-04
6.70000 2.310706e-04
6.70100 2.292209e-04
6.70200 2.306860e-04
6.70300 2.294415e-04
6.70400 2.365109e-04
6.70500 2.274086e-04
6.70600 2.320857e-04
6.70700 2.293384e-04
6.70800 2.366654e-04
6.70900 2.347018e-04
6.71000 2.299876e-04
6.71100 2.342494e-04
6.71200 2.373818e-04
6.71300 2.286334e-04
6.71400 2.311871e-04
6.71500 2.314530e-04
6.71600 2.365847e-04
6.71700 2.266007e-04
6.71800 2.317288e-04
6.71900 2.248699e-04
6.72000 2.333398e-04
6.72100 2.294635e-04
6.72200 2.358863e-04
6.72300 2.295396e-04
6.72400 2.296120e-04
6.72500 2.301217e-04
6.72600 2.330207e-04
6.72700 2.319133e-04
6.72800 2.272195e-04
6.72900 2.284856e-04
6.73000 2.324523e-04
6.73100 2.308566e-04
6.73200 2.336874e-04
6.73300 2.251515e-04
6.73400 2.370507e-04
6.73500 2.280781e-04
6.73600 2.321629e-04
6.73700 2.266174e-04
6.73800 2.302103e-04
6.73900 2.280705e-04
6.74000 2.283787e-04
6.74100 2.289559e-04
6.74200 2.337590e-04
6.74300 2.286275e-04
6.74400 2.273711e-04
6.74500 2.325059e-04
6.74600 2.294658e-04
6.74700 2.279544e-04
6.74800 2.301892e-04
6.74900 2.267157e-04
6.75000 2.343528e-04
6.75100 2.311339e-04
6.75200 2.305499e-04
6.75300 2.210917e-04
6.75400 2.275148e-04
6.75500 2.286142e-04
6.75600 2.259271e-04
6.75700 2.289000e-04
6.75800 2.264464e-04
6.75900 2.296311e-04
6.76000 2.329704e-04
6.76100 2.313477e-04
6.76200 2.298421e-04
6.76300 2.238831e-04
6.76400 2.334838e-04
6.76500 2.207543e-04
6.76600 2.243695e-04
6.76700 2.248840e-04
6.76800 2.253518e-04
6.76900 2.234171e-04
6.77000 2.291342e-04
6.77100 2.303701e-04
6.77200 2.272409e-04
6.77300 2.232748e-04
6.77400 2.288887e-04
6.77500 2.315343e-04
6.77600 2.315919e-04
6.77700 2.245785e-04
6.77800 2.232011e-04
6.77900 2.269585e-04
6.78000 2.296302e-04
6.78100 2.245140e-04
6.78200 2.279464e-04
6.78300 2.293925e-04
6.78400 2.283842e-04
6.78500 2.225988e-04
6.78600 2.255139e-04
6.78700 2.281607e-04
6.78800 2.321266e-04
6.78900 2.240343e-04
6.79000 2.262403e-04
6.79100 2.237558e-04
6.79200 2.295254e-04
6.79300 2.257422e-04
6.79400 2.253638e-04
6.79500 2.295157e-04
6.79600 2.317212e-04
6.79700 2.259173e-04
6.79800 2.307578e-04
6.79900 2.258576e-04
6.80000 2.322277e-04
6.80100 2.335607e-04
6.80200 2.228327e-04
6.80300 2.238778e-04
6.80400 2.258374e-04
6.80500 2.288266e-04
6.80600 2.260447e-04
6.80700 2.227393e-04
6.80800 2.249974e-04
6.80900 2.226009e-04
6.81000 2.258990e-04
6.81100 2.216798e-04
6.81200 2.266067e-04
6.81300 2.217282e-04
6.81400 2.250316e-04
6.81500 2.252841e-04
6.81600 2.264838e-04
6.81700 2.260632e-04
6.81800 2.322204e-04
6.81900 2.252588e-04
6.82000 2.247413e-04
6.82100 2.179879e-04
6.82200 2.197110e-04
6.82300 2.253292e-04
6.82400 2.186699e-04
6.82500 2.201236e-04
6.82600 2.224285e-04
6.82700 2.234055e-04
6.82800 2.290800e-04
6.82900 2.258083e-04
6.83000 2.243160e-04
6.83100 2.245688e-04
6.83200 2.271546e-04
6.83300 2.243824e-04
6.83400 2.259227e-04
6.83500 2.215546e-04
6.83600 2.306977e-04
6.83700 2.194256e-04
6.83800 2.244446e-04
6.83900 2.233017e-04
6.84000 2.206804e-04
6.84100 2.212929e-04
6.84200 2.256557e-04
6.84300 2.263938e-04
6.84400 2.188396e-04
6.84500 2.208454e-04
6.84600 2.264265e-04
6.84700 2.188557e-04
6.84800 2.229033e-04
6.84900 2.239653e-04
6.85000 2.184561e-04
6.85100 2.227015e-04
6.85200 2.231077e-04
6.85300 2.165334e-04
6.85400 2.259169e-04
6.85500 2.225396e-04
6.85600 2.229923e-04
6.85700 2.199552e-04
6.85800 2.186653e-04
6.85900 2.171127e-04
6.86000 2.259226e-04
6.86100 2.180898e-04
6.86200 2.197979e-04
6.86300 2.246998e-04
6.86400 2.210638e-04
6.86500 2.229260e-04
6.86600 2.224372e-04
6.86700 2.156560e-04
6.86800 2.268200e-04
6.86900 2.252562e-04
6.87000 2.143956e-04
6.87100 2.202393e-04
6.87200 2.201245e-04
6.87300 2.190877e-04
6.87400 2.169968e-04
6.87500 2.187791e-04
6.87600 2.235641e-04
6.87700 2.228005e-04
6.87800 2.226086e-04
6.87900 2.163698e-04
6.88000 2.206052e-04
6.88100 2.199909e-04
6.88200 2.194497e-04
6.88300 2.160214e-04
6.88400 2.170151e-04
6.88500 2.206960e-04
6.88600 2.165996e-04
6.88700 2.110250e-04
6.88800 2.258973e-04
6.88900 2.161980e-04
6.89000 2.161624e-04
6.89100 2.171995e-04
6.89200 2.242752e-04
6.89300 2.245356e-04
6.89400 2.177777e-04
6.89500 2.173201e-04
6.89600 2.219549e-04
6.89700 2.245976e-04
6.89800 2.235944e-04
6.89900 2.233370e-04
6.90000 2.173682e-04
6.90100 2.178030e-04
6.90200 2.194503e-04
6.90300 2.218049e-04
6.90400 2.189389e-04
6.90500 2.161507e-04
6.90600 2.165776e-04
6.90700 2.213409e-04
6.90800 2.181830e-04
6.90900 2.148406e-04
6.91000 2.214899e-04
6.91100 2.132396e-04
6.91200 2.206380e-04
6.91300 2.161774e-04
6.91400 2.139980e-04
6.91500 2.160621e-04
6.91600 2.142576e-04
6.91700 2.195807e-04
6.91800 2.230280e-04
6.91900 2.133316e-04
6.92000 2.245508e-04
6.92100 2.156075e-04
6.92200 2.149571e-04
6.92300 2.197958e-04
6.92400 2.181293e-04
6.92500 2.162763e-04
6.92600 2.225983e-04
6.92700 2.087553e-04
6.92800 2.229272e-04
6.92900 2.169507e-04
6.93000 2.197180e-04
6.93100 2.122047e-04
6.93200 2.214213e-04
6.93300 2.136325e-04
6.93400 2.181654e-04
6.93500 2.167282e-04
6.93600 2.158819e-04
6.93700 2.161908e-04
6.93800 2.187632e-04
6.93900 2.191245e-04
6.94000 2.185094e-04
6.94100 2.142937e-04
6.94200 2.192690e-04
6.94300 2.106244e-04
6.94400 2.192568e-04
6.94500 2.087661e-04
6.94600 2.084079e-04
6.94700 2.139073e-04
6.94800 2.181777e-04
6.94900 2.163086e-04
6.95000 2.168601e-04
6.95100 2.145218e-04
6.95200 2.182775e-04
6.95300 2.096728e-04
6.95400 2.163069e-04
6.95500 2.169556e-04
6.95600 2.128068e-04
6.95700 2.195197e-04
6.95800 2.168986e-04
6.95900 2.101090e-04
6.96000 2.154979e-04
6.96100 2.184062e-04
6.96200 2.174974e-04
6.96300 2.141774e-04
6.96400 2.147290e-04
6.96500 2.113007e-04
6.96600 2.165719e-04
6.96700 2.143907e-04
6.96800 2.170189e-04
6.96900 2.106491e-04
6.97000 2.179137e-04
6.97100 2.088731e-04
6.97200 2.200405e-04
6.97300 2.140105e-04
6.97400 2.181710e-04
6.97500 2.094706e-04
6.97600 2.177357e-04
6.97700 2.130146e-04
6.97800 2.142641e-04
6.97900 2.123087e-04
6.98000 2.183817e-04
6.98100 2.145197e-04
6.98200 2.142917e-04
6.98300 2.110978e-04
6.98400 2.137062e-04
6.98500 2.104971e-04
6.98600 2.124769e-04
6.98700 2.086039e-04
6.98800 2.143454e-04
6.98900 2.151680e-04
6.99000 2.121335e-04
6.99100 2.141426e-04
6.99200 2.167479e-04
6.99300 2.101792e-04
6.99400 2.204356e-04
6.99500 2.156098e-04
6.99600 2.211338e-04
6.99700 2.085027e-04
6.99800 2.137246e-04
6.99900 2.133363e-04
7.00000 2.115169e-04
7.00100 2.057528e-04
7.00200 2.122524e-04
7.00300 2.107129e-04
7.00400 2.097751e-04
7.00500 2.096892e-04
7.00600 2.159880e-04
7.00700 2.104169e-04
7.00800 2.181320e-04
7.00900 2.135472e-04
7.01000 2.107835e-04
7.01100 2.098383e-04
7.01200 2.143813e-04
7.01300 2.124855e-04
7.01400 2.134497e-04
7.01500 2.101808e-04
7.01600 2.163131e-04
7.01700 2.071218e-04
7.01800 2.092206e-04
7.01900 2.091486e-04
7.02000 2.138577e-04
7.02100 2.098960e-04
7.02200 2.164517e-04
7.02300 2.110447e-04
7.02400 2.128861e-04
7.02500 2.123041e-04
7.02600 2.133430e-04
7.02700 2.103407e-04
7.02800 2.115141e-04
7.02900 2.090892e-04
7.03000 2.111202e-04
7.03100 2.131771e-04
7.03200 2.044434e-04
7.03300 2.064795e-04
7.03400 2.081294e-04
7.03500 2.080173e-04
7.03600 2.097235e-04
7.03700 2.064187e-04
7.03800 2.098672e-04
7.03900 2.059112e-04
7.04000 2.132496e-04
7.04100 2.078055e-04
7.04200 2.134070e-04
7.04300 2.075682e-04
7.04400 2.082718e-04
7.04500 2.098734e-04
7.04600 2.178546e-04
7.04700 2.092856e-04
7.04800 2.136517e-04
7.04900 2.130048e-04
7.05000 2.095616e-04
7.05100 2.105257e-04
7.05200 2.127164e-04
7.05300 2.092845e-04
7.05400 2.097761e-04
7.05500 2.087250e-04
7.05600 2.153805e-04
7.05700 2.062458e-04
7.05800 2.101763e-04
7.05900 2.120343e-04
7.06000 2.154750e-04
7.06100 2.059075e-04
7.06200 2.129747e-04
7.06300 2.093868e-04
7.06400 2.142264e-04
7.06500 2.108133e-04
7.06600 2.072525e-04
7.06700 2.071359e-04
7.06800 2.129693e-04
7.06900 2.037472e-04
7.07000 2.121389e-04
7.07100 2.102297e-04
7.07200 2.115857e-04
7.07300 2.073213e-04
7.07400 2.079234e-04
7.07500 2.113322e-04
7.07600 2.088742e-04
7.07700 2.051753e-04
7.07800 2.073284e-04
7.07900 2.079981e-04
7.08000 2.073553e-04
7.08100 2.143041e-04
7.08200 2.071895e-04
7.08300 2.024939e-04
7.08400 2.131854e-04
7.08500 2.057305e-04
7.08600 2.072339e-04
7.08700 2.065807e-04
7.08800 2.071663e-04
7.08900 2.085362e-04
7.09000 2.106140e-04
7.09100 2.018528e-04
7.09200 2.121283e-04
7.09300 2.078633e-04
7.09400 2.105520e-04
7.09500 2.039675e-04
7.09600 2.079026e-04
7.09700 2.061563e-04
7.09800 2.055674e-04
7.09900 2.052210e-04
7.10000 2.061918e-04
7.10100 2.071609e-04
7.10200 2.055716e-04
7.10300 2.051349e-04
7.10400 2.079750e-04
7.10500 2.066051e-04
7.10600 2.104246e-04
7.10700 2.020615e-04
7.10800 2.087618e-04
7.10900 1.988246e-04
7.11000 2.051977e-04
7.11100 2.065035e-04
7.11200 2.092644e-04
7.11300 2.050762e-04
7.11400 2.049316e-04
7.11500 1.996125e-04
7.11600 2.060031e-04
7.11700 2.049890e-04
7.11800 2.062743e-04
7.11900 2.075593e-04
7.12000 2.057275e-04
7.12100 2.039051e-04
7.12200 2.027034e-04
7.12300 2.032012e-04
7.12400 2.072430e-04
7.12500 1.997483e-04
7.12600 2.072882e-04
7.12700 2.070827e-04
7.12800 2.122665e-04
7.12900 2.036674e-04
7.13000 2.057584e-04
7.13100 2.004754e-04
7.13200 2.055275e-04
7.13300 1.998861e-04
7.13400 2.084558e-04
7.13500 2.066319e-04
7.13600 2.027858e-04
7.13700 2.041899e-04
7.13800 2.094136e-04
7.13900 2.099779e-04
7.14000 2.059874e-04
7.14100 1.995070e-04
7.14200 2.031260e-04
7.14300 2.072851e-04
7.14400 2.051085e-04
7.14500 2.032006e-04
7.14600 2.072617e-04
7.14700 2.050029e-04
7.14800 2.071287e-04
7.14900 2.004409e-04
7.15000 2.039716e-04
7.15100 2.068058e-04
7.15200 2.066103e-04
7.15300 2.016068e-04
7.15400 2.060427e-04
7.15500 2.026783e-04
7.15600 2.076222e-04
7.15700 2.020753e-04
7.15800 2.002251e-04
7.15900 2.038054e-04
7.16000 2.055632e-04
7.16100 2.056412e-04
7.16200 2.040314e-04
7.16300 1.967495e-04
7.16400 2.012913e-04
7.16500 2.050931e-04
7.16600 2.092483e-04
7.16700 2.016035e-04
7.16800 2.062088e-04
7.16900 2.029804e-04
7.17000 2.038867e-04
7.17100 2.066047e-04
7.17200 2.009074e-04
7.17300 2.053682e-04
7.17400 1.996862e-04
7.17500 2.066561e-04
7.17600 2.028272e-04
7.17700 1.998764e-04
7.17800 2.006756e-04
7.17900 2.004165e-04
7.18000 2.006322e-04
7.18100 2.054084e-04
7.18200 1.995535e-04
7.18300 1.964602e-04
7.18400 2.040083e-04
7.18500 2.040549e-04
7.18600 2.074762e-04
7.18700 2.005158e-04
7.18800 2.081806e-04
7.18900 1.980794e-04
7.19000 1.976243e-04
7.19100 2.062319e-04
7.19200 2.036957e-04
7.19300 1.983898e-04
7.19400 2.093818e-04
7.19500 1.983841e-04
7.19600 2.050216e-04
7.19700 1.981236e-04
7.19800 1.996169e-04
7.19900 2.000367e-04
7.20000 2.048675e-04
7.20100 2.043724e-04
7.20200 2.003552e-04
7.20300 2.000449e-04
7.20400 1.973645e-04
7.20500 2.010299e-04
7.20600 2.048825e-04
7.20700 2.033823e-04
7.20800 2.001103e-04
7.20900 2.011136e-04
7.21000 1.978488e-04
7.21100 2.029701e-04
7.21200 2.041950e-04
7.21300 2.022510e-04
7.21400 2.045432e-04
7.21500 2.021962e-04
7.21600 2.032327e-04
7.21700 2.034914e-04
7.21800 2.041594e-04
7.21900 1.958467e-04
7.22000 2.006294e-04
7.22100 1.969279e-04
7.22200 1.984030e-04
7.22300 1.973727e-04
7.22400 1.998673e-04
7.22500 1.983505e-04
7.22600 2.025721e-04
7.22700 2.019720e-04
7.22800 2.008697e-04
7.22900 2.051649e-04
7.23000 2.017751e-04
7.23100 1.989789e-04
7.23200 1.997592e-04
7.23300 1.975716e-04
7.23400 2.041826e-04
7.23500 1.990111e-04
7.23600 2.043206e-04
7.23700 1.998817e-04
7.23800 1.998846e-04
7.23900 1.959274e-04
7.24000 2.008962e-04
7.24100 2.035816e-04
7.24200 2.025124e-04
7.24300 1.950955e-04
7.24400 2.047261e-04
7.24500 1.973383e-04
7.24600 1.990434e-04
7.24700 1.966091e-04
7.24800 1.999100e-04
7.24900 1.952842e-04
7.25000 1.998117e-04
7.25100 2.003523e-04
7.25200 2.008485e-04
7.25300 1.933646e-04
7.25400 1.963529e-04
7.25500 1.927013e-04
7.25600 1.979334e-04
7.25700 1.974299e-04
7.25800 2.010700e-04
7.25900 1.987118e-04
7.26000 1.976166e-04
7.26100 2.034685e-04
7.26200 2.028674e-04
7.26300 1.974127e-04
7.26400 2.017121e-04
7.26500 1.965738e-04
7.26600 1.984330e-04
7.26700 2.023294e-04
7.26800 1.991805e-04
7.26900 1.992071e-04
7.27000 2.015692e-04
7.27100 1.930607e-04
7.27200 1.955474e-04
7.27300 2.005791e-04
7.27400 1.977787e-04
7.27500 1.959441e-04
7.27600 2.034759e-04
7.27700 1.972455e-04
7.27800 1.980268e-04
7.27900 1.962922e-04
7.28000 1.970825e-04
7.28100 1.918511e-04
7.28200 1.926801e-04
7.28300 1.979436e-04
7.28400 1.947731e-04
7.28500 1.978625e-04
7.28600 1.918900e-04
7.28700 1.951664e-04
7.28800 1.932080e-04
7.28900 1.957445e-04
7.29000 1.935295e-04
7.29100 1.983083e-04
7.29200 1.969904e-04
7.29300 1.941734e-04
7.29400 1.961361e-04
7.29500 1.963406e-04
7.29600 1.934135e-04
7.29700 1.955356e-04
7.29800 1.989636e-04
7.29900 1.960171e-04
7.30000 1.939542e-04
7.30100 1.922643e-04
7.30200 1.996691e-04
7.30300 1.930091e-04
7.30400 1.967109e-04
7.30500 1.972548e-04
7.30600 1.980339e-04
7.30700 1.940530e-04
7.30800 1.938350e-04
7.30900 1.927930e-04
7.31000 1.960724e-04
7.31100 1.961654e-04
7.31200 1.935698e-04
7.31300 1.981438e-04
7.31400 1.904700e-04
7.31500 1.933926e-04
7.31600 1.968960e-04
7.31700 1.984407e-04
7.31800 1.967604e-04
7.31900 1.918329e-04
7.32000 1.902814e-04
7.32100 1.886293e-04
7.32200 1.994573e-04
7.32300 1.934900e-04
7.32400 1.919548e-04
7.32500 1.977868e-04
7.32600 1.969392e-04
7.32700 1.902793e-04
7.32800 2.021906e-04
7.32900 1.907984e-04
7.33000 1.977995e-04
7.33100 1.864024e-04
7.33200 1.897449e-04
7.33300 1.950436e-04
7.33400 1.964592e-04
7.33500 1.906775e-04
7.33600 1.904489e-04
7.33700 1.946425e-04
7.33800 1.953074e-04
7.33900 1.917924e-04
7.34000 1.941437e-04
7.34100 1.934803e-04
7.34200 1.996997e-04
7.34300 1.940135e-04
7.34400 1.914248e-04
7.34500 1.861308e-04
7.34600 1.963637e-04
7.34700 1.949501e-04
7.34800 1.922909e-04
7.34900 1.974273e-04
7.35000 1.910126e-04
7.35100 1.925855e-04
7.35200 1.943215e-04
7.35300 1.941247e-04
7.35400 1.936369e-04
7.35500 1.971298e-04
7.35600 1.927326e-04
7.35700 1.954799e-04
7.35800 1.890759e-04
7.35900 1.944286e-04
7.36000 1.915009e-04
7.36100 1.918125e-04
7.36200 1.945328e-04
7.36300 1.905381e-04
7.36400 1.896310e-04
7.36500 1.887454e-04
7.36600 1.957726e-04
7.36700 1.915222e-04
7.36800 1.940485e-04
7.36900 1.853904e-04
7.37000 1.943196e-04
7.37100 1.870304e-04
7.37200 1.907490e-04
7.37300 1.951242e-04
7.37400 1.941237e-04
7.37500 1.932875e-04
7.37600 1.919275e-04
7.37700 1.876400e-04
7.37800 1.923010e-04
7.37900 1.958470e-04
7.38000 1.922404e-04
7.38100 1.900767e-04
7.38200 1.895926e-04
7.38300 1.898026e-04
7.38400 1.940493e-04
7.38500 1.874615e-04
7.38600 1.887892e-04
7.38700 1.871784e-04
7.38800 1.884774e-04
7.38900 1.876339e-04
7.39000 1.905061e-04
7.39100 1.917066e-04
7.39200 1.941972e-04
7.39300 1.859143e-04
7.39400 1.922124e-04
7.39500 1.873238e-04
7.39600 1.920193e-04
7.39700 1.893848e-04
7.39800 1.940527e-04
7.39900 1.891830e-04
7.40000 1.896842e-04
7.40100 1.905297e-04
7.40200 1.942169e-04
7.40300 1.877920e-04
7.40400 1.898065e-04
7.40500 1.903901e-04
7.40600 1.947186e-04
7.40700 1.935194e-04
7.40800 1.959317e-04
7.40900 1.886366e-04
7.41000 1.899948e-04
7.41100 1.918085e-04
7.41200 1.949168e-04
7.41300 1.942254e-04
7.41400 1.930492e-04
7.41500 1.916196e-04
7.41600 1.913555e-04
7.41700 1.879410e-04
7.41800 1.887855e-04
7.41900 1.940620e-04
7.42000 1.917130e-04
7.42100 1.887943e-04
7.42200 1.882402e-04
7.42300 1.954279e-04
7.42400 1.928628e-04
7.42500 1.907572e-04
7.42600 1.913137e-04
7.42700 1.865980e-04
7.42800 1.910330e-04
7.42900 1.871146e-04
7.43000 1.881883e-04
7.43100 1.890009e-04
7.43200 1.916730e-04
7.43300 1.903444e-04
7.43400 1.928167e-04
7.43500 1.875397e-04
7.43600 1.859747e-04
7.43700 1.892351e-04
7.43800 1.863916e-04
7.43900 1.869101e-04
7.44000 1.883483e-04
7.44100 1.828772e-04
7.44200 1.921080e-04
7.44300 1.888892e-04
7.44400 1.898702e-04
7.44500 1.866431e-04
7.44600 1.885364e-04
7.44700 1.883195e-04
7.44800 1.901009e-04
7.44900 1.870516e-04
7.45000 1.872905e-04
7.45100 1.877037e-04
7.45200 1.907830e-04
7.45300 1.840656e-04
7.45400 1.912804e-04
7.45500 1.870443e-04
7.45600 1.888703e-04
7.45700 1.857205e-04
7.45800 1.895148e-04
7.45900 1.840739e-04
7.46000 1.864974e-04
7.46100 1.882098e-04
7.46200 1.916674e-04
7.46300 1.903084e-04
7.46400 1.898556e-04
7.46500 1.865439e-04
7.46600 1.912627e-04
7.46700 1.876622e-04
7.46800 1.887240e-04
7.46900 1.819465e-04
7.47000 1.855507e-04
7.47100 1.844317e-04
7.47200 1.861272e-04
7.47300 1.864005e-04
7.47400 1.924957e-04
7.47500 1.855957e-04
7.47600 1.924626e-04
7.47700 1.843945e-04
7.47800 1.806384e-04
7.47900 1.903143e-04
7.48000 1.905992e-04
7.48100 1.863288e-04
7.48200 1.865356e-04
7.48300 1.842157e-04
7.48400 1.902031e-04
7.48500 1.857913e-04
7.48600 1.832380e-04
7.48700 1.832148e-04
7.48800 1.888673e-04
7.48900 1.882911e-04
7.49000 1.811466e-04
7.49100 1.857320e-04
7.49200 1.879523e-04
7.49300 1.864170e-04
7.49400 1.852319e-04
7.49500 1.875213e-04
7.49600 1.887652e-04
7.49700 1.849281e-04
7.49800 1.853076e-04
7.49900 1.834139e-04
7.50000 1.873875e-04
7.50100 1.871121e-04
7.50200 1.807310e-04
7.50300 1.880827e-04
7.50400 1.889674e-04
7.50500 1.778855e-04
7.50600 1.870914e-04
7.50700 1.871555e-04
7.50800 1.858388e-04
7.50900 1.871784e-04
7.51000 1.857233e-04
7.51100 1.846196e-04
7.51200 1.881060e-04
7.51300 1.894121e-04
7.51400 1.856273e-04
7.51500 1.831795e-04
7.51600 1.847795e-04
7.51700 1.817104e-04
7.51800 1.819934e-04
7.51900 1.857501e-04
7.52000 1.857429e-04
7.52100 1.793780e-04
7.52200 1.863311e-04
7.52300 1.851654e-04
7.52400 1.846132e-04
7.52500 1.831619e-04
7.52600 1.871949e-04
7.52700 1.807286e-04
7.52800 1.848263e-04
7.52900 1.777980e-04
7.53000 1.870222e-04
7.53100 1.833853e-04
7.53200 1.839150e-04
7.53300 1.862006e-04
7.53400 1.883908e-04
7.53500 1.809199e-04
7.53600 1.849077e-04
7.53700 1.799225e-04
7.53800 1.818749e-04
7.53900 1.793368e-04
7.54000 1.813871e-04
7.54100 1.852118e-04
7.54200 1.833633e-04
7.54300 1.839256e-04
7.54400 1.863089e-04
7.54500 1.816463e-04
7.54600 1.812736e-04
7.54700 1.868130e-04
7.54800 1.838197e-04
7.54900 1.782639e-04
7.55000 1.862133e-04
7.55100 1.814713e-04
7.55200 1.847434e-04
7.55300 1.822060e-04
7.55400 1.825313e-04
7.55500 1.817561e-04
7.55600 1.860304e-04
7.55700 1.801652e-04
7.55800 1.820802e-04
7.55900 1.777259e-04
7.56000 1.877599e-04
7.56100 1.798165e-04
7.56200 1.863802e-04
7.56300 1.827079e-04
7.56400 1.807424e-04
7.56500 1.866016e-04
7.56600 1.820925e-04
7.56700 1.829521e-04
7.56800 1.836721e-04
7.56900 1.811074e-04
7.57000 1.846446e-04
7.57100 1.781183e-04
7.57200 1.855935e-04
7.57300 1.825030e-04
7.57400 1.856852e-04
7.57500 1.788293e-04
7.57600 1.797699e-04
7.57700 1.802187e-04
7.57800 1.820231e-04
7.57900 1.803809e-04
7.58000 1.851842e-04
7.58100 1.844289e-04
7.58200 1.847774e-04
7.58300 1.834987e-04
7.58400 1.841952e-04
7.58500 1.782819e-04
7.58600 1.851158e-04
7.58700 1.804938e-04
7.58800 1.818816e-04
7.58900 1.819500e-04
7.59000 1.845729e-04
7.59100 1.802874e-04
7.59200 1.857156e-04
7.59300 1.800655e-04
7.59400 1.841876e-04
7.59500 1.799916e-04
7.59600 1.792991e-04
7.59700 1.782015e-04
7.59800 1.839458e-04
7.59900 1.831272e-04
7.60000 1.821846e-04
7.60100 1.808113e-04
7.60200 1.780025e-04
7.60300 1.799485e-04
7.60400 1.812709e-04
7.60500 1.834469e-04
7.60600 1.831986e-04
7.60700 1.791214e-04
7.60800 1.824865e-04
7.60900 1.832932e-04
7.61000 1.806217e-04
7.61100 1.778234e-04
7.61200 1.774352e-04
7.61300 1.812040e-04
7.61400 1.785635e-04
7.61500 1.763891e-04
7.61600 1.852898e-04
7.61700 1.812432e-04
7.61800 1.825804e-04
7.61900 1.799105e-04
7.62000 1.850212e-04
7.62100 1.792431e-04
7.62200 1.840550e-04
7.62300 1.805308e-04
7.62400 1.821020e-04
7.62500 1.694685e-04
7.62600 1.807314e-04
7.62700 1.790026e-04
7.62800 1.788588e-04
7.62900 1.817102e-04
7.63000 1.813894e-04
7.63100 1.751463e-04
7.63200 1.822000e-04
7.63300 1.803927e-04
7.63400 1.848526e-04
7.63500 1.841365e-04
7.63600 1.864401e-04
7.63700 1.771647e-04
7.63800 1.789951e-04
7.63900 1.828059e-04
7.64000 1.774253e-04
7.64100 1.772912e-04
7.64200 1.763524e-04
7.64300 1.774930e-04
7.64400 1.813530e-04
7.64500 1.820665e-04
7.64600 1.839503e-04
7.64700 1.771033e-04
7.64800 1.796210e-04
7.64900 1.811504e-04
7.65000 1.856132e-04
7.65100 1.779841e-04
7.65200 1.798558e-04
7.65300 1.774314e-04
7.65400 1.812050e-04
7.65500 1.749179e-04
7.65600 1.795426e-04
7.65700 1.746161e-04
7.65800 1.800985e-04
7.65900 1.777459e-04
7.66000 1.801826e-04
7.66100 1.805472e-04
7.66200 1.813560e-04
7.66300 1.790959e-04
7.66400 1.814410e-04
7.66500 1.721746e-04
7.66600 1.772848e-04
7.66700 1.814710e-04
7.66800 1.810668e-04
7.66900 1.798001e-04
7.67000 1.802189e-04
7.67100 1.789033e-04
7.67200 1.782831e-04
7.67300 1.764380e-04
7.67400 1.817968e-04
7.67500 1.709730e-04
7.67600 1.759509e-04
7.67700 1.775155e-04
7.67800 1.801923e-04
7.67900 1.808469e-04
7.68000 1.777745e-04
7.68100 1.797055e-04
7.68200 1.773063e-04
7.68300 1.767682e-04
7.68400 1.785822e-04
7.68500 1.817795e-04
7.68600 1.776432e-04
7.68700 1.777471e-04
7.68800 1.767025e-04
7.68900 1.736320e-04
7.69000 1.749729e-04
7.69100 1.763825e-04
7.69200 1.766012e-04
7.69300 1.793840e-04
7.69400 1.761047e-04
7.69500 1.742456e-04
7.69600 1.839004e-04
7.69700 1.754261e-04
7.69800 1.795344e-04
7.69900 1.735453e-04
7.70000 1.757711e-04
7.70100 1.735991e-04
7.70200 1.839960e-04
7.70300 1.758128e-04
7.70400 1.769495e-04
7.70500 1.762348e-04
7.70600 1.770457e-04
7.70700 1.751575e-04
7.70800 1.758004e-04
7.70900 1.818944e-04
7.71000 1.769504e-04
7.71100 1.829562e-04
7.71200 1.738512e-04
7.71300 1.752249e-04
7.71400 1.746045e-04
7.71500 1.697312e-04
7.71600 1.748119e-04
7.71700 1.746122e-04
7.71800 1.782498e-04
7.71900 1.706528e-04
7.72000 1.745104e-04
7.72100 1.786442e-04
7.72200 1.724690e-04
7.72300 1.719668e-04
7.72400 1.760621e-04
7.72500 1.732466e-04
7.72600 1.771983e-04
7.72700 1.768562e-04
7.72800 1.775995e-04
7.72900 1.727999e-04
7.73000 1.765847e-04
7.73100 1.737538e-04
7.73200 1.747967e-04
7.73300 1.737686e-04
7.73400 1.768955e-04
7.73500 1.726230e-04
7.73600 1.755273e-04
7.73700 1.740068e-04
7.73800 1.760090e-04
7.73900 1.711026e-04
7.74000 1.819027e-04
7.74100 1.729966e-04
7.74200 1.740218e-04
7.74300 1.761097e-04
7.74400 1.802640e-04
7.74500 1.751958e-04
7.74600 1.759976e-04
7.74700 1.765182e-04
7.74800 1.750730e-04
7.74900 1.741345e-04
7.75000 1.762770e-04
7.75100 1.751305e-04
7.75200 1.786827e-04
7.75300 1.756627e-04
7.75400 1.736868e-04
7.75500 1.743473e-04
7.75600 1.717336e-04
7.75700 1.752080e-04
7.75800 1.713488e-04
7.75900 1.702492e-04
7.76000 1.781143e-04
7.76100 1.745692e-04
7.76200 1.716926e-04
7.76300 1.671453e-04
7.76400 1.769482e-04
7.76500 1.735308e-04
7.76600 1.755908e-04
7.76700 1.718907e-04
7.76800 1.726834e-04
7.76900 1.742072e-04
7.77000 1.776229e-04
7.77100 1.698297e-04
7.77200 1.754670e-04
7.77300 1.766391e-04
7.77400 1.752963e-04
7.77500 1.731272e-04
7.77600 1.720712e-04
7.77700 1.706579e-04
7.77800 1.746829e-04
7.77900 1.732133e-04
7.78000 1.744819e-04
7.78100 1.713326e-04
7.78200 1.740227e-04
7.78300 1.695966e-04
7.78400 1.735820e-04
7.78500 1.696464e-04
7.78600 1.719187e-04
7.78700 1.714665e-04
7.78800 1.742540e-04
7.78900 1.693007e-04
7.79000 1.724829e-04
7.79100 1.804075e-04
7.79200 1.737079e-04
7.79300 1.715943e-04
7.79400 1.718981e-04
7.79500 1.698135e-04
7.79600 1.713428e-04
7.79700 1.679053e-04
7.79800 1.762825e-04
7.79900 1.740651e-04
7.80000 1.746817e-04
7.80100 1.690320e-04
7.80200 1.722387e-04
7.80300 1.722282e-04
7.80400 1.736863e-04
7.80500 1.713391e-04
7.80600 1.730093e-04
7.80700 1.719025e-04
7.80800 1.718673e-04
7.80900 1.696273e-04
7.81000 1.707975e-04
7.81100 1.692552e-04
7.81200 1.684909e-04
7.81300 1.745770e-04
7.81400 1.745856e-04
7.81500 1.673600e-04
7.81600 1.756114e-04
7.81700 1.696835e-04
7.81800 1.738102e-04
7.81900 1.701969e-04
7.82000 1.689250e-04
7.82100 1.695262e-04
7.82200 1.655371e-04
7.82300 1.696711e-04
7.82400 1.676534e-04
7.82500 1.746548e-04
7.82600 1.719537e-04
7.82700 1.739911e-04
7.82800 1.740187e-04
7.82900 1.666606e-04
7.83000 1.749820e-04
7.83100 1.727426e-04
7.83200 1.725219e-04
7.83300 1.696588e-04
7.83400 1.748230e-04
7.83500 1.706631e-04
7.83600 1.730145e-04
7.83700 1.713825e-04
7.83800 1.716897e-04
7.83900 1.721220e-04
7.84000 1.725285e-04
7.84100 1.710429e-04
7.84200 1.750185e-04
7.84300 1.695696e-04
7.84400 1.722593e-04
7.84500 1.733370e-04
7.84600 1.707117e-04
7.84700 1.683717e-04
7.84800 1.727297e-04
7.84900 1.714028e-04
7.85000 1.695668e-04
7.85100 1.685130e-04
7.85200 1.704875e-04
7.85300 1.702439e-04
7.85400 1.720777e-04
7.85500 1.686985e-04
7.85600 1.710534e-04
7.85700 1.758429e-04
7.85800 1.752940e-04
7.85900 1.709873e-04
7.86000 1.682008e-04
7.86100 1.722985e-04
7.86200 1.710904e-04
7.86300 1.685861e-04
7.86400 1.716334e-04
7.86500 1.702722e-04
7.86600 1.720858e-04
7.86700 1.681783e-04
7.86800 1.684669e-04
7.86900 1.711121e-04
7.87000 1.717828e-04
7.87100 1.698614e-04
7.87200 1.694653e-04
7.87300 1.678161e-04
7.87400 1.694954e-04
7.87500 1.690926e-04
7.87600 1.729216e-04
7.87700 1.684440e-04
7.87800 1.723622e-04
7.87900 1.658575e-04
7.88000 1.691678e-04
7.88100 1.652751e-04
7.88200 1.684251e-04
7.88300 1.702243e-04
7.88400 1.714860e-04
7.88500 1.692445e-04
7.88600 1.689030e-04
7.88700 1.679577e-04
7.88800 1.680592e-04
7.88900 1.686236e-04
7.89000 1.657007e-04
7.89100 1.656366e-04
7.89200 1.670300e-04
7.89300 1.693134e-04
7.89400 1.651057e-04
7.89500 1.653990e-04
7.89600 1.654028e-04
7.89700 1.652522e-04
7.89800 1.688868e-04
7.89900 1.647512e-04
7.90000 1.698106e-04
7.90100 1.706426e-04
7.90200 1.617402e-04
7.90300 1.679509e-04
7.90400 1.684666e-04
7.90500 1.656533e-04
7.90600 1.724299e-04
7.90700 1.675919e-04
7.90800 1.713303e-04
7.90900 1.660565e-04
7.91000 1.710027e-04
7.91100 1.655685e-04
7.91200 1.669599e-04
7.91300 1.647782e-04
7.91400 1.684090e-04
7.91500 1.653165e-04
7.91600 1.681223e-04
7.91700 1.695120e-04
7.91800 1.678368e-04
7.91900 1.646282e-04
7.92000 1.692035e-04
7.92100 1.681219e-04
7.92200 1.665009e-04
7.92300 1.658816e-04
7.92400 1.650071e-04
7.92500 1.609201e-04
7.92600 1.704455e-04
7.92700 1.624893e-04
7.92800 1.698547e-04
7.92900 1.640663e-04
7.93000 1.667535e-04
7.93100 1.665651e-04
7.93200 1.650397e-04
7.93300 1.675618e-04
7.93400 1.696407e-04
7.93500 1.652674e-04
7.93600 1.655484e-04
7.93700 1.654319e-04
7.93800 1.682683e-04
7.93900 1.680585e-04
7.94000 1.663135e-04
7.94100 1.654104e-04
7.94200 1.658593e-04
7.94300 1.678550e-04
7.94400 1.671314e-04
7.94500 1.636906e-04
7.94600 1.699399e-04
7.94700 1.676546e-04
7.94800 1.660694e-04
7.94900 1.630661e-04
7.95000 1.652112e-04
7.95100 1.585889e-04
7.95200 1.713544e-04
7.95300 1.699969e-04
7.95400 1.653296e-04
7.95500 1.657500e-04
7.95600 1.701312e-04
7.95700 1.610869e-04
7.95800 1.637310e-04
7.95900 1.643267e-04
7.96000 1.664954e-04
7.96100 1.666496e-04
7.96200 1.693934e-04
7.96300 1.656542e-04
7.96400 1.683943e-04
7.96500 1.646523e-04
7.96600 1.648718e-04
7.96700 1.627086e-04
7.96800 1.638760e-04
7.96900 1.634756e-04
7.97000 1.671098e-04
7.97100 1.637906e-04
7.97200 1.667329e-04
7.97300 1.612100e-04
7.97400 1.634880e-04
7.97500 1.627236e-04
7.97600 1.641125e-04
7.97700 1.692218e-04
7.97800 1.673328e-04
7.97900 1.684856e-04
7.98000 1.624163e-04
7.98100 1.637372e-04
7.98200 1.650671e-04
7.98300 1.632412e-04
7.98400 1.653084e-04
7.98500 1.672612e-04
7.98600 1.629341e-04
7.98700 1.629586e-04
7.98800 1.652113e-04
7.98900 1.633867e-04
7.99000 1.681102e-04
7.99100 1.624807e-04
7.99200 1.644863e-04
7.99300 1.640930e-04
7.99400 1.639340e-04
7.99500 1.625341e-04
7.99600 1.665131e-04
7.99700 1.673821e-04
7.99800 1.620932e-04
7.99900 1.633152e-04
8.00000 1.623194e-04
8.00100 1.671720e-04
8.00200 1.659308e-04
8.00300 1.628307e-04
8.00400 1.628540e-04
8.00500 1.624215e-04
8.00600 1.645635e-04
8.00700 1.587977e-04
8.00800 1.654482e-04
8.00900 1.649870e-04
8.01000 1.635308e-04
8.01100 1.691229e-04
8.01200 1.608182e-04
8.01300 1.599168e-04
8.01400 1.615636e-04
8.01500 1.606785e-04
8.01600 1.649134e-04
8.01700 1.617587e-04
8.01800 1.641399e-04
8.01900 1.623129e-04
8.02000 1.647245e-04
8.02100 1.633908e-04
8.02200 1.647986e-04
8.02300 1.645570e-04
8.02400 1.600136e-04
8.02500 1.627937e-04
8.02600 1.642412e-04
8.02700 1.624540e-04
8.02800 1.650291e-04
8.02900 1.597457e-04
8.03000 1.637893e-04
8.03100 1.583835e-04
8.03200 1.600455e-04
8.03300 1.593893e-04
8.03400 1.670715e-04
8.03500 1.576947e-04
8.03600 1.695086e-04
8.03700 1.592755e-04
8.03800 1.597012e-04
8.03900 1.575738e-04
8.04000 1.634856e-04
8.04100 1.622728e-04
8.04200 1.647064e-04
8.04300 1.607276e-04
8.04400 1.659719e-04
8.04500 1.616155e-04
8.04600 1.605386e-04
8.04700 1.609015e-04
8.04800 1.663133e-04
8.04900 1.626844e-04
8.05000 1.646985e-04
8.05100 1.563239e-04
8.05200 1.634037e-04
8.05300 1.571913e-04
8.05400 1.600405e-04
8.05500 1.589491e-04
8.05600 1.636922e-04
8.05700 1.608510e-04
8.05800 1.612457e-04
8.05900 1.593522e-04
8.06000 1.641383e-04
8.06100 1.597357e-04
8.06200 1.579443e-04
8.06300 1.621510e-04
8.06400 1.612630e-04
8.06500 1.635700e-04
8.06600 1.600699e-04
8.06700 1.605393e-04
8.06800 1.623756e-04
8.06900 1.613100e-04
8.07000 1.612293e-04
8.07100 1.608183e-04
8.07200 1.643350e-04
8.07300 1.579448e-04
8.07400 1.608176e-04
8.07500 1.560856e-04
8.07600 1.615017e-04
8.07700 1.590674e-04
8.07800 1.630059e-04
8.07900 1.611899e-04
8.08000 1.601714e-04
8.08100 1.619075e-04
8.08200 1.616073e-04
8.08300 1.575708e-04
8.08400 1.651142e-04
8.08500 1.600879e-04
8.08600 1.594270e-04
8.08700 1.596969e-04
8.08800 1.624651e-04
8.08900 1.579288e-04
8.09000 1.629191e-04
8.09100 1.589521e-04
8.09200 1.629106e-04
8.09300 1.581925e-04
8.09400 1.637314e-04
8.09500 1.602938e-04
8.09600 1.596548e-04
8.09700 1.604451e-04
8.09800 1.636781e-04
8.09900 1.596887e-04
8.10000 1.636307e-04
8.10100 1.610285e-04
8.10200 1.589384e-04
8.10300 1.590490e-04
8.10400 1.563771e-04
8.10500 1.606714e-04
8.10600 1.616202e-04
8.10700 1.607211e-04
8.10800 1.632263e-04
8.10900 1.625646e-04
8.11000 1.606115e-04
8.11100 1.564143e-04
8.11200 1.643159e-04
8.11300 1.589438e-04
8.11400 1.606838e-04
8.11500 1.565342e-04
8.11600 1.616106e-04
8.11700 1.574188e-04
8.11800 1.589626e-04
8.11900 1.581954e-04
8.12000 1.597876e-04
8.12100 1.570367e-04
8.12200 1.632912e-04
8.12300 1.628886e-04
8.12400 1.616883e-04
8.12500 1.570441e-04
8.12600 1.602186e-04
8.12700 1.601619e-04
8.12800 1.611366e-04
8.12900 1.611088e-04
8.13000 1.582304e-04
8.13100 1.593870e-04
8.13200 1.602438e-04
8.13300 1.584932e-04
8.13400 1.586864e-04
8.13500 1.601600e-04
8.13600 1.563234e-04
8.13700 1.577520e-04
8.13800 1.558614e-04
8.13900 1.532409e-04
8.14000 1.577646e-04
8.14100 1.581179e-04
8.14200 1.567549e-04
8.14300 1.566508e-04
8.14400 1.598369e-04
8.14500 1.549239e-04
8.14600 1.589458e-04
8.14700 1.580043e-04
8.14800 1.546307e-04
8.14900 1.577829e-04
8.15000 1.588579e-04
8.15100 1.582282e-04
8.15200 1.589033e-04
8.15300 1.569758e-04
8.15400 1.561242e-04
8.15500 1.558611e-04
8.15600 1.552301e-04
8.15700 1.560216e-04
8.15800 1.552570e-04
8.15900 1.551712e-04
8.16000 1.577805e-04
8.16100 1.620731e-04
8.16200 1.569201e-04
8.16300 1.573849e-04
8.16400 1.572155e-04
8.16500 1.578572e-04
8.16600 1.615842e-04
8.16700 1.553140e-04
8.16800 1.577726e-04
8.16900 1.519834e-04
8.17000 1.580246e-04
8.17100 1.564405e-04
8.17200 1.575762e-04
8.17300 1.568977e-04
8.17400 1.589709e-04
8.17500 1.561190e-04
8.17600 1.575268e-04
8.17700 1.565357e-04
8.17800 1.581182e-04
8.17900 1.523731e-04
8.18000 1.580485e-04
8.18100 1.562263e-04
8.18200 1.585487e-04
8.18300 1.542905e-04
8.18400 1.586059e-04
8.18500 1.551135e-04
8.18600 1.569547e-04
8.18700 1.547932e-04
8.18800 1.595117e-04
8.18900 1.579779e-04
8.19000 1.544328e-04
8.19100 1.582586e-04
8.19200 1.558821e-04
8.19300 1.551611e-04
8.19400 1.557135e-04
8.19500 1.603167e-04
8.19600 1.576550e-04
8.19700 1.542597e-04
8.19800 1.553394e-04
8.19900 1.551985e-04
8.20000 1.553452e-04
8.20100 1.544844e-04
8.20200 1.555800e-04
8.20300 1.508008e-04
8.20400 1.542169e-04
8.20500 1.529854e-04
8.20600 1.567780e-04
8.20700 1.536943e-04
8.20800 1.546931e-04
8.20900 1.550149e-04
8.21000 1.563020e-04
8.21100 1.559739e-04
8.21200 1.573585e-04
8.21300 1.511882e-04
8.21400 1.573147e-04
8.21500 1.531284e-04
8.21600 1.573308e-04
8.21700 1.510082e-04
8.21800 1.591832e-04
8.21900 1.583970e-04
8.22000 1.543912e-04
8.22100 1.575021e-04
8.22200 1.559886e-04
8.22300 1.561965e-04
8.22400 1.575564e-04
8.22500 1.590632e-04
8.22600 1.582092e-04
8.22700 1.553257e-04
8.22800 1.529353e-04
8.22900 1.559934e-04
8.23000 1.549982e-04
8.23100 1.585638e-04
8.23200 1.568102e-04
8.23300 1.546885e-04
8.23400 1.526384e-04
8.23500 1.514928e-04
8.23600 1.540571e-04
8.23700 1.559909e-04
8.23800 1.559894e-04
8.23900 1.492900e-04
8.24000 1.513692e-04
8.24100 1.553785e-04
8.24200 1.557574e-04
8.24300 1.495117e-04
8.24400 1.549320e-04
8.24500 1.553299e-04
8.24600 1.529818e-04
8.24700 1.580842e-04
8.24800 1.572989e-04
8.24900 1.538439e-04
8.25000 1.567908e-04
8.25100 1.504343e-04
8.25200 1.541225e-04
8.25300 1.573651e-04
8.25400 1.509797e-04
8.25500 1.539409e-04
8.25600 1.555788e-04
8.25700 1.523277e-04
8.25800 1.574612e-04
8.25900 1.535904e-04
8.26000 1.535900e-04
8.26100 1.547172e-04
8.26200 1.563967e-04
8.26300 1.546354e-04
8.26400 1.548195e-04
8.26500 1.526966e-04
8.26600 1.563965e-04
8.26700 1.532413e-04
8.26800 1.565079e-04
8.26900 1.537693e-04
8.27000 1.523676e-04
8.27100 1.509620e-04
8.27200 1.531865e-04
8.27300 1.504599e-04
8.27400 1.544588e-04
8.27500 1.549451e-04
8.27600 1.537600e-04
8.27700 1.503826e-04
8.27800 1.557801e-04
8.27900 1.547846e-04
8.28000 1.536722e-04
8.28100 1.490130e-04
8.28200 1.563413e-04
8.28300 1.495680e-04
8.28400 1.527133e-04
8.28500 1.541787e-04
8.28600 1.517050e-04
8.28700 1.477596e-04
8.28800 1.553042e-04
8.28900 1.521434e-04
8.29000 1.538596e-04
8.29100 1.530373e-04
8.29200 1.515264e-04
8.29300 1.531689e-04
8.29400 1.556516e-04
8.29500 1.524014e-04
8.29600 1.511784e-04
8.29700 1.546319e-04
8.29800 1.533868e-04
8.29900 1.515449e-04
8.30000 1.545059e-04
8.30100 1.504713e-04
8.30200 1.520088e-04
8.30300 1.512586e-04
8.30400 1.541647e-04
8.30500 1.505089e-04
8.30600 1.493901e-04
8.30700 1.503154e-04
8.30800 1.504285e-04
8.30900 1.491914e-04
8.31000 1.524667e-04
8.31100 1.508550e-04
8.31200 1.506346e-04
8.31300 1.525149e-04
8.31400 1.516894e-04
8.31500 1.534416e-04
8.31600 1.536278e-04
8.31700 1.555833e-04
8.31800 1.569647e-04
8.31900 1.508559e-04
8.32000 1.517437e-04
8.32100 1.494461e-04
8.32200 1.516668e-04
8.32300 1.501873e-04
8.32400 1.507026e-04
8.32500 1.562993e-04
8.32600 1.520146e-04
8.32700 1.532182e-04
8.32800 1.567735e-04
8.32900 1.490037e-04
8.33000 1.499140e-04
8.33100 1.536362e-04
8.33200 1.516553e-04
8.33300 1.532316e-04
8.33400 1.522640e-04
8.33500 1.526555e-04
8.33600 1.534259e-04
8.33700 1.482337e-04
8.33800 1.512899e-04
8.33900 1.515768e-04
8.34000 1.498875e-04
8.34100 1.513479e-04
8.34200 1.506559e-04
8.34300 1.506573e-04
8.34400 1.487093e-04
8.34500 1.501316e-04
8.34600 1.537014e-04
8.34700 1.468249e-04
8.34800 1.526937e-04
8.34900 1.485797e-04
8.35000 1.552721e-04
8.35100 1.473770e-04
8.35200 1.537763e-04
8.35300 1.521747e-04
8.35400 1.500064e-04
8.35500 1.508929e-04
8.35600 1.541419e-04
8.35700 1.515372e-04
8.35800 1.531612e-04
8.35900 1.521698e-04
8.36000 1.507964e-04
8.36100 1.518813e-04
8.36200 1.521865e-04
8.36300 1.505456e-04
8.36400 1.491317e-04
8.36500 1.470812e-04
8.36600 1.534110e-04
8.36700 1.515315e-04
8.36800 1.524699e-04
8.36900 1.500416e-04
8.37000 1.529616e-04
8.37100 1.479737e-04
8.37200 1.521126e-04
8.37300 1.505731e-04
8.37400 1.483219e-04
8.37500 1.496805e-04
8.37600 1.514229e-04
8.37700 1.499101e-04
8.37800 1.474663e-04
8.37900 1.481449e-04
8.38000 1.541891e-04
8.38100 1.513024e-04
8.38200 1.487537e-04
8.38300 1.503785e-04
8.38400 1.507937e-04
8.38500 1.484381e-04
8.38600 1.522301e-04
8.38700 1.486928e-04
8.38800 1.487478e-04
8.38900 1.488079e-04
8.39000 1.488304e-04
8.39100 1.508865e-04
8.39200 1.511489e-04
8.39300 1.477680e-04
8.39400 1.502056e-04
8.39500 1.479469e-04
8.39600 1.497772e-04
8.39700 1.488268e-04
8.39800 1.524391e-04
8.39900 1.487362e-04
8.40000 1.501063e-04
8.40100 1.482212e-04
8.40200 1.494352e-04
8.40300 1.512689e-04
8.40400 1.489976e-04
8.40500 1.464490e-04
8.40600 1.498779e-04
8.40700 1.465414e-04
8.40800 1.482713e-04
8.40900 1.477022e-04
8.41000 1.506298e-04
8.41100 1.479106e-04
8.41200 1.519640e-04
8.41300 1.459307e-04
8.41400 1.519294e-04
8.41500 1.447384e-04
8.41600 1.471702e-04
8.41700 1.462920e-04
8.41800 1.512853e-04
8.41900 1.466236e-04
8.42000 1.461274e-04
8.42100 1.472317e-04
8.42200 1.468405e-04
8.42300 1.475001e-04
8.42400 1.509147e-04
8.42500 1.476220e-04
8.42600 1.483197e-04
8.42700 1.495000e-04
8.42800 1.448467e-04
8.42900 1.485975e-04
8.43000 1.479920e-04
8.43100 1.486556e-04
8.43200 1.499351e-04
8.43300 1.472684e-04
8.43400 1.486416e-04
8.43500 1.451416e-04
8.43600 1.484243e-04
8.43700 1.451674e-04
8.43800 1.490335e-04
8.43900 1.499216e-04
8.44000 1.483036e-04
8.44100 1.491064e-04
8.44200 1.462445e-04
8.44300 1.480773e-04
8.44400 1.454009e-04
8.44500 1.504490e-04
8.44600 1.472650e-04
8.44700 1.460781e-04
8.44800 1.512413e-04
8.44900 1.475404e-04
8.45000 1.499907e-04
8.45100 1.473299e-04
8.45200 1.473589e-04
8.45300 1.487654e-04
8.45400 1.503276e-04
8.45500 1.422037e-04
8.45600 1.493480e-04
8.45700 1.488109e-04
8.45800 1.495442e-04
8.45900 1.438899e-04
8.46000 1.497129e-04
8.46100 1.446629e-04
8.46200 1.438845e-04
8.46300 1.417494e-04
8.46400 1.428939e-04
8.46500 1.453628e-04
8.46600 1.472990e-04
8.46700 1.448163e-04
8.46800 1.455968e-04
8.46900 1.449479e-04
8.47000 1.491278e-04
8.47100 1.457872e-04
8.47200 1.479069e-04
8.47300 1.458268e-04
8.47400 1.476524e-04
8.47500 1.422239e-04
8.47600 1.454115e-04
8.47700 1.447284e-04
8.47800 1.521319e-04
8.47900 1.468032e-04
8.48000 1.419901e-04
8.48100 1.465071e-04
8.48200 1.482111e-04
8.48300 1.469547e-04
8.48400 1.454633e-04
8.48500 1.491157e-04
8.48600 1.463954e-04
8.48700 1.456438e-04
8.48800 1.440849e-04
8.48900 1.445581e-04
8.49000 1.486753e-04
8.49100 1.434333e-04
8.49200 1.461621e-04
8.49300 1.434124e-04
8.49400 1.448188e-04
8.49500 1.437586e-04
8.49600 1.467754e-04
8.49700 1.470957e-04
8.49800 1.462819e-04
8.49900 1.454742e-04
8.50000 1.461438e-04
8.50100 1.448312e-04
8.50200 1.451088e-04
8.50300 1.418403e-04
8.50400 1.454614e-04
8.50500 1.448923e-04
8.50600 1.483522e-04
8.50700 1.460792e-04
8.50800 1.457600e-04
8.50900 1.470465e-04
8.51000 1.471406e-04
8.51100 1.420956e-04
8.51200 1.458631e-04
8.51300 1.432729e-04
8.51400 1.471397e-04
8.51500 1.409870e-04
8.51600 1.516355e-04
8.51700 1.451928e-04
8.51800 1.451608e-04
8.51900 1.428102e-04
8.52000 1.470499e-04
8.52100 1.461448e-04
8.52200 1.449130e-04
8.52300 1.435775e-04
8.52400 1.479095e-04
8.52500 1.440420e-04
8.52600 1.451779e-04
8.52700 1.437436e-04
8.52800 1.466650e-04
8.52900 1.429989e-04
8.53000 1.470226e-04
8.53100 1.437547e-04
8.53200 1.428972e-04
8.53300 1.443915e-04
8.53400 1.484078e-04
8.53500 1.450398e-04
8.53600 1.443459e-04
8.53700 1.440890e-04
8.53800 1.440917e-04
8.53900 1.444311e-04
8.54000 1.444810e-04
8.54100 1.442120e-04
8.54200 1.468123e-04
8.54300 1.443119e-04
8.54400 1.438231e-04
8.54500 1.460095e-04
8.54600 1.441864e-04
8.54700 1.444161e-04
8.54800 1.431553e-04
8.54900 1.446350e-04
8.55000 1.467101e-04
8.55100 1.397830e-04
8.55200 1.461081e-04
8.55300 1.456719e-04
8.55400 1.458146e-04
8.55500 1.436391e-04
8.55600 1.424540e-04
8.55700 1.442854e-04
8.55800 1.464997e-04
8.55900 1.434961e-04
8.56000 1.419534e-04
8.56100 1.480876e-04
8.56200 1.432828e-04
8.56300 1.441072e-04
8.56400 1.444990e-04
8.56500 1.457624e-04
8.56600 1.428050e-04
8.56700 1.448190e-04
8.56800 1.444141e-04
8.56900 1.420904e-04
8.57000 1.472345e-04
8.57100 1.452284e-04
8.57200 1.430772e-04
8.57300 1.428109e-04
8.57400 1.458423e-04
8.57500 1.376517e-04
8.57600 1.442360e-04
8.57700 1.413539e-04
8.57800 1.463748e-04
8.57900 1.383125e-04
8.58000 1.408034e-04
8.58100 1.407009e-04
8.58200 1.438380e-04
8.58300 1.419429e-04
8.58400 1.439478e-04
8.58500 1.399501e-04
8.58600 1.428374e-04
8.58700 1.395479e-04
8.58800 1.394728e-04
8.58900 1.432736e-04
8.59000 1.408113e-04
8.59100 1.423816e-04
8.59200 1.435561e-04
8.59300 1.396247e-04
8.59400 1.422170e-04
8.59500 1.415354e-04
8.59600 1.409753e-04
8.59700 1.454577e-04
8.59800 1.411682e-04
8.59900 1.430220e-04
8.60000 1.435294e-04
8.60100 1.406279e-04
8.60200 1.398023e-04
8.60300 1.403741e-04
8.60400 1.449159e-04
8.60500 1.386767e-04
8.60600 1.418507e-04
8.60700 1.395793e-04
8.60800 1.433978e-04
8.60900 1.438159e-04
8.61000 1.418825e-04
8.61100 1.412864e-04
8.61200 1.430872e-04
8.61300 1.417343e-04
8.61400 1.443279e-04
8.61500 1.433583e-04
8.61600 1.412894e-04
8.61700 1.351268e-04
8.61800 1.413343e-04
8.61900 1.399801e-04
8.62000 1.420816e-04
8.62100 1.353179e-04
8.62200 1.430710e-04
8.62300 1.415046e-04
8.62400 1.407778e-04
8.62500 1.399571e-04
8.62600 1.432919e-04
8.62700 1.412177e-04
8.62800 1.427439e-04
8.62900 1.395511e-04
8.63000 1.406562e-04
8.63100 1.419001e-04
8.63200 1.408411e-04
8.63300 1.451086e-04
8.63400 1.427876e-04
8.63500 1.418446e-04
8.63600 1.444812e-04
8.63700 1.375803e-04
8.63800 1.422533e-04
8.63900 1.406029e-04
8.64000 1.443813e-04
8.64100 1.406019e-04
8.64200 1.423369e-04
8.64300 1.410645e-04
8.64400 1.408424e-04
8.64500 1.381673e-04
8.64600 1.413124e-04
8.64700 1.380253e-04
8.64800 1.412944e-04
8.64900 1.406687e-04
8.65000 1.424356e-04
8.65100 1.422967e-04
8.65200 1.401628e-04
8.65300 1.378758e-04
8.65400 1.409857e-04
8.65500 1.401180e-04
8.65600 1.427892e-04
8.65700 1.398936e-04
8.65800 1.437943e-04
8.65900 1.423193e-04
8.66000 1.419918e-04
8.66100 1.416923e-04
8.66200 1.444159e-04
8.66300 1.403253e-04
8.66400 1.423663e-04
8.66500 1.363758e-04
8.66600 1.397112e-04
8.66700 1.392270e-04
8.66800 1.459344e-04
8.66900 1.385377e-04
8.67000 1.418793e-04
8.67100 1.411768e-04
8.67200 1.363859e-04
8.67300 1.401492e-04
8.67400 1.401376e-04
8.67500 1.404451e-04
8.67600 1.416252e-04
8.67700 1.396540e-04
8.67800 1.433565e-04
8.67900 1.403063e-04
8.68000 1.405224e-04
8.68100 1.429542e-04
8.68200 1.383852e-04
8.68300 1.373523e-04
8.68400 1.398122e-04
8.68500 1.413062e-04
8.68600 1.395195e-04
8.68700 1.392289e-04
8.68800 1.397970e-04
8.68900 1.382050e-04
8.69000 1.380597e-04
8.69100 1.414102e-04
8.69200 1.380998e-04
8.69300 1.382587e-04
8.69400 1.379910e-04
8.69500 1.394430e-04
8.69600 1.415245e-04
8.69700 1.361171e-04
8.69800 1.400634e-04
8.69900 1.396085e-04
8.70000 1.398674e-04
8.70100 1.411955e-04
8.70200 1.400075e-04
8.70300 1.375123e-04
8.70400 1.391563e-04
8.70500 1.416579e-04
8.70600 1.397860e-04
8.70700 1.365859e-04
8.70800 1.386509e-04
8.70900 1.385703e-04
8.71000 1.353046e-04
8.71100 1.412647e-04
8.71200 1.403119e-04
8.71300 1.362155e-04
8.71400 1.377542e-04
8.71500 1.352494e-04
8.71600 1.385262e-04
8.71700 1.367745e-04
8.71800 1.399981e-04
8.71900 1.385855e-04
8.72000 1.378151e-04
8.72100 1.411044e-04
8.72200 1.401186e-04
8.72300 1.383857e-04
8.72400 1.354181e-04
8.72500 1.386563e-04
8.72600 1.388804e-04
8.72700 1.365242e-04
8.72800 1.395360e-04
8.72900 1.351059e-04
8.73000 1.409355e-04
8.73100 1.382039e-04
8.73200 1.376853e-04
8.73300 1.360074e-04
8.73400 1.404397e-04
8.73500 1.363687e-04
8.73600 1.402291e-04
8.73700 1.365110e-04
8.73800 1.427854e-04
8.73900 1.376140e-04
8.74000 1.407821e-04
8.74100 1.345045e-04
8.74200 1.361688e-04
8.74300 1.385138e-04
8.74400 1.393878e-04
8.74500 1.336912e-04
8.74600 1.391954e-04
8.74700 1.391724e-04
8.74800 1.414236e-04
8.74900 1.373208e-04
8.75000 1.345005e-04
8.75100 1.377328e-04
8.75200 1.391198e-04
8.75300 1.382128e-04
8.75400 1.373089e-04
8.75500 1.367864e-04
8.75600 1.394267e-04
8.75700 1.383926e-04
8.75800 1.407385e-04
8.75900 1.365336e-04
8.76000 1.358987e-04
8.76100 1.338695e-04
8.76200 1.397417e-04
8.76300 1.360985e-04
8.76400 1.374388e-04
8.76500 1.364982e-04
8.76600 1.333626e-04
8.76700 1.357220e-04
8.76800 1.418326e-04
8.76900 1.356692e-04
8.77000 1.395031e-04
8.77100 1.371980e-04
8.77200 1.371545e-04
8.77300 1.347409e-04
8.77400 1.372134e-04
8.77500 1.354516e-04
8.77600 1.412217e-04
8.77700 1.365018e-04
8.77800 1.418444e-04
8.77900 1.394048e-04
8.78000 1.373333e-04
8.78100 1.351460e-04
8.78200 1.341856e-04
8.78300 1.363390e-04
8.78400 1.353061e-04
8.78500 1.352243e-04
8.78600 1.342598e-04
8.78700 1.318522e-04
8.78800 1.351996e-04
8.78900 1.364423e-04
8.79000 1.382060e-04
8.79100 1.356850e-04
8.79200 1.370295e-04
8.79300 1.357559e-04
8.79400 1.355429e-04
8.79500 1.354954e-04
8.79600 1.379493e-04
8.79700 1.322309e-04
8.79800 1.369466e-04
8.79900 1.336562e-04
8.80000 1.374218e-04
8.80100 1.373321e-04
8.80200 1.338187e-04
8.80300 1.342716e-04
8.80400 1.369922e-04
8.80500 1.367698e-04
8.80600 1.372095e-04
8.80700 1.360538e-04
8.80800 1.361161e-04
8.80900 1.361160e-04
8.81000 1.352273e-04
8.81100 1.350395e-04
8.81200 1.380889e-04
8.81300 1.337042e-04
8.81400 1.330369e-04
8.81500 1.322864e-04
8.81600 1.365384e-04
8.81700 1.332509e-04
8.81800 1.355195e-04
8.81900 1.339014e-04
8.82000 1.380271e-04
8.82100 1.338463e-04
8.82200 1.378717e-04
8.82300 1.343543e-04
8.82400 1.365871e-04
8.82500 1.367832e-04
8.82600 1.345626e-04
8.82700 1.340901e-04
8.82800 1.359019e-04
8.82900 1.333977e-04
8.83000 1.366212e-04
8.83100 1.348424e-04
8.83200 1.349716e-04
8.83300 1.351194e-04
8.83400 1.343699e-04
8.83500 1.319709e-04
8.83600 1.374786e-04
8.83700 1.329178e-04
8.83800 1.334304e-04
8.83900 1.383683e-04
8.84000 1.354791e-04
8.84100 1.301028e-04
8.84200 1.369660e-04
8.84300 1.361363e-04
8.84400 1.353951e-04
8.84500 1.374737e-04
8.84600 1.344484e-04
8.84700 1.300737e-04
8.84800 1.333914e-04
8.84900 1.338413e-04
8.85000 1.322884e-04
8.85100 1.312447e-04
8.85200 1.344849e-04
8.85300 1.300004e-04
8.85400 1.318904e-04
8.85500 1.329950e-04
8.85600 1.357758e-04
8.85700 1.291441e-04
8.85800 1.322552e-04
8.85900 1.315018e-04
8.86000 1.358630e-04
8.86100 1.345946e-04
8.86200 1.330444e-04
8.86300 1.346166e-04
8.86400 1.360517e-04
8.86500 1.340589e-04
8.86600 1.336566e-04
8.86700 1.330557e-04
8.86800 1.336133e-04
8.86900 1.337674e-04
8.87000 1.356716e-04
8.87100 1.333075e-04
8.87200 1.307636e-04
8.87300 1.343842e-04
8.87400 1.369730e-04
8.87500 1.354481e-04
8.87600 1.363554e-04
8.87700 1.387439e-04
8.87800 1.343033e-04
8.87900 1.324460e-04
8.88000 1.355060e-04
8.88100 1.282937e-04
8.88200 1.375074e-04
8.88300 1.337322e-04
8.88400 1.323551e-04
8.88500 1.343916e-04
8.88600 1.340788e-04
8.88700 1.337500e-04
8.88800 1.326910e-04
8.88900 1.309831e-04
8.89000 1.368153e-04
8.89100 1.319563e-04
8.89200 1.379309e-04
8.89300 1.318469e-04
8.89400 1.337463e-04
8.89500 1.333369e-04
8.89600 1.339079e-04
8.89700 1.315050e-04
8.89800 1.327940e-04
8.89900 1.331906e-04
8.90000 1.339067e-04
8.90100 1.329425e-04
8.90200 1.364281e-04
8.90300 1.306742e-04
8.90400 1.328972e-04
8.90500 1.308655e-04
8.90600 1.300294e-04
8.90700 1.334419e-04
8.90800 1.327747e-04
8.90900 1.305676e-04
8.91000 1.338904e-04
8.91100 1.318615e-04
8.91200 1.345188e-04
8.91300 1.333067e-04
8.91400 1.329725e-04
8.91500 1.362602e-04
8.91600 1.325562e-04
8.91700 1.319908e-04
8.91800 1.337161e-04
8.91900 1.320537e-04
8.92000 1.335351e-04
8.92100 1.353787e-04
8.92200 1.302652e-04
8.92300 1.331966e-04
8.92400 1.329128e-04
8.92500 1.322438e-04
8.92600 1.331680e-04
8.92700 1.320943e-04
8.92800 1.328274e-04
8.92900 1.294258e-04
8.93000 1.348880e-04
8.93100 1.307788e-04
8.93200 1.321902e-04
8.93300 1.323321e-04
8.93400 1.325862e-04
8.93500 1.315782e-04
8.93600 1.352900e-04
8.93700 1.320212e-04
8.93800 1.326832e-04
8.93900 1.282589e-04
8.94000 1.327576e-04
8.94100 1.332030e-04
8.94200 1.339411e-04
8.94300 1.299080e-04
8.94400 1.292228e-04
8.94500 1.307147e-04
8.94600 1.311118e-04
8.94700 1.319117e-04
8.94800 1.336108e-04
8.94900 1.330336e-04
8.95000 1.349373e-04
8.95100 1.306439e-04
8.95200 1.275355e-04
8.95300 1.318039e-04
8.95400 1.315045e-04
8.95500 1.304662e-04
8.95600 1.318426e-04
8.95700 1.320610e-04
8.95800 1.355050e-04
8.95900 1.336948e-04
8.96000 1.346257e-04
8.96100 1.297386e-04
8.96200 1.342292e-04
8.96300 1.311138e-04
8.96400 1.295866e-04
8.96500 1.284733e-04
8.96600 1.314501e-04
8.96700 1.285640e-04
8.96800 1.294722e-04
8.96900 1.272939e-04
8.97000 1.329679e-04
8.97100 1.304765e-04
8.97200 1.320930e-04
8.97300 1.283885e-04
8.97400 1.302730e-04
8.97500 1.327957e-04
8.97600 1.305665e-04
8.97700 1.308028e-04
8.97800 1.307162e-04
8.97900 1.279124e-04
8.98000 1.291673e-04
8.98100 1.308592e-04
8.98200 1.317532e-04
8.98300 1.277035e-04
8.98400 1.375286e-04
8.98500 1.303945e-04
8.98600 1.304306e-04
8.98700 1.347170e-04
8.98800 1.304388e-04
8.98900 1.308725e-04
8.99000 1.323375e-04
8.99100 1.326749e-04
8.99200 1.312302e-04
8.99300 1.310708e-04
8.99400 1.303263e-04
8.99500 1.327981e-04
8.99600 1.311775e-04
8.99700 1.264682e-04
8.99800 1.307146e-04
8.99900 1.290775e-04
9.00000 1.316832e-04
9.00100 1.289214e-04
9.00200 1.291551e-04
9.00300 1.287368e-04
9.00400 1.271877e-04
9.00500 1.294752e-04
9.00600 1.309342e-04
9.00700 1.315025e-04
9.00800 1.308546e-04
9.00900 1.319343e-04
9.01000 1.303123e-04
9.01100 1.310204e-04
9.01200 1.292116e-04
9.01300 1.276908e-04
9.01400 1.335125e-04
9.01500 1.281124e-04
9.01600 1.284713e-04
9.01700 1.294390e-04
9.01800 1.279005e-04
9.01900 1.305386e-04
9.02000 1.333126e-04
9.02100 1.307955e-04
9.02200 1.324966e-04
9.02300 1.269718e-04
9.02400 1.357416e-04
9.02500 1.287403e-04
9.02600 1.283571e-04
9.02700 1.296193e-04
9.02800 1.320040e-04
9.02900 1.285261e-04
9.03000 1.270431e-04
9.03100 1.252259e-04
9.03200 1.310945e-04
9.03300 1.279663e-04
9.03400 1.291464e-04
9.03500 1.274443e-04
9.03600 1.304889e-04
9.03700 1.291746e-04
9.03800 1.279787e-04
9.03900 1.297143e-04
9.04000 1.305816e-04
9.04100 1.288231e-04
9.04200 1.302593e-04
9.04300 1.281920e-04
9.04400 1.309134e-04
9.04500 1.271354e-04
9.04600 1.283101e-04
9.04700 1.277518e-04
9.04800 1.326486e-04
9.04900 1.253854e-04
9.05000 1.253245e-04
9.05100 1.275085e-04
9.05200 1.277342e-04
9.05300 1.297971e-04
9.05400 1.279707e-04
9.05500 1.249628e-04
9.05600 1.324223e-04
9.05700 1.276972e-04
9.05800 1.310913e-04
9.05900 1.284226e-04
9.06000 1.284779e-04
9.06100 1.292422e-04
9.06200 1.287831e-04
9.06300 1.279909e-04
9.06400 1.329108e-04
9.06500 1.254307e-04
9.06600 1.263741e-04
9.06700 1.287611e-04
9.06800 1.316131e-04
9.06900 1.268629e-04
9.07000 1.311036e-04
9.07100 1.279263e-04
9.07200 1.317785e-04
9.07300 1.237466e-04
9.07400 1.284147e-04
9.07500 1.312013e-04
9.07600 1.298005e-04
9.07700 1.262759e-04
9.07800 1.296866e-04
9.07900 1.261647e-04
9.08000 1.270752e-04
9.08100 1.318204e-04
9.08200 1.264549e-04
9.08300 1.273073e-04
9.08400 1.287251e-04
9.08500 1.275858e-04
9.08600 1.267221e-04
9.08700 1.258046e-04
9.08800 1.280976e-04
9.08900 1.267019e-04
9.09000 1.289843e-04
9.09100 1.260265e-04
9.09200 1.248910e-04
9.09300 1.279402e-04
9.09400 1.269931e-04
9.09500 1.264069e-04
9.09600 1.287377e-04
9.09700 1.294127e-04
9.09800 1.315999e-04
9.09900 1.260418e-04
9.10000 1.288232e-04
9.10100 1.235970e-04
9.10200 1.287614e-04
9.10300 1.268998e-04
9.10400 1.312715e-04
9.10500 1.257630e-04
9.10600 1.289887e-04
9.10700 1.269657e-04
9.10800 1.254523e-04
9.10900 1.259700e-04
9.11000 1.268706e-04
9.11100 1.273238e-04
9.11200 1.286001e-04
9.11300 1.255821e-04
9.11400 1.285910e-04
9.11500 1.233295e-04
9.11600 1.265881e-04
9.11700 1.258798e-04
9.11800 1.289229e-04
9.11900 1.282066e-04
9.12000 1.259049e-04
9.12100 1.282404e-04
9.12200 1.294060e-04
9.12300 1.273680e-04
9.12400 1.253667e-04
9.12500 1.284084e-04
9.12600 1.291655e-04
9.12700 1.283413e-04
9.12800 1.285876e-04
9.12900 1.254088e-04
9.13000 1.274852e-04
9.13100 1.303735e-04
9.13200 1.247276e-04
9.13300 1.257390e-04
9.13400 1.255185e-04
9.13500 1.278547e-04
9.13600 1.297659e-04
9.13700 1.286795e-04
9.13800 1.289824e-04
9.13900 1.296374e-04
9.14000 1.258033e-04
9.14100 1.279816e-04
9.14200 1.277298e-04
9.14300 1.259503e-04
9.14400 1.271773e-04
9.14500 1.255526e-04
9.14600 1.265510e-04
9.14700 1.253863e-04
9.14800 1.276559e-04
9.14900 1.291635e-04
9.15000 1.266214e-04
9.15100 1.275943e-04
9.15200 1.244364e-04
9.15300 1.253060e-04
9.15400 1.283827e-04
9.15500 1.260053e-04
9.15600 1.256629e-04
9.15700 1.249180e-04
9.15800 1.275760e-04
9.15900 1.281746e-04
9.16000 1.263497e-04
9.16100 1.246561e-04
9.16200 1.241999e-04
9.16300 1.268177e-04
9.16400 1.267855e-04
9.16500 1.271983e-04
9.16600 1.256209e-04
9.16700 1.279432e-04
9.16800 1.264767e-04
9.16900 1.246350e-04
9.17000 1.271804e-04
9.17100 1.245111e-04
9.17200 1.260391e-04
9.17300 1.263690e-04
9.17400 1.240173e-04
9.17500 1.239078e-04
9.17600 1.266062e-04
9.17700 1.245638e-04
9.17800 1.292167e-04
9.17900 1.233376e-04
9.18000 1.257535e-04
9.18100 1.235702e-04
9.18200 1.259788e-04
9.18300 1.222432e-04
9.18400 1.269263e-04
9.18500 1.262531e-04
9.18600 1.257605e-04
9.18700 1.249007e-04
9.18800 1.255985e-04
9.18900 1.266448e-04
9.19000 1.235050e-04
9.19100 1.226952e-04
9.19200 1.267203e-04
9.19300 1.197146e-04
9.19400 1.249351e-04
9.19500 1.236036e-04
9.19600 1.242128e-04
9.19700 1.272200e-04
9.19800 1.253041e-04
9.19900 1.256129e-04
9.20000 1.264532e-04
9.20100 1.226460e-04
9.20200 1.251692e-04
9.20300 1.238836e-04
9.20400 1.240892e-04
9.20500 1.237455e-04
9.20600 1.216652e-04
9.20700 1.213830e-04
9.20800 1.245576e-04
9.20900 1.228503e-04
9.21000 1.248413e-04
9.21100 1.208580e-04
9.21200 1.250203e-04
9.21300 1.228510e-04
9.21400 1.243709e-04
9.21500 1.241985e-04
9.21600 1.239641e-04
9.21700 1.261453e-04
9.21800 1.232326e-04
9.21900 1.226416e-04
9.22000 1.229531e-04
9.22100 1.219502e-04
9.22200 1.257469e-04
9.22300 1.217727e-04
9.22400 1.224290e-04
9.22500 1.236118e-04
9.22600 1.267241e-04
9.22700 1.223805e-04
9.22800 1.273325e-04
9.22900 1.262000e-04
9.23000 1.251260e-04
9.23100 1.244382e-04
9.23200 1.266406e-04
9.23300 1.264787e-04
9.23400 1.263652e-04
9.23500 1.231640e-04
9.23600 1.269759e-04
9.23700 1.264034e-04
9.23800 1.244729e-04
9.23900 1.230082e-04
9.24000 1.235158e-04
9.24100 1.252207e-04
9.24200 1.233125e-04
9.24300 1.233122e-04
9.24400 1.218766e-04
9.24500 1.227414e-04
9.24600 1.250834e-04
9.24700 1.220953e-04
9.24800 1.277181e-04
9.24900 1.211453e-04
9.25000 1.228990e-04
9.25100 1.248949e-04
9.25200 1.231759e-04
9.25300 1.262564e-04
9.25400 1.214760e-04
9.25500 1.245036e-04
9.25600 1.212840e-04
9.25700 1.221556e-04
9.25800 1.213995e-04
9.25900 1.235341e-04
9.26000 1.233534e-04
9.26100 1.245890e-04
9.26200 1.281568e-04
9.26300 1.220117e-04
9.26400 1.258227e-04
9.26500 1.241133e-04
9.26600 1.252851e-04
9.26700 1.209924e-04
9.26800 1.259876e-04
9.26900 1.225691e-04
9.27000 1.248792e-04
9.27100 1.228779e-04
9.27200 1.237265e-04
9.27300 1.246820e-04
9.27400 1.191865e-04
9.27500 1.248213e-04
9.27600 1.229766e-04
9.27700 1.227644e-04
9.27800 1.238914e-04
9.27900 1.224875e-04
9.28000 1.210392e-04
9.28100 1.240770e-04
9.28200 1.226662e-04
9.28300 1.242789e-04
9.28400 1.219529e-04
9.28500 1.226894e-04
9.28600 1.248580e-04
9.28700 1.230713e-04
9.28800 1.197689e-04
9.28900 1.222208e-04
9.29000 1.236998e-04
9.29100 1.208410e-04
9.29200 1.210580e-04
9.29300 1.199921e-04
9.29400 1.234502e-04
9.29500 1.200409e-04
9.29600 1.198347e-04
9.29700 1.219386e-04
9.29800 1.236184e-04
9.29900 1.226469e-04
9.30000 1.235849e-04
9.30100 1.188178e-04
9.30200 1.213704e-04
9.30300 1.211743e-04
9.30400 1.249779e-04
9.30500 1.199831e-04
9.30600 1.208366e-04
9.30700 1.219076e-04
9.30800 1.235782e-04
9.30900 1.226499e-04
9.31000 1.223395e-04
9.31100 1.224904e-04
9.31200 1.234908e-04
9.31300 1.216361e-04
9.31400 1.248420e-04
9.31500 1.248055e-04
9.31600 1.247070e-04
9.31700 1.237894e-04
9.31800 1.240840e-04
9.31900 1.226030e-04
9.32000 1.220054e-04
9.32100 1.198936e-04
9.32200 1.232939e-04
9.32300 1.225202e-04
9.32400 1.223612e-04
9.32500 1.220593e-04
9.32600 1.234819e-04
9.32700 1.194813e-04
9.32800 1.189282e-04
9.32900 1.266148e-04
9.33000 1.180110e-04
9.33100 1.190632e-04
9.33200 1.204008e-04
9.33300 1.201641e-04
9.33400 1.243866e-04
9.33500 1.192128e-04
9.33600 1.206271e-04
9.33700 1.241260e-04
9.33800 1.242433e-04
9.33900 1.216293e-04
9.34000 1.239983e-04
9.34100 1.213308e-04
9.34200 1.225553e-04
9.34300 1.194037e-04
9.34400 1.227038e-04
9.34500 1.201556e-04
9.34600 1.217691e-04
9.34700 1.210898e-04
9.34800 1.212753e-04
9.34900 1.212152e-04
9.35000 1.214854e-04
9.35100 1.190756e-04
9.35200 1.197920e-04
9.35300 1.191746e-04
9.35400 1.211279e-04
9.35500 1.192744e-04
9.35600 1.222352e-04
9.35700 1.221453e-04
9.35800 1.213459e-04
9.35900 1.201532e-04
9.36000 1.217610e-04
9.36100 1.206191e-04
9.36200 1.212208e-04
9.36300 1.223788e-04
9.36400 1.180225e-04
9.36500 1.184156e-04
9.36600 1.206520e-04
9.36700 1.232019e-04
9.36800 1.225501e-04
9.36900 1.226949e-04
9.37000 1.199862e-04
9.37100 1.202401e-04
9.37200 1.186091e-04
9.37300 1.178450e-04
9.37400 1.203388e-04
9.37500 1.222545e-04
9.37600 1.226755e-04
9.37700 1.196303e-04
9.37800 1.201618e-04
9.37900 1.174276e-04
9.38000 1.180137e-04
9.38100 1.199923e-04
9.38200 1.186589e-04
9.38300 1.220077e-04
9.38400 1.233948e-04
9.38500 1.177696e-04
9.38600 1.186012e-04
9.38700 1.166221e-04
9.38800 1.251181e-04
9.38900 1.221402e-04
9.39000 1.221835e-04
9.39100 1.205227e-04
9.39200 1.206413e-04
9.39300 1.179777e-04
9.39400 1.193929e-04
9.39500 1.177290e-04
9.39600 1.187694e-04
9.39700 1.204995e-04
9.39800 1.207591e-04
9.39900 1.184735e-04
9.40000 1.171214e-04
9.40100 1.219874e-04
9.40200 1.192435e-04
9.40300 1.183495e-04
9.40400 1.233065e-04
9.40500 1.199676e-04
9.40600 1.192292e-04
9.40700 1.222410e-04
9.40800 1.211089e-04
9.40900 1.190998e-04
9.41000 1.196516e-04
9.41100 1.171010e-04
9.41200 1.222936e-04
9.41300 1.181624e-04
9.41400 1.216039e-04
9.41500 1.168327e-04
9.41600 1.203231e-04
9.41700 1.178638e-04
9.41800 1.188331e-04
9.41900 1.154459e-04
9.42000 1.201725e-04
9.42100 1.195665e-04
9.42200 1.208405e-04
9.42300 1.199950e-04
9.42400 1.204188e-04
9.42500 1.177961e-04
9.42600 1.202802e-04
9.42700 1.196437e-04
9.42800 1.181964e-04
9.42900 1.179493e-04
9.43000 1.169313e-04
9.43100 1.166588e-04
9.43200 1.189941e-04
9.43300 1.185396e-04
9.43400 1.200419e-04
9.43500 1.179706e-04
9.43600 1.185841e-04
9.43700 1.204253e-04
9.43800 1.188226e-04
9.43900 1.187490e-04
9.44000 1.176320e-04
9.44100 1.189913e-04
9.44200 1.198174e-04
9.44300 1.187983e-04
9.44400 1.202394e-04
9.44500 1.198009e-04
9.44600 1.209415e-04
9.44700 1.198596e-04
9.44800 1.189654e-04
9.44900 1.187823e-04
9.45000 1.208385e-04
9.45100 1.173713e-04
9.45200 1.196519e-04
9.45300 1.178450e-04
9.45400 1.187336e-04
9.45500 1.204098e-04
9.45600 1.185310e-04
9.45700 1.168542e-04
9.45800 1.179869e-04
9.45900 1.160263e-04
9.46000 1.190263e-04
9.46100 1.188630e-04
9.46200 1.210576e-04
9.46300 1.210067e-04
9.46400 1.187346e-04
9.46500 1.197689e-04
9.46600 1.216810e-04
9.46700 1.174567e-04
9.46800 1.205284e-04
9.46900 1.169169e-04
9.47000 1.190905e-04
9.47100 1.176710e-04
9.47200 1.188217e-04
9.47300 1.177425e-04
9.47400 1.169649e-04
9.47500 1.176046e-04
9.47600 1.181603e-04
9.47700 1.155906e-04
9.47800 1.174012e-04
9.47900 1.152862e-04
9.48000 1.154275e-04
9.48100 1.155865e-04
9.48200 1.203229e-04
9.48300 1.132225e-04
9.48400 1.196067e-04
9.48500 1.158860e-04
9.48600 1.182253e-04
9.48700 1.171354e-04
9.48800 1.174344e-04
9.48900 1.155594e-04
9.49000 1.200986e-04
9.49100 1.132770e-04
9.49200 1.171235e-04
9.49300 1.175679e-04
9.49400 1.172557e-04
9.49500 1.132285e-04
9.49600 1.175477e-04
9.49700 1.170854e-04
9.49800 1.178902e-04
9.49900 1.161127e-04
9.50000 1.164047e-04
9.50100 1.163859e-04
9.50200 1.166664e-04
9.50300 1.157744e-04
9.50400 1.156952e-04
9.50500 1.192312e-04
9.50600 1.167386e-04
9.50700 1.170014e-04
9.50800 1.171647e-04
9.50900 1.182775e-04
9.51000 1.189360e-04
9.51100 1.156613e-04
9.51200 1.160652e-04
9.51300 1.158229e-04
9.51400 1.194217e-04
9.51500 1.181627e-04
9.51600 1.183218e-04
9.51700 1.159442e-04
9.51800 1.142685e-04
9.51900 1.188820e-04
9.52000 1.187006e-04
9.52100 1.169367e-04
9.52200 1.168324e-04
9.52300 1.157526e-04
9.52400 1.155525e-04
9.52500 1.146729e-04
9.52600 1.173918e-04
9.52700 1.166591e-04
9.52800 1.182503e-04
9.52900 1.158495e-04
9.53000 1.214781e-04
9.53100 1.159996e-04
9.53200 1.172855e-04
9.53300 1.178385e-04
9.53400 1.185184e-04
9.53500 1.164042e-04
9.53600 1.158457e-04
9.53700 1.146142e-04
9.53800 1.169115e-04
9.53900 1.142203e-04
9.54000 1.187187e-04
9.54100 1.165589e-04
9.54200 1.196413e-04
9.54300 1.146142e-04
9.54400 1.142719e-04
9.54500 1.149972e-04
9.54600 1.165408e-04
9.54700 1.158138e-04
9.54800 1.180499e-04
9.54900 1.116856e-04
9.55000 1.166652e-04
9.55100 1.159804e-04
9.55200 1.157612e-04
9.55300 1.133525e-04
9.55400 1.192165e-04
9.55500 1.165174e-04
9.55600 1.190713e-04
9.55700 1.144389e-04
9.55800 1.176358e-04
9.55900 1.147540e-04
9.56000 1.173060e-04
9.56100 1.180539e-04
9.56200 1.167006e-04
9.56300 1.177745e-04
9.56400 1.164307e-04
9.56500 1.143987e-04
9.56600 1.147942e-04
9.56700 1.156969e-04
9.56800 1.163238e-04
9.56900 1.166731e-04
9.57000 1.181693e-04
9.57100 1.152270e-04
9.57200 1.168392e-04
9.57300 1.154514e-04
9.57400 1.154473e-04
9.57500 1.171407e-04
9.57600 1.148044e-04
9.57700 1.159841e-04
9.57800 1.172780e-04
9.57900 1.135042e-04
9.58000 1.167052e-04
9.58100 1.147655e-04
9.58200 1.181522e-04
9.58300 1.124355e-04
9.58400 1.158811e-04
9.58500 1.149521e-04
9.58600 1.150350e-04
9.58700 1.147252e-04
9.58800 1.161914e-04
9.58900 1.136417e-04
9.59000 1.138629e-04
9.59100 1.163421e-04
9.59200 1.148369e-04
9.59300 1.171525e-04
9.59400 1.154842e-04
9.59500 1.150760e-04
9.59600 1.135888e-04
9.59700 1.131172e-04
9.59800 1.181135e-04
9.59900 1.164069e-04
9.60000 1.128414e-04
9.60100 1.156467e-04
9.60200 1.136506e-04
9.60300 1.165084e-04
9.60400 1.148214e-04
9.60500 1.158737e-04
9.60600 1.157911e-04
9.60700 1.150499e-04
9.60800 1.155278e-04
9.60900 1.150146e-04
9.61000 1.167715e-04
9.61100 1.173730e-04
9.61200 1.164057e-04
9.61300 1.125410e-04
9.61400 1.166910e-04
9.61500 1.130163e-04
9.61600 1.146926e-04
9.61700 1.139318e-04
9.61800 1.142853e-04
9.61900 1.129547e-04
9.62000 1.157353e-04
9.62100 1.156868e-04
9.62200 1.153777e-04
9.62300 1.123826e-04
9.62400 1.138172e-04
9.62500 1.148495e-04
9.62600 1.150713e-04
9.62700 1.113262e-04
9.62800 1.194841e-04
9.62900 1.167884e-04
9.63000 1.129628e-04
9.63100 1.148206e-04
9.63200 1.136509e-04
9.63300 1.134388e-04
9.63400 1.140017e-04
9.63500 1.135225e-04
9.63600 1.150870e-04
9.63700 1.129307e-04
9.63800 1.140436e-04
9.63900 1.150098e-04
9.64000 1.147095e-04
9.64100 1.145083e-04
9.64200 1.145432e-04
9.64300 1.103940e-04
9.64400 1.163161e-04
9.64500 1.128178e-04
9.64600 1.149638e-04
9.64700 1.136099e-04
9.64800 1.148072e-04
9.64900 1.161912e-04
9.65000 1.145574e-04
9.65100 1.114210e-04
9.65200 1.119845e-04
9.65300 1.138352e-04
9.65400 1.155377e-04
9.65500 1.132100e-04
9.65600 1.149591e-04
9.65700 1.124296e-04
9.65800 1.164636e-04
9.65900 1.150956e-04
9.66000 1.146912e-04
9.66100 1.145953e-04
9.66200 1.111542e-04
9.66300 1.091960e-04
9.66400 1.158966e-04
9.66500 1.140370e-04
9.66600 1.145764e-04
9.66700 1.110920e-04
9.66800 1.162976e-04
9.66900 1.115141e-04
9.67000 1.153365e-04
9.67100 1.114813e-04
9.67200 1.158770e-04
9.67300 1.126436e-04
9.67400 1.152847e-04
9.67500 1.138707e-04
9.67600 1.132951e-04
9.67700 1.089542e-04
9.67800 1.127332e-04
9.67900 1.108243e-04
9.68000 1.108261e-04
9.68100 1.141662e-04
9.68200 1.152902e-04
9.68300 1.119496e-04
9.68400 1.142915e-04
9.68500 1.120849e-04
9.68600 1.145309e-04
9.68700 1.120031e-04
9.68800 1.155580e-04
9.68900 1.121585e-04
9.69000 1.136299e-04
9.69100 1.115976e-04
9.69200 1.132888e-04
9.69300 1.105758e-04
9.69400 1.112114e-04
9.69500 1.123780e-04
9.69600 1.165642e-04
9.69700 1.117955e-04
9.69800 1.130188e-04
9.69900 1.106140e-04
9.70000 1.142546e-04
9.70100 1.113513e-04
9.70200 1.130581e-04
9.70300 1.134486e-04
9.70400 1.157341e-04
9.70500 1.122507e-04
9.70600 1.137139e-04
9.70700 1.107139e-04
9.70800 1.127866e-04
9.70900 1.121726e-04
9.71000 1.112202e-04
9.71100 1.093240e-04
9.71200 1.127073e-04
9.71300 1.138430e-04
9.71400 1.155539e-04
9.71500 1.142894e-04
9.71600 1.126467e-04
9.71700 1.120911e-04
9.71800 1.098694e-04
9.71900 1.140003e-04
9.72000 1.130100e-04
9.72100 1.126383e-04
9.72200 1.105854e-04
9.72300 1.113007e-04
9.72400 1.151392e-04
9.72500 1.120014e-04
9.72600 1.127753e-04
9.72700 1.105965e-04
9.72800 1.138773e-04
9.72900 1.092635e-04
9.73000 1.112662e-04
9.73100 1.108533e-04
9.73200 1.152865e-04
9.73300 1.128947e-04
9.73400 1.128949e-04
9.73500 1.101915e-04
9.73600 1.124396e-04
9.73700 1.135600e-04
9.73800 1.112960e-04
9.73900 1.114504e-04
9.74000 1.119880e-04
9.74100 1.069440e-04
9.74200 1.149031e-04
9.74300 1.093057e-04
9.74400 1.153456e-04
9.74500 1.108766e-04
9.74600 1.120513e-04
9.74700 1.092101e-04
9.74800 1.146966e-04
9.74900 1.132900e-04
9.75000 1.103862e-04
9.75100 1.129319e-04
9.75200 1.069657e-04
9.75300 1.133137e-04
9.75400 1.123944e-04
9.75500 1.093091e-04
9.75600 1.085956e-04
9.75700 1.117030e-04
9.75800 1.118209e-04
9.75900 1.104356e-04
9.76000 1.121004e-04
9.76100 1.068448e-04
9.76200 1.164240e-04
9.76300 1.071315e-04
9.76400 1.115030e-04
9.76500 1.093797e-04
9.76600 1.134628e-04
9.76700 1.111649e-04
9.76800 1.138480e-04
9.76900 1.104728e-04
9.77000 1.112630e-04
9.77100 1.123814e-04
9.77200 1.125522e-04
9.77300 1.121989e-04
9.77400 1.130511e-04
9.77500 1.109127e-04
9.77600 1.088224e-04
9.77700 1.117163e-04
9.77800 1.108158e-04
9.77900 1.103564e-04
9.78000 1.113097e-04
9.78100 1.136415e-04
9.78200 1.103753e-04
9.78300 1.124265e-04
9.78400 1.119239e-04
9.78500 1.067830e-04
9.78600 1.107041e-04
9.78700 1.129082e-04
9.78800 1.108136e-04
9.78900 1.082357e-04
9.79000 1.119542e-04
9.79100 1.099688e-04
9.79200 1.075049e-04
9.79300 1.091275e-04
9.79400 1.101751e-04
9.79500 1.117953e-04
9.79600 1.113294e-04
9.79700 1.103318e-04
9.79800 1.139191e-04
9.79900 1.122488e-04
9.80000 1.124146e-04
9.80100 1.095420e-04
9.80200 1.084349e-04
9.80300 1.094640e-04
9.80400 1.116174e-04
9.80500 1.097376e-04
9.80600 1.077678e-04
9.80700 1.137027e-04
9.80800 1.105425e-04
9.80900 1.095197e-04
9.81000 1.104936e-04
9.81100 1.098816e-04
9.81200 1.119325e-04
9.81300 1.103109e-04
9.81400 1.097982e-04
9.81500 1.110175e-04
9.81600 1.106434e-04
9.81700 1.102782e-04
9.81800 1.102821e-04
9.81900 1.097303e-04
9.82000 1.097251e-04
9.82100 1.062705e-04
9.82200 1.104008e-04
9.82300 1.085415e-04
9.82400 1.113679e-04
9.82500 1.109271e-04
9.82600 1.078688e-04
9.82700 1.122166e-04
9.82800 1.104924e-04
9.82900 1.099979e-04
9.83000 1.078704e-04
9.83100 1.083328e-04
9.83200 1.100078e-04
9.83300 1.093277e-04
9.83400 1.108098e-04
9.83500 1.074720e-04
9.83600 1.108237e-04
9.83700 1.065576e-04
9.83800 1.104604e-04
9.83900 1.096489e-04
9.84000 1.109456e-04
9.84100 1.073573e-04
9.84200 1.091556e-04
9.84300 1.087069e-04
9.84400 1.097982e-04
9.84500 1.110840e-04
9.84600 1.089349e-04
9.84700 1.099175e-04
9.84800 1.120012e-04
9.84900 1.088081e-04
9.85000 1.137452e-04
9.85100 1.090905e-04
9.85200 1.109387e-04
9.85300 1.101587e-04
9.85400 1.109138e-04
9.85500 1.117921e-04
9.85600 1.093589e-04
9.85700 1.067309e-04
9.85800 1.064362e-04
9.85900 1.068207e-04
9.86000 1.094133e-04
9.86100 1.112435e-04
9.86200 1.090340e-04
9.86300 1.104334e-04
9.86400 1.057722e-04
9.86500 1.105897e-04
9.86600 1.095221e-04
9.86700 1.050514e-04
9.86800 1.077376e-04
9.86900 1.086483e-04
9.87000 1.102925e-04
9.87100 1.080645e-04
9.87200 1.100726e-04
9.87300 1.051270e-04
9.87400 1.079385e-04
9.87500 1.099498e-04
9.87600 1.077372e-04
9.87700 1.072716e-04
9.87800 1.068833e-04
9.87900 1.082573e-04
9.88000 1.079162e-04
9.88100 1.071938e-04
9.88200 1.099696e-04
9.88300 1.068415e-04
9.88400 1.066848e-04
9.88500 1.091136e-04
9.88600 1.100603e-04
9.88700 1.074855e-04
9.88800 1.099240e-04
9.88900 1.078840e-04
9.89000 1.095439e-04
9.89100 1.086199e-04
9.89200 1.102244e-04
9.89300 1.067035e-04
9.89400 1.082536e-04
9.89500 1.079117e-04
9.89600 1.123266e-04
9.89700 1.083878e-04
9.89800 1.080038e-04
9.89900 1.056557e-04
9.90000 1.109471e-04
9.90100 1.059544e-04
9.90200 1.078749e-04
9.90300 1.060213e-04
9.90400 1.099764e-04
9.90500 1.086283e-04
9.90600 1.082258e-04
9.90700 1.071447e-04
9.90800 1.082624e-04
9.90900 1.117794e-04
9.91000 1.067401e-04
9.91100 1.070897e-04
9.91200 1.086782e-04
9.91300 1.058183e-04
9.91400 1.095030e-04
9.91500 1.060524e-04
9.91600 1.077724e-04
9.91700 1.075137e-04
9.91800 1.100226e-04
9.91900 1.078689e-04
9.92000 1.062292e-04
9.92100 1.083696e-04
9.92200 1.082321e-04
9.92300 1.067687e-04
9.92400 1.083934e-04
9.92500 1.090294e-04
9.92600 1.088928e-04
9.92700 1.047007e-04
9.92800 1.098255e-04
9.92900 1.044000e-04
9.93000 1.084598e-04
9.93100 1.080800e-04
9.93200 1.076553e-04
9.93300 1.096458e-04
9.93400 1.102147e-04
9.93500 1.058502e-04
9.93600 1.075991e-04
9.93700 1.081053e-04
9.93800 1.050915e-04
9.93900 1.073689e-04
9.94000 1.089861e-04
9.94100 1.079402e-04
9.94200 1.084452e-04
9.94300 1.076827e-04
9.94400 1.102891e-04
9.94500 1.072472e-04
9.94600 1.066478e-04
9.94700 1.080585e-04
9.94800 1.073809e-04
9.94900 1.089880e-04
9.95000 1.077482e-04
9.95100 1.058736e-04
9.95200 1.061949e-04
9.95300 1.076243e-04
9.95400 1.051022e-04
9.95500 1.101941e-04
9.95600 1.061972e-04
9.95700 1.023485e-04
9.95800 1.078591e-04
9.95900 1.043383e-04
9.96000 1.067489e-04
9.96100 1.038968e-04
9.96200 1.088125e-04
9.96300 1.067358e-04
9.96400 1.068628e-04
9.96500 1.054038e-04
9.96600 1.088500e-04
9.96700 1.079668e-04
9.96800 1.087572e-04
9.96900 1.054169e-04
9.97000 1.081711e-04
9.97100 1.077691e-04
9.97200 1.053269e-04
9.97300 1.039472e-04
9.97400 1.038547e-04
9.97500 1.051727e-04
9.97600 1.081163e-04
9.97700 1.059361e-04
9.97800 1.087617e-04
9.97900 1.054735e-04
9.98000 1.086778e-04
9.98100 1.060307e-04
9.98200 1.103341e-04
9.98300 1.061430e-04
9.98400 1.073924e-04
9.98500 1.056880e-04
9.98600 1.108448e-04
9.98700 1.073228e-04
9.98800 1.079785e-04
9.98900 1.055909e-04
9.99000 1.072377e-04
9.99100 1.055114e-04
9.99200 1.087711e-04
9.99300 1.025621e-04
9.99400 1.072513e-04
9.99500 1.054388e-04
9.99600 1.084658e-04
9.99700 1.054603e-04
9.99800 1.048486e-04
9.99900 1.067353e-04
10.00000 1.063335e-04
